timestamp,NO level  (µg/m³),PM₁₀ level  (µg/m³),NO₂ level  (µg/m³),NOx level  (µg/m³),StationName,PostCodes
01-02-2020 00:00,2.49728,8.7,10.92603,14.75513,BUR1,M26 4DF
01-02-2020 01:00,2.39036,17.4,9.43068,13.09585,BUR1,M26 4DF
01-02-2020 02:00,0.95213,26.1,6.17366,7.63357,BUR1,M26 4DF
01-02-2020 03:00,0.28319,29,3.31961,3.75382,BUR1,M26 4DF
01-02-2020 04:00,0.45042,33.8,2.55269,3.24333,BUR1,M26 4DF
01-02-2020 05:00,0.21629,30.9,1.83966,2.1713,BUR1,M26 4DF
01-02-2020 06:00,0.45042,25.1,3.06319,3.75382,BUR1,M26 4DF
01-02-2020 07:00,0.65111,21.3,7.09467,8.09302,BUR1,M26 4DF
01-02-2020 08:00,0.91868,17.4,9.33895,10.74758,BUR1,M26 4DF
01-02-2020 09:00,1.18626,10.6,7.85664,9.67554,BUR1,M26 4DF
01-02-2020 10:00,1.68797,11.6,7.39366,9.98184,BUR1,M26 4DF
01-02-2020 11:00,2.55759,27.1,7.64278,11.56437,BUR1,M26 4DF
01-02-2020 12:00,2.15623,21.3,7.9519,11.25807,BUR1,M26 4DF
01-02-2020 13:00,1.8552,16.4,7.39248,10.23709,BUR1,M26 4DF
01-02-2020 14:00,2.25657,16.4,6.21552,9.67554,BUR1,M26 4DF
01-02-2020 15:00,1.88865,14.5,7.74959,10.64548,BUR1,M26 4DF
01-02-2020 16:00,1.8552,5.8,8.56661,11.41122,BUR1,M26 4DF
01-02-2020 17:00,2.39036,14.5,9.89013,13.55529,BUR1,M26 4DF
01-02-2020 18:00,3.22654,15.5,15.09126,20.03855,BUR1,M26 4DF
01-02-2020 19:00,3.72825,18.4,15.44507,21.16164,BUR1,M26 4DF
01-02-2020 20:00,3.6948,13.5,17.89567,23.56095,BUR1,M26 4DF
01-02-2020 21:00,4.22995,14.5,20.18912,26.67496,BUR1,M26 4DF
01-02-2020 22:00,5.26682,14.5,23.14268,31.21835,BUR1,M26 4DF
01-02-2020 23:00,1.32005,14.5,17.60611,19.63016,BUR1,M26 4DF
02-02-2020 00:00,5.82427,17.4,25.40193,34.33235,BUR1,M26 4DF
02-02-2020 01:00,10.10606,19.3,44.08184,59.57758,BUR1,M26 4DF
02-02-2020 02:00,14.56986,20.3,42.75514,65.09528,BUR1,M26 4DF
02-02-2020 03:00,1.58019,8.7,24.49121,26.91413,BUR1,M26 4DF
02-02-2020 04:00,4.55978,10.6,18.59424,25.5858,BUR1,M26 4DF
02-02-2020 05:00,4.55978,12.6,20.17802,27.16958,BUR1,M26 4DF
02-02-2020 06:00,0.27452,8.7,5.44418,5.86512,BUR1,M26 4DF
02-02-2020 07:00,1.37932,3.9,7.93956,10.05448,BUR1,M26 4DF
02-02-2020 08:00,5.59761,7.7,15.26586,23.84874,BUR1,M26 4DF
02-02-2020 09:00,9.34721,7.7,25.35441,39.6866,BUR1,M26 4DF
02-02-2020 10:00,7.57285,5.8,31.70244,43.31398,BUR1,M26 4DF
02-02-2020 11:00,8.64416,6.8,31.64357,44.89776,BUR1,M26 4DF
02-02-2020 12:00,5.49718,9.7,22.47026,30.89914,BUR1,M26 4DF
02-02-2020 13:00,7.53937,8.7,24.6012,36.1614,BUR1,M26 4DF
02-02-2020 14:00,5.83196,10.6,23.84725,32.78946,BUR1,M26 4DF
02-02-2020 15:00,2.14932,14.5,10.53955,13.83513,BUR1,M26 4DF
02-02-2020 16:00,2.01541,23.2,9.36546,12.45571,BUR1,M26 4DF
02-02-2020 17:00,3.25411,16.4,13.64801,18.63758,BUR1,M26 4DF
02-02-2020 18:00,3.65586,20.3,24.01633,29.62189,BUR1,M26 4DF
02-02-2020 19:00,5.83196,11.6,24.66469,33.6069,BUR1,M26 4DF
02-02-2020 20:00,1.44627,26.1,11.66863,13.88622,BUR1,M26 4DF
02-02-2020 21:00,2.51759,21.3,21.92991,25.79016,BUR1,M26 4DF
02-02-2020 22:00,1.91497,23.2,15.24152,18.17777,BUR1,M26 4DF
02-02-2020 23:00,1.21192,21.3,12.58995,14.44821,BUR1,M26 4DF
03-02-2020 00:00,1.04453,22.2,12.59117,14.19276,BUR1,M26 4DF
03-02-2020 01:00,0.36637,18.4,5.08303,5.6448,BUR1,M26 4DF
03-02-2020 02:00,0.0983,13.5,1.2673,1.41802,BUR1,M26 4DF
03-02-2020 03:00,0.19883,10.6,1.18133,1.48619,BUR1,M26 4DF
03-02-2020 04:00,0.19883,14.5,1.84602,2.15089,BUR1,M26 4DF
03-02-2020 05:00,0.29936,16.4,3.0724,3.53141,BUR1,M26 4DF
03-02-2020 06:00,1.00306,13.5,5.06122,6.59923,BUR1,M26 4DF
03-02-2020 07:00,1.17061,14.5,8.74136,10.53627,BUR1,M26 4DF
03-02-2020 08:00,3.38227,18.4,14.65594,19.84201,BUR1,M26 4DF
03-02-2020 09:00,2.30995,20.3,18.90778,22.44966,BUR1,M26 4DF
03-02-2020 10:00,3.38227,20.3,19.51333,24.69939,BUR1,M26 4DF
03-02-2020 11:00,3.98544,29,14.65142,20.76235,BUR1,M26 4DF
03-02-2020 12:00,6.66624,27.1,14.47797,24.69939,BUR1,M26 4DF
03-02-2020 13:00,4.82319,26.1,12.39542,19.79088,BUR1,M26 4DF
03-02-2020 14:00,5.42637,18.4,15.10082,23.42113,BUR1,M26 4DF
03-02-2020 15:00,6.5322,33.8,16.62646,26.64235,BUR1,M26 4DF
03-02-2020 16:00,7.97312,26.1,22.59793,34.82321,BUR1,M26 4DF
03-02-2020 17:00,6.93432,27.1,21.17405,31.80652,BUR1,M26 4DF
03-02-2020 18:00,5.79498,27.1,22.25631,31.14183,BUR1,M26 4DF
03-02-2020 19:00,5.22531,13.5,22.72075,30.73278,BUR1,M26 4DF
03-02-2020 20:00,3.18121,10.6,17.26509,22.14287,BUR1,M26 4DF
03-02-2020 21:00,4.01895,13.5,15.8783,22.04061,BUR1,M26 4DF
03-02-2020 22:00,2.04187,11.6,10.42214,13.55297,BUR1,M26 4DF
03-02-2020 23:00,1.63975,14.5,5.77229,8.28653,BUR1,M26 4DF
04-02-2020 00:00,1.00306,20.3,5.36801,6.90601,BUR1,M26 4DF
04-02-2020 01:00,0.76027,15.5,3.74668,4.91241,BUR1,M26 4DF
04-02-2020 02:00,0.52548,11.6,2.74213,3.54785,BUR1,M26 4DF
04-02-2020 03:00,0.32423,15.5,1.41323,1.91038,BUR1,M26 4DF
04-02-2020 04:00,0.55902,16.4,1.56494,2.42209,BUR1,M26 4DF
04-02-2020 05:00,0.29069,16.4,1.36232,1.80804,BUR1,M26 4DF
04-02-2020 06:00,1.19631,18.4,2.37877,4.21308,BUR1,M26 4DF
04-02-2020 07:00,3.77898,15.5,5.73616,11.53052,BUR1,M26 4DF
04-02-2020 08:00,6.02625,23.2,12.93397,22.17408,BUR1,M26 4DF
04-02-2020 09:00,11.29223,22.2,22.82058,40.13509,BUR1,M26 4DF
04-02-2020 10:00,7.90456,9.7,20.44163,32.56179,BUR1,M26 4DF
04-02-2020 11:00,8.10581,21.3,23.61268,36.04141,BUR1,M26 4DF
04-02-2020 12:00,12.03013,31.9,23.48012,41.92607,BUR1,M26 4DF
04-02-2020 13:00,12.13076,16.4,23.99106,42.59129,BUR1,M26 4DF
04-02-2020 14:00,12.80158,16.4,18.76646,38.39527,BUR1,M26 4DF
04-02-2020 15:00,13.94198,17.4,15.8921,37.26951,BUR1,M26 4DF
04-02-2020 16:00,17.86631,21.3,22.92348,50.31811,BUR1,M26 4DF
04-02-2020 17:00,29.06909,19.3,33.68546,78.25745,BUR1,M26 4DF
04-02-2020 18:00,20.08003,18.4,33.65233,64.44129,BUR1,M26 4DF
04-02-2020 19:00,41.27811,23.2,57.28361,120.57583,BUR1,M26 4DF
04-02-2020 20:00,20.48253,22.2,49.2052,80.61131,BUR1,M26 4DF
04-02-2020 21:00,15.61905,18.4,41.20881,65.15768,BUR1,M26 4DF
04-02-2020 22:00,3.07462,16.4,27.69393,32.40827,BUR1,M26 4DF
04-02-2020 23:00,14.78052,17.4,33.5908,56.25394,BUR1,M26 4DF
05-02-2020 00:00,13.06991,20.3,40.71673,60.75698,BUR1,M26 4DF
05-02-2020 01:00,2.31875,20.3,23.3614,26.91677,BUR1,M26 4DF
05-02-2020 02:00,7.19797,24.2,33.29195,44.32868,BUR1,M26 4DF
05-02-2020 03:00,4.21001,22.2,33.00834,39.46359,BUR1,M26 4DF
05-02-2020 04:00,6.7951,18.4,32.16849,42.58749,BUR1,M26 4DF
05-02-2020 05:00,8.54088,19.3,35.58583,48.68166,BUR1,M26 4DF
05-02-2020 06:00,37.88335,25.1,42.06224,100.14923,BUR1,M26 4DF
05-02-2020 07:00,76.59258,25.1,48.9766,166.41692,BUR1,M26 4DF
05-02-2020 08:00,129.16731,19.3,66.99651,265.05028,BUR1,M26 4DF
05-02-2020 09:00,83.64283,9.7,69.30296,197.55352,BUR1,M26 4DF
05-02-2020 10:00,47.04867,9.7,60.57946,132.71975,BUR1,M26 4DF
05-02-2020 11:00,68.233,11.6,66.35227,170.97474,BUR1,M26 4DF
05-02-2020 12:00,37.31261,19.3,52.97481,110.18668,BUR1,M26 4DF
05-02-2020 13:00,24.01785,30,55.12852,91.95539,BUR1,M26 4DF
05-02-2020 14:00,39.49483,37.7,61.76591,122.32381,BUR1,M26 4DF
05-02-2020 15:00,8.44016,28,31.8994,44.8408,BUR1,M26 4DF
05-02-2020 16:00,5.45219,34.8,27.16039,35.5203,BUR1,M26 4DF
05-02-2020 17:00,8.5073,30.9,43.62631,56.67066,BUR1,M26 4DF
05-02-2020 18:00,31.33669,27.1,65.26167,113.31058,BUR1,M26 4DF
05-02-2020 19:00,124.23213,44.4,92.38528,282.87189,BUR1,M26 4DF
05-02-2020 20:00,148.33727,44.4,86.81723,314.26454,BUR1,M26 4DF
05-02-2020 21:00,149.00872,49.3,77.44021,305.91707,BUR1,M26 4DF
05-02-2020 22:00,167.0708,50.2,69.56428,325.73592,BUR1,M26 4DF
05-02-2020 23:00,177.27687,47.3,68.30561,340.12636,BUR1,M26 4DF
06-02-2020 00:00,140.68271,44.4,58.45545,274.16593,BUR1,M26 4DF
06-02-2020 01:00,127.67721,53.1,60.86033,256.62932,BUR1,M26 4DF
06-02-2020 02:00,78.97384,42.5,52.57778,173.66932,BUR1,M26 4DF
06-02-2020 03:00,84.5521,43.5,53.7283,183.37304,BUR1,M26 4DF
06-02-2020 04:00,98.0273,41.5,56.64256,206.94899,BUR1,M26 4DF
06-02-2020 05:00,92.71787,40.6,49.97173,192.13715,BUR1,M26 4DF
06-02-2020 06:00,102.295,37.7,49.48381,206.33397,BUR1,M26 4DF
06-02-2020 07:00,119.60106,36.7,52.52068,235.90641,BUR1,M26 4DF
06-02-2020 08:00,178.03838,39.6,54.09544,327.08382,BUR1,M26 4DF
06-02-2020 09:00,304.62459,53.1,78.69185,545.77637,BUR1,M26 4DF
06-02-2020 10:00,164.36156,38.6,68.1985,320.21605,BUR1,M26 4DF
06-02-2020 11:00,61.46617,37.7,59.91256,154.15937,BUR1,M26 4DF
06-02-2020 12:00,73.42918,35.7,64.32544,176.91528,BUR1,M26 4DF
06-02-2020 13:00,75.61344,45.4,68.04907,183.98807,BUR1,M26 4DF
06-02-2020 14:00,94.26365,53.1,84.29804,228.83362,BUR1,M26 4DF
06-02-2020 15:00,67.14524,54.1,80.87972,183.83431,BUR1,M26 4DF
06-02-2020 16:00,64.82656,56,75.3121,174.71144,BUR1,M26 4DF
06-02-2020 17:00,35.65831,40.6,76.62564,131.30095,BUR1,M26 4DF
06-02-2020 18:00,222.66447,50.2,109.54596,450.96006,BUR1,M26 4DF
06-02-2020 19:00,224.41188,54.1,113.73442,457.82783,BUR1,M26 4DF
06-02-2020 20:00,168.83089,49.3,87.94544,346.81587,BUR1,M26 4DF
06-02-2020 21:00,162.58055,53.1,79.89846,329.18516,BUR1,M26 4DF
06-02-2020 22:00,140.87238,54.1,75.76985,291.77115,BUR1,M26 4DF
06-02-2020 23:00,127.5988,48.3,66.44744,262.09621,BUR1,M26 4DF
07-02-2020 00:00,119.097,51.2,53.85733,236.47018,BUR1,M26 4DF
07-02-2020 01:00,95.22839,37.7,49.00654,195.02136,BUR1,M26 4DF
07-02-2020 02:00,62.42272,34.8,41.34721,137.06071,BUR1,M26 4DF
07-02-2020 03:00,51.96212,30.9,43.53756,123.2117,BUR1,M26 4DF
07-02-2020 04:00,69.99067,30.9,41.48919,148.80671,BUR1,M26 4DF
07-02-2020 05:00,74.83416,42.5,40.3716,155.11571,BUR1,M26 4DF
07-02-2020 06:00,75.67504,28,46.93003,162.96348,BUR1,M26 4DF
07-02-2020 07:00,128.65071,41.5,56.33586,253.59753,BUR1,M26 4DF
07-02-2020 08:00,213.14269,42.5,90.25285,417.06709,BUR1,M26 4DF
07-02-2020 09:00,216.64077,48.3,108.79157,440.96945,BUR1,M26 4DF
07-02-2020 10:00,136.01685,38.6,91.97401,300.53027,BUR1,M26 4DF
07-02-2020 11:00,14.99688,30.9,37.38335,60.37825,BUR1,M26 4DF
07-02-2020 12:00,32.68907,null,49.69972,99.82227,BUR1,M26 4DF
07-02-2020 13:00,22.76664,57,48.60285,83.51122,BUR1,M26 4DF
07-02-2020 14:00,14.12236,35.7,38.36522,60.0192,BUR1,M26 4DF
07-02-2020 15:00,9.71613,30,36.50418,51.40204,BUR1,M26 4DF
07-02-2020 16:00,6.95803,32.9,36.11687,46.7857,BUR1,M26 4DF
07-02-2020 17:00,11.02791,36.7,52.34264,69.25187,BUR1,M26 4DF
07-02-2020 18:00,6.55441,28,53.14939,63.19934,BUR1,M26 4DF
07-02-2020 19:00,4.03176,26.1,43.52744,49.70938,BUR1,M26 4DF
07-02-2020 20:00,2.11454,23.2,32.46425,35.7065,BUR1,M26 4DF
07-02-2020 21:00,1.4082,27.1,28.11027,30.26948,BUR1,M26 4DF
07-02-2020 22:00,1.00458,22.2,24.36928,25.90961,BUR1,M26 4DF
07-02-2020 23:00,0.87003,23.2,19.34373,20.67776,BUR1,M26 4DF
08-02-2020 00:00,0.60095,20.3,14.67835,15.59979,BUR1,M26 4DF
08-02-2020 01:00,0.36809,23.2,11.74188,12.30627,BUR1,M26 4DF
08-02-2020 02:00,2.3432,14.5,8.98719,12.58005,BUR1,M26 4DF
08-02-2020 03:00,0.55887,10.6,7.01759,7.87451,BUR1,M26 4DF
08-02-2020 04:00,0.3232,19.3,12.61493,13.11049,BUR1,M26 4DF
08-02-2020 05:00,0.35687,17.4,8.04598,8.59317,BUR1,M26 4DF
08-02-2020 06:00,0.2222,9.7,5.94248,6.28318,BUR1,M26 4DF
08-02-2020 07:00,1.60254,11.6,14.86263,17.31981,BUR1,M26 4DF
08-02-2020 08:00,4.90187,10.6,36.18896,43.70506,BUR1,M26 4DF
08-02-2020 09:00,6.04654,10.6,30.12184,39.39307,BUR1,M26 4DF
08-02-2020 10:00,5.44054,13.5,23.55639,31.89843,BUR1,M26 4DF
08-02-2020 11:00,5.20487,17.4,16.62843,24.60912,BUR1,M26 4DF
08-02-2020 12:00,5.37321,12.6,15.44632,23.68512,BUR1,M26 4DF
08-02-2020 13:00,4.06021,19.3,11.35092,17.57648,BUR1,M26 4DF
08-02-2020 14:00,6.58521,26.1,14.61461,24.71179,BUR1,M26 4DF
08-02-2020 15:00,4.16121,22.2,10.93939,17.31981,BUR1,M26 4DF
08-02-2020 16:00,2.7472,16.4,11.05416,15.26648,BUR1,M26 4DF
08-02-2020 17:00,2.41054,16.4,10.03039,13.72649,BUR1,M26 4DF
08-02-2020 18:00,2.71354,12.6,10.07912,14.23982,BUR1,M26 4DF
08-02-2020 19:00,2.00654,10.6,10.70118,13.77782,BUR1,M26 4DF
08-02-2020 20:00,2.81454,9.7,11.36159,15.67715,BUR1,M26 4DF
08-02-2020 21:00,2.1412,10.6,8.6467,11.92983,BUR1,M26 4DF
08-02-2020 22:00,1.16487,10.6,8.0904,9.8765,BUR1,M26 4DF
08-02-2020 23:00,1.60254,13.5,7.00865,9.46584,BUR1,M26 4DF
09-02-2020 00:00,0.7272,9.7,5.83549,6.95051,BUR1,M26 4DF
09-02-2020 01:00,0.98848,6.8,5.60818,7.12382,BUR1,M26 4DF
09-02-2020 02:00,0.98848,4.8,4.23821,5.75386,BUR1,M26 4DF
09-02-2020 03:00,0.5504,5.8,3.09471,3.93865,BUR1,M26 4DF
09-02-2020 04:00,0.38191,3.9,2.8907,3.47629,BUR1,M26 4DF
09-02-2020 05:00,0.5167,1.9,2.78677,3.57904,BUR1,M26 4DF
09-02-2020 06:00,0.6178,1.9,3.24824,4.19552,BUR1,M26 4DF
09-02-2020 07:00,0.71889,1.9,2.78499,3.88728,BUR1,M26 4DF
09-02-2020 08:00,0.78629,2.9,2.9899,4.19552,BUR1,M26 4DF
09-02-2020 09:00,1.35916,2.9,3.80685,5.89085,BUR1,M26 4DF
09-02-2020 10:00,1.59504,1.9,4.47263,6.91833,BUR1,M26 4DF
09-02-2020 11:00,2.77447,5.8,5.02739,9.28152,BUR1,M26 4DF
09-02-2020 12:00,1.72983,8.7,6.01266,8.66504,BUR1,M26 4DF
09-02-2020 13:00,1.05587,6.8,5.45347,7.07245,BUR1,M26 4DF
09-02-2020 14:00,1.22436,8.7,6.7877,8.66504,BUR1,M26 4DF
09-02-2020 15:00,1.76353,23.2,4.98489,7.68893,BUR1,M26 4DF
09-02-2020 16:00,1.15697,12.6,5.6067,7.38069,BUR1,M26 4DF
09-02-2020 17:00,1.56134,13.5,6.63062,9.02465,BUR1,M26 4DF
09-02-2020 18:00,1.46025,20.3,8.06998,10.30899,BUR1,M26 4DF
09-02-2020 19:00,1.66244,13.5,6.01325,8.56229,BUR1,M26 4DF
09-02-2020 20:00,1.56134,15.5,5.91139,8.30542,BUR1,M26 4DF
09-02-2020 21:00,0.88738,16.4,4.78709,6.14772,BUR1,M26 4DF
09-02-2020 22:00,0.68519,16.4,3.81276,4.86338,BUR1,M26 4DF
09-02-2020 23:00,0.68519,17.4,3.40177,4.45239,BUR1,M26 4DF
10-02-2020 00:00,0.17972,8.7,2.58423,2.8598,BUR1,M26 4DF
10-02-2020 01:00,0.21587,14.5,2.08205,2.41304,BUR1,M26 4DF
10-02-2020 02:00,0.21587,16.4,1.87639,2.20739,BUR1,M26 4DF
10-02-2020 03:00,0.30581,12.6,1.78989,2.2588,BUR1,M26 4DF
10-02-2020 04:00,0.13717,14.5,2.20272,2.41304,BUR1,M26 4DF
10-02-2020 05:00,0.20463,19.3,1.99646,2.31021,BUR1,M26 4DF
10-02-2020 06:00,0.60938,13.5,2.66121,3.59557,BUR1,M26 4DF
10-02-2020 07:00,2.02601,15.5,6.71019,9.8167,BUR1,M26 4DF
10-02-2020 08:00,3.44265,18.4,11.2219,16.50056,BUR1,M26 4DF
10-02-2020 09:00,3.13909,18.4,10.0421,14.8553,BUR1,M26 4DF
10-02-2020 10:00,2.80179,15.5,9.37675,13.67277,BUR1,M26 4DF
10-02-2020 11:00,2.53196,27.1,7.63109,11.51337,BUR1,M26 4DF
10-02-2020 12:00,2.36331,27.1,8.91797,12.54166,BUR1,M26 4DF
10-02-2020 13:00,2.66687,19.3,11.33171,15.42086,BUR1,M26 4DF
10-02-2020 14:00,2.22839,18.4,16.27142,19.68824,BUR1,M26 4DF
10-02-2020 15:00,5.39896,23.2,26.67999,34.95828,BUR1,M26 4DF
10-02-2020 16:00,4.92675,19.3,18.6122,26.16644,BUR1,M26 4DF
10-02-2020 17:00,4.9942,14.5,22.46766,30.12534,BUR1,M26 4DF
10-02-2020 18:00,4.48826,6.8,13.52613,20.40804,BUR1,M26 4DF
10-02-2020 19:00,3.51011,21.3,12.40382,17.78591,BUR1,M26 4DF
10-02-2020 20:00,2.56569,21.3,10.5614,14.4954,BUR1,M26 4DF
10-02-2020 21:00,1.25024,22.2,5.3804,7.2974,BUR1,M26 4DF
10-02-2020 22:00,0.81176,24.2,4.97303,6.2177,BUR1,M26 4DF
10-02-2020 23:00,0.60938,27.1,3.22676,4.16113,BUR1,M26 4DF
11-02-2020 00:00,0.50819,23.2,2.35363,3.13284,BUR1,M26 4DF
11-02-2020 01:00,0.38712,29,2.04091,2.63449,BUR1,M26 4DF
11-02-2020 02:00,0.22957,25.1,1.76793,2.11994,BUR1,M26 4DF
11-02-2020 03:00,0.22957,23.2,1.20193,1.55394,BUR1,M26 4DF
11-02-2020 04:00,0.16205,24.2,1.20255,1.45103,BUR1,M26 4DF
11-02-2020 05:00,0.43214,26.1,1.86898,2.53158,BUR1,M26 4DF
11-02-2020 06:00,0.97231,26.1,3.40765,4.8985,BUR1,M26 4DF
11-02-2020 07:00,1.85009,21.3,8.03049,10.86726,BUR1,M26 4DF
11-02-2020 08:00,5.15865,18.4,14.02023,21.93005,BUR1,M26 4DF
11-02-2020 09:00,8.70353,18.4,20.98543,34.33066,BUR1,M26 4DF
11-02-2020 10:00,9.20994,13.5,19.28276,33.40448,BUR1,M26 4DF
11-02-2020 11:00,4.14583,16.4,12.74319,19.10003,BUR1,M26 4DF
11-02-2020 12:00,4.78728,19.3,12.01691,19.35731,BUR1,M26 4DF
11-02-2020 13:00,4.75352,19.3,12.2745,19.56313,BUR1,M26 4DF
11-02-2020 14:00,3.80822,14.5,10.84247,16.68166,BUR1,M26 4DF
11-02-2020 15:00,5.49626,13.5,14.01712,22.4446,BUR1,M26 4DF
11-02-2020 16:00,5.6313,17.4,13.96442,22.59896,BUR1,M26 4DF
11-02-2020 17:00,5.4625,23.2,16.48726,24.86297,BUR1,M26 4DF
11-02-2020 18:00,5.4625,22.2,15.92126,24.29697,BUR1,M26 4DF
11-02-2020 19:00,4.28087,23.2,14.80014,21.36404,BUR1,M26 4DF
11-02-2020 20:00,3.33557,17.4,11.6701,16.78457,BUR1,M26 4DF
11-02-2020 21:00,2.08642,17.4,9.36614,12.56527,BUR1,M26 4DF
11-02-2020 22:00,1.54624,19.3,6.84983,9.22071,BUR1,M26 4DF
11-02-2020 23:00,0.97231,14.5,5.87748,7.36833,BUR1,M26 4DF
12-02-2020 00:00,0.60094,20.3,3.92561,4.84705,BUR1,M26 4DF
12-02-2020 01:00,0.19825,13.5,2.209,2.51298,BUR1,M26 4DF
12-02-2020 02:00,0.37847,15.5,2.75659,3.3369,BUR1,M26 4DF
12-02-2020 03:00,0.1194,11.6,2.98217,3.16525,BUR1,M26 4DF
12-02-2020 04:00,0.25457,16.4,2.31146,2.70179,BUR1,M26 4DF
12-02-2020 05:00,0.35594,16.4,2.25901,2.80478,BUR1,M26 4DF
12-02-2020 06:00,0.76145,14.5,5.4479,6.61544,BUR1,M26 4DF
12-02-2020 07:00,3.66758,11.6,13.76276,19.38629,BUR1,M26 4DF
12-02-2020 08:00,5.42477,9.7,24.40574,32.7236,BUR1,M26 4DF
12-02-2020 09:00,6.43853,15.5,26.81647,36.68874,BUR1,M26 4DF
12-02-2020 10:00,7.013,9.7,22.74292,33.49603,BUR1,M26 4DF
12-02-2020 11:00,4.51238,13.5,12.36442,19.2833,BUR1,M26 4DF
12-02-2020 12:00,5.7289,9.7,13.84632,22.6305,BUR1,M26 4DF
12-02-2020 13:00,5.66131,13.5,14.77387,23.45443,BUR1,M26 4DF
12-02-2020 14:00,3.26207,13.5,8.92601,13.92778,BUR1,M26 4DF
12-02-2020 15:00,6.81025,12.6,17.23482,27.67705,BUR1,M26 4DF
12-02-2020 16:00,7.28334,16.4,18.26027,29.42789,BUR1,M26 4DF
12-02-2020 17:00,4.64755,16.4,16.99773,24.12387,BUR1,M26 4DF
12-02-2020 18:00,4.71513,11.6,27.55365,34.78341,BUR1,M26 4DF
12-02-2020 19:00,11.43977,11.6,57.56356,75.1043,BUR1,M26 4DF
12-02-2020 20:00,16.88031,18.4,82.43604,108.31882,BUR1,M26 4DF
12-02-2020 21:00,5.12064,19.3,61.43378,69.28532,BUR1,M26 4DF
12-02-2020 22:00,1.64005,15.5,40.45648,42.97118,BUR1,M26 4DF
12-02-2020 23:00,7.65505,15.5,42.45959,54.19717,BUR1,M26 4DF
13-02-2020 00:00,1.80901,13.5,24.90328,27.67705,BUR1,M26 4DF
13-02-2020 01:00,2.12863,12.6,23.93338,27.19723,BUR1,M26 4DF
13-02-2020 02:00,0.61784,10.6,13.77819,14.72554,BUR1,M26 4DF
13-02-2020 03:00,0.71931,5.8,7.69597,8.7989,BUR1,M26 4DF
13-02-2020 04:00,0.5502,3.9,6.56381,7.40743,BUR1,M26 4DF
13-02-2020 05:00,1.15902,1,6.60948,8.38662,BUR1,M26 4DF
13-02-2020 06:00,1.93696,-1,10.57024,13.54021,BUR1,M26 4DF
13-02-2020 07:00,1.22667,-1,21.19349,23.07436,BUR1,M26 4DF
13-02-2020 08:00,12.21931,5.8,53.6067,72.34271,BUR1,M26 4DF
13-02-2020 09:00,15.46637,7.7,62.80033,86.51509,BUR1,M26 4DF
13-02-2020 10:00,9.71637,7.7,40.95299,55.85121,BUR1,M26 4DF
13-02-2020 11:00,9.34431,8.7,34.46305,48.79079,BUR1,M26 4DF
13-02-2020 12:00,16.71784,14.5,42.79232,68.42598,BUR1,M26 4DF
13-02-2020 13:00,12.28696,13.5,40.67053,59.51026,BUR1,M26 4DF
13-02-2020 14:00,17.12372,12.6,35.36723,61.62323,BUR1,M26 4DF
13-02-2020 15:00,24.39577,16.4,32.77187,70.1782,BUR1,M26 4DF
13-02-2020 16:00,38.06047,16.4,44.13265,102.49123,BUR1,M26 4DF
13-02-2020 17:00,34.27224,13.5,56.5378,109.08783,BUR1,M26 4DF
13-02-2020 18:00,52.60458,13.5,58.83479,139.49403,BUR1,M26 4DF
13-02-2020 19:00,45.94135,12.6,56.4253,126.86772,BUR1,M26 4DF
13-02-2020 20:00,61.8384,24.2,78.94786,173.76542,BUR1,M26 4DF
13-02-2020 21:00,50.06782,18.4,70.97019,147.73978,BUR1,M26 4DF
13-02-2020 22:00,91.12956,26.1,72.12043,211.85048,BUR1,M26 4DF
13-02-2020 23:00,79.18986,21.3,68.21573,189.63849,BUR1,M26 4DF
14-02-2020 00:00,72.89869,30,58.58762,170.36405,BUR1,M26 4DF
14-02-2020 01:00,32.1847,26.1,50.7092,100.05838,BUR1,M26 4DF
14-02-2020 02:00,43.33424,22.2,44.65085,111.09575,BUR1,M26 4DF
14-02-2020 03:00,33.11007,18.4,43.35903,94.12709,BUR1,M26 4DF
14-02-2020 04:00,32.02671,21.3,42.38975,91.49669,BUR1,M26 4DF
14-02-2020 05:00,40.62585,24.2,47.35951,109.65161,BUR1,M26 4DF
14-02-2020 06:00,61.64973,22.2,50.96901,145.49727,BUR1,M26 4DF
14-02-2020 07:00,41.40451,13.5,46.88765,110.37368,BUR1,M26 4DF
14-02-2020 08:00,24.88333,14.5,57.82993,95.98384,BUR1,M26 4DF
14-02-2020 09:00,36.93567,11.6,55.54496,112.17886,BUR1,M26 4DF
14-02-2020 10:00,8.93769,8.7,34.67448,48.37874,BUR1,M26 4DF
14-02-2020 11:00,5.14594,null,31.99548,39.88582,BUR1,M26 4DF
14-02-2020 12:00,null,19.3,null,null,BUR1,M26 4DF
14-02-2020 13:00,3.52091,18.4,20.69905,26.0977,BUR1,M26 4DF
14-02-2020 14:00,2.60683,14.5,19.57338,23.57046,BUR1,M26 4DF
14-02-2020 15:00,6.66941,14.5,27.57928,37.80556,BUR1,M26 4DF
14-02-2020 16:00,5.24751,9.7,32.28675,40.33281,BUR1,M26 4DF
14-02-2020 17:00,5.01052,5.8,38.94245,46.62514,BUR1,M26 4DF
14-02-2020 18:00,7.48193,14.5,43.25052,54.72265,BUR1,M26 4DF
14-02-2020 19:00,5.99231,22.2,43.62624,52.81432,BUR1,M26 4DF
14-02-2020 20:00,5.65376,26.1,32.85009,41.51907,BUR1,M26 4DF
14-02-2020 21:00,4.46884,30,29.9219,36.77403,BUR1,M26 4DF
14-02-2020 22:00,3.4532,21.3,26.11525,31.41008,BUR1,M26 4DF
14-02-2020 23:00,2.43755,25.1,21.99914,25.73667,BUR1,M26 4DF
15-02-2020 00:00,2.33599,26.1,18.95713,22.53893,BUR1,M26 4DF
15-02-2020 01:00,3.30326,22.2,21.02894,26.09387,BUR1,M26 4DF
15-02-2020 02:00,2.2415,18.4,19.90379,23.34071,BUR1,M26 4DF
15-02-2020 03:00,6.20617,20.3,24.20071,33.7167,BUR1,M26 4DF
15-02-2020 04:00,4.85073,16.4,20.60062,28.03829,BUR1,M26 4DF
15-02-2020 05:00,2.2415,21.3,17.73568,21.17259,BUR1,M26 4DF
15-02-2020 06:00,9.527,16.4,28.03941,42.64727,BUR1,M26 4DF
15-02-2020 07:00,9.49311,17.4,28.34948,42.90538,BUR1,M26 4DF
15-02-2020 08:00,0.75051,2.9,13.87883,15.0296,BUR1,M26 4DF
15-02-2020 09:00,1.32658,2.9,14.28609,16.32014,BUR1,M26 4DF
15-02-2020 10:00,1.63155,2.9,16.34794,18.84961,BUR1,M26 4DF
15-02-2020 11:00,2.0043,3.9,11.44017,14.51338,BUR1,M26 4DF
15-02-2020 12:00,2.68202,5.8,11.02047,15.13284,BUR1,M26 4DF
15-02-2020 13:00,3.42751,2.9,11.32281,16.57825,BUR1,M26 4DF
15-02-2020 14:00,2.64813,-1.9,8.85269,12.9131,BUR1,M26 4DF
15-02-2020 15:00,3.49528,0,8.74105,14.1004,BUR1,M26 4DF
15-02-2020 16:00,4.24078,1.9,10.54042,17.04285,BUR1,M26 4DF
15-02-2020 17:00,2.78368,-1,10.09027,14.35851,BUR1,M26 4DF
15-02-2020 18:00,3.05476,1.9,9.46812,14.15203,BUR1,M26 4DF
15-02-2020 19:00,2.98699,4.8,9.21068,13.79067,BUR1,M26 4DF
15-02-2020 20:00,0.85217,2.9,6.28941,7.59606,BUR1,M26 4DF
15-02-2020 21:00,2.17373,9.7,10.14794,13.48094,BUR1,M26 4DF
15-02-2020 22:00,1.15715,7.7,9.28045,11.05472,BUR1,M26 4DF
15-02-2020 23:00,1.86875,8.7,11.44151,14.30689,BUR1,M26 4DF
16-02-2020 00:00,1.49601,10.6,7.57357,9.86742,BUR1,M26 4DF
16-02-2020 01:00,1.36674,5.8,5.97975,8.07538,BUR1,M26 4DF
16-02-2020 02:00,0.64317,5.8,5.1603,6.14648,BUR1,M26 4DF
16-02-2020 03:00,0.34922,4.8,10.94995,11.48542,BUR1,M26 4DF
16-02-2020 04:00,0.07788,0,8.00763,8.12705,BUR1,M26 4DF
16-02-2020 05:00,0.24747,2.9,5.99092,6.37037,BUR1,M26 4DF
16-02-2020 06:00,0.17964,3.9,8.83329,9.10873,BUR1,M26 4DF
16-02-2020 07:00,0.79015,4.8,2.88548,4.09701,BUR1,M26 4DF
16-02-2020 08:00,0.65448,4.8,4.79851,5.80203,BUR1,M26 4DF
16-02-2020 09:00,0.72231,4.8,4.59117,5.6987,BUR1,M26 4DF
16-02-2020 10:00,1.16323,10.6,5.20677,6.99038,BUR1,M26 4DF
16-02-2020 11:00,2.48601,12.6,10.46362,14.27544,BUR1,M26 4DF
16-02-2020 12:00,4.14795,10.6,10.75704,17.11714,BUR1,M26 4DF
16-02-2020 13:00,2.58776,14.5,16.766,20.73384,BUR1,M26 4DF
16-02-2020 14:00,3.02868,13.5,13.19656,17.84048,BUR1,M26 4DF
16-02-2020 15:00,2.11292,11.6,9.07233,12.31209,BUR1,M26 4DF
16-02-2020 16:00,3.40177,20.3,9.88614,15.10212,BUR1,M26 4DF
16-02-2020 17:00,1.26499,15.5,4.94742,6.88704,BUR1,M26 4DF
16-02-2020 18:00,1.36674,15.5,5.46308,7.55871,BUR1,M26 4DF
16-02-2020 19:00,1.90941,7.7,10.05604,12.98376,BUR1,M26 4DF
16-02-2020 20:00,0.95973,15.5,11.40886,12.88043,BUR1,M26 4DF
16-02-2020 21:00,1.40066,20.3,10.88779,13.03543,BUR1,M26 4DF
16-02-2020 22:00,0.82406,10.6,11.41022,12.67376,BUR1,M26 4DF
16-02-2020 23:00,0.51881,21.3,3.09485,3.89034,BUR1,M26 4DF
17-02-2020 00:00,0.21355,30.9,2.27122,2.59867,BUR1,M26 4DF
17-02-2020 01:00,0.15088,16.4,2.41173,2.64308,BUR1,M26 4DF
17-02-2020 02:00,0.15088,21.3,6.06608,6.29743,BUR1,M26 4DF
17-02-2020 03:00,0.04904,14.5,1.13718,1.21237,BUR1,M26 4DF
17-02-2020 04:00,0.32062,11.6,3.92693,4.41854,BUR1,M26 4DF
17-02-2020 05:00,-0.01886,19.3,2.37896,2.35005,BUR1,M26 4DF
17-02-2020 06:00,0.96564,21.3,12.86671,14.34734,BUR1,M26 4DF
17-02-2020 07:00,1.54277,22.2,13.58489,15.95043,BUR1,M26 4DF
17-02-2020 08:00,1.88225,10.6,12.65065,15.53673,BUR1,M26 4DF
17-02-2020 09:00,3.8852,9.7,24.52441,30.48164,BUR1,M26 4DF
17-02-2020 10:00,6.70292,10.6,24.54782,34.82549,BUR1,M26 4DF
17-02-2020 11:00,8.19665,12.6,28.77324,41.34126,BUR1,M26 4DF
17-02-2020 12:00,2.22173,17.4,11.613,15.0196,BUR1,M26 4DF
17-02-2020 13:00,3.30808,23.2,10.4127,15.48502,BUR1,M26 4DF
17-02-2020 14:00,3.71546,23.2,8.39182,14.08878,BUR1,M26 4DF
17-02-2020 15:00,4.25864,21.3,9.26547,15.79529,BUR1,M26 4DF
17-02-2020 16:00,2.79886,21.3,9.69384,13.98535,BUR1,M26 4DF
17-02-2020 17:00,2.45937,13.5,10.42122,14.1922,BUR1,M26 4DF
17-02-2020 18:00,2.52727,17.4,12.23048,16.10557,BUR1,M26 4DF
17-02-2020 19:00,2.62911,23.2,13.72912,17.76036,BUR1,M26 4DF
17-02-2020 20:00,1.88225,18.4,11.66812,14.55419,BUR1,M26 4DF
17-02-2020 21:00,1.06749,17.4,7.38416,9.02096,BUR1,M26 4DF
17-02-2020 22:00,1.20328,22.2,7.3828,9.22781,BUR1,M26 4DF
17-02-2020 23:00,1.10144,18.4,5.88416,7.57301,BUR1,M26 4DF
18-02-2020 00:00,0.42247,22.2,3.51221,4.15998,BUR1,M26 4DF
18-02-2020 01:00,0.11075,21.3,5.17466,5.34447,BUR1,M26 4DF
18-02-2020 02:00,0.06544,15.5,3.79491,3.89526,BUR1,M26 4DF
18-02-2020 03:00,0.19003,17.4,4.34574,4.63712,BUR1,M26 4DF
18-02-2020 04:00,0.15606,9.7,4.91542,5.15469,BUR1,M26 4DF
18-02-2020 05:00,0.19003,12.6,4.24222,4.5336,BUR1,M26 4DF
18-02-2020 06:00,0.25799,8.7,6.15657,6.55216,BUR1,M26 4DF
18-02-2020 07:00,1.2434,14.5,20.58704,22.49356,BUR1,M26 4DF
18-02-2020 08:00,2.84044,11.6,24.91856,29.27384,BUR1,M26 4DF
18-02-2020 09:00,3.72391,10.6,22.01119,27.7211,BUR1,M26 4DF
18-02-2020 10:00,4.43748,9.7,23.8155,30.61954,BUR1,M26 4DF
18-02-2020 11:00,2.77248,7.7,13.27374,17.52481,BUR1,M26 4DF
18-02-2020 12:00,2.67054,10.6,10.84215,14.93692,BUR1,M26 4DF
18-02-2020 13:00,3.75789,19.3,14.45421,20.21622,BUR1,M26 4DF
18-02-2020 14:00,2.22881,8.7,10.84661,14.26407,BUR1,M26 4DF
18-02-2020 15:00,2.50064,11.6,11.4132,15.24747,BUR1,M26 4DF
18-02-2020 16:00,3.92778,7.7,13.93491,19.95743,BUR1,M26 4DF
18-02-2020 17:00,4.70932,14.5,19.77565,26.99649,BUR1,M26 4DF
18-02-2020 18:00,6.64615,13.5,23.79318,33.9838,BUR1,M26 4DF
18-02-2020 19:00,4.13166,10.6,15.43383,21.76896,BUR1,M26 4DF
18-02-2020 20:00,2.70452,7.7,16.1211,20.26798,BUR1,M26 4DF
18-02-2020 21:00,1.85503,11.6,16.38848,19.23282,BUR1,M26 4DF
18-02-2020 22:00,2.84044,22.2,12.85899,17.21427,BUR1,M26 4DF
18-02-2020 23:00,1.5832,19.3,9.45568,11.88321,BUR1,M26 4DF
19-02-2020 00:00,0.49585,13.5,6.46472,7.22501,BUR1,M26 4DF
19-02-2020 01:00,0.70541,16.4,4.06801,5.14962,BUR1,M26 4DF
19-02-2020 02:00,0.11589,23.2,4.14307,4.32077,BUR1,M26 4DF
19-02-2020 03:00,0.39931,18.4,4.2956,4.90787,BUR1,M26 4DF
19-02-2020 04:00,0.22926,20.3,3.93471,4.28623,BUR1,M26 4DF
19-02-2020 05:00,-0.00882,21.3,3.4709,3.45738,BUR1,M26 4DF
19-02-2020 06:00,1.21557,22.2,7.08467,8.94852,BUR1,M26 4DF
19-02-2020 07:00,1.6237,23.2,14.07394,16.56358,BUR1,M26 4DF
19-02-2020 08:00,5.1268,22.2,18.90781,26.7688,BUR1,M26 4DF
19-02-2020 09:00,8.11975,16.4,36.85307,49.30317,BUR1,M26 4DF
19-02-2020 10:00,15.09194,19.3,48.90409,72.04475,BUR1,M26 4DF
19-02-2020 11:00,12.64317,23.2,38.36116,57.74708,BUR1,M26 4DF
19-02-2020 12:00,8.08573,25.1,30.89605,43.294,BUR1,M26 4DF
19-02-2020 13:00,4.92274,15.5,25.7479,33.29599,BUR1,M26 4DF
19-02-2020 14:00,3.66434,15.5,25.7607,31.37928,BUR1,M26 4DF
19-02-2020 15:00,4.24252,7.7,26.63547,33.14058,BUR1,M26 4DF
19-02-2020 16:00,3.69835,4.8,25.60495,31.27567,BUR1,M26 4DF
19-02-2020 17:00,5.33087,6.8,25.53654,33.71042,BUR1,M26 4DF
19-02-2020 18:00,6.52124,7.7,29.40967,39.40877,BUR1,M26 4DF
19-02-2020 19:00,3.86841,5.8,29.69567,35.62713,BUR1,M26 4DF
19-02-2020 20:00,4.65065,7.7,32.95131,40.08221,BUR1,M26 4DF
19-02-2020 21:00,3.2222,7.7,20.8957,25.83634,BUR1,M26 4DF
19-02-2020 22:00,1.52167,5.8,16.97596,19.30914,BUR1,M26 4DF
19-02-2020 23:00,1.11354,5.8,14.95979,16.66718,BUR1,M26 4DF
20-02-2020 00:00,1.65771,4.8,9.87754,12.41933,BUR1,M26 4DF
20-02-2020 01:00,0.93804,6.8,7.73311,9.17142,BUR1,M26 4DF
20-02-2020 02:00,0.40472,5.8,7.2028,7.82336,BUR1,M26 4DF
20-02-2020 03:00,0.26855,2.9,2.43413,2.84591,BUR1,M26 4DF
20-02-2020 04:00,0.0643,0,1.86589,1.96448,BUR1,M26 4DF
20-02-2020 05:00,0.23451,1,2.59002,2.9496,BUR1,M26 4DF
20-02-2020 06:00,1.5281,1.9,5.94694,8.29,BUR1,M26 4DF
20-02-2020 07:00,3.33232,5.8,11.78735,16.89684,BUR1,M26 4DF
20-02-2020 08:00,3.2302,3.9,14.58822,19.54112,BUR1,M26 4DF
20-02-2020 09:00,4.62591,3.9,16.69972,23.79269,BUR1,M26 4DF
20-02-2020 10:00,5.91951,2.9,21.04176,30.11821,BUR1,M26 4DF
20-02-2020 11:00,7.04289,5.8,17.08978,27.88872,BUR1,M26 4DF
20-02-2020 12:00,11.12792,6.8,19.95149,37.01406,BUR1,M26 4DF
20-02-2020 13:00,8.47265,15.5,23.81545,36.80666,BUR1,M26 4DF
20-02-2020 14:00,8.88115,12.6,16.81172,30.4293,BUR1,M26 4DF
20-02-2020 15:00,6.32801,11.6,12.01594,21.71875,BUR1,M26 4DF
20-02-2020 16:00,7.14502,11.6,14.44446,25.4,BUR1,M26 4DF
20-02-2020 17:00,10.58324,13.5,20.5274,36.75481,BUR1,M26 4DF
20-02-2020 18:00,9.56199,18.4,21.88591,36.54742,BUR1,M26 4DF
20-02-2020 19:00,5.30675,16.4,19.69997,27.83687,BUR1,M26 4DF
20-02-2020 20:00,3.60466,21.3,17.02126,22.54833,BUR1,M26 4DF
20-02-2020 21:00,2.1749,22.2,12.05844,15.39324,BUR1,M26 4DF
20-02-2020 22:00,1.63023,16.4,8.33092,10.83057,BUR1,M26 4DF
20-02-2020 23:00,1.01747,25.1,5.27813,6.83824,BUR1,M26 4DF
21-02-2020 00:00,0.54089,23.2,4.92007,5.74942,BUR1,M26 4DF
21-02-2020 01:00,0.67137,20.3,5.04409,6.0735,BUR1,M26 4DF
21-02-2020 02:00,0.44421,20.3,5.91132,6.59244,BUR1,M26 4DF
21-02-2020 03:00,0.47829,15.5,11.30793,12.04129,BUR1,M26 4DF
21-02-2020 04:00,0.81902,18.4,13.43207,14.68787,BUR1,M26 4DF
21-02-2020 05:00,0.23977,16.4,6.58805,6.95569,BUR1,M26 4DF
21-02-2020 06:00,1.36418,22.2,18.56394,20.65566,BUR1,M26 4DF
21-02-2020 07:00,2.59081,21.3,18.75888,22.73141,BUR1,M26 4DF
21-02-2020 08:00,3.51079,16.4,17.24449,22.62762,BUR1,M26 4DF
21-02-2020 09:00,2.04565,16.4,14.45731,17.59393,BUR1,M26 4DF
21-02-2020 10:00,2.93155,18.4,17.30235,21.79732,BUR1,M26 4DF
21-02-2020 11:00,2.38638,24.2,20.73296,24.39201,BUR1,M26 4DF
21-02-2020 12:00,4.53298,18.4,28.28735,35.23782,BUR1,M26 4DF
21-02-2020 13:00,4.83964,20.3,25.43003,32.85071,BUR1,M26 4DF
21-02-2020 14:00,3.27228,18.4,23.68178,28.6992,BUR1,M26 4DF
21-02-2020 15:00,5.11222,26.1,31.39502,39.23365,BUR1,M26 4DF
21-02-2020 16:00,6.13441,15.5,31.3326,40.73856,BUR1,M26 4DF
21-02-2020 17:00,8.00843,9.7,32.09171,44.37113,BUR1,M26 4DF
21-02-2020 18:00,7.94028,8.7,24.56781,36.74274,BUR1,M26 4DF
21-02-2020 19:00,4.87371,9.7,14.27251,21.74543,BUR1,M26 4DF
21-02-2020 20:00,3.85152,7.7,10.90994,16.81552,BUR1,M26 4DF
21-02-2020 21:00,1.94343,6.8,8.17921,11.15909,BUR1,M26 4DF
21-02-2020 22:00,1.50048,5.8,7.9762,10.2769,BUR1,M26 4DF
21-02-2020 23:00,0.95531,3.9,5.5947,7.05948,BUR1,M26 4DF
22-02-2020 00:00,0.61458,5.8,4.19707,5.13941,BUR1,M26 4DF
22-02-2020 01:00,0.49514,2.9,4.15,4.90921,BUR1,M26 4DF
22-02-2020 02:00,0.41557,4.8,3.16398,3.80118,BUR1,M26 4DF
22-02-2020 03:00,0.14273,3.9,9.13981,9.35866,BUR1,M26 4DF
22-02-2020 04:00,0.00632,1.9,9.03735,9.04703,BUR1,M26 4DF
22-02-2020 05:00,0.07452,4.8,1.66128,1.77555,BUR1,M26 4DF
22-02-2020 06:00,0.24505,9.7,2.02309,2.39882,BUR1,M26 4DF
22-02-2020 07:00,0.6543,16.4,3.26539,4.26863,BUR1,M26 4DF
22-02-2020 08:00,1.54101,15.5,5.80122,8.16407,BUR1,M26 4DF
22-02-2020 09:00,1.77974,14.5,6.99335,9.72224,BUR1,M26 4DF
22-02-2020 10:00,1.81384,10.6,6.11003,8.89121,BUR1,M26 4DF
22-02-2020 11:00,2.3254,9.7,6.36443,9.93,BUR1,M26 4DF
22-02-2020 12:00,2.22309,20.3,6.41743,9.82612,BUR1,M26 4DF
22-02-2020 13:00,2.97338,16.4,6.35771,10.91684,BUR1,M26 4DF
22-02-2020 14:00,2.70055,16.4,7.13963,11.28041,BUR1,M26 4DF
22-02-2020 15:00,2.2572,14.5,7.71555,11.17654,BUR1,M26 4DF
22-02-2020 16:00,2.73465,17.4,11.45022,15.6433,BUR1,M26 4DF
22-02-2020 17:00,2.70055,22.2,12.07385,16.21463,BUR1,M26 4DF
22-02-2020 18:00,3.65547,13.5,14.34928,19.95425,BUR1,M26 4DF
22-02-2020 19:00,1.71153,17.4,12.65542,15.27973,BUR1,M26 4DF
22-02-2020 20:00,1.13176,12.6,10.22029,11.95562,BUR1,M26 4DF
22-02-2020 21:00,1.33638,12.6,11.9841,14.03319,BUR1,M26 4DF
22-02-2020 22:00,1.84794,11.6,17.22465,20.05813,BUR1,M26 4DF
22-02-2020 23:00,0.75661,7.7,6.2768,7.43692,BUR1,M26 4DF
23-02-2020 00:00,0.96123,5.8,7.10571,8.57958,BUR1,M26 4DF
23-02-2020 01:00,1.45644,3.9,18.69923,20.93242,BUR1,M26 4DF
23-02-2020 02:00,1.27439,3.9,12.60162,14.55565,BUR1,M26 4DF
23-02-2020 03:00,0.421,3.9,7.01352,7.65905,BUR1,M26 4DF
23-02-2020 04:00,0.421,5.8,5.19406,5.83959,BUR1,M26 4DF
23-02-2020 05:00,2.29845,4.8,14.37575,17.89999,BUR1,M26 4DF
23-02-2020 06:00,6.4971,4.8,20.93402,30.89611,BUR1,M26 4DF
23-02-2020 07:00,6.80432,7.7,26.59713,37.03028,BUR1,M26 4DF
23-02-2020 08:00,1.71815,9.7,23.94694,26.5814,BUR1,M26 4DF
23-02-2020 09:00,1.51334,6.8,14.64385,16.96427,BUR1,M26 4DF
23-02-2020 10:00,2.33259,2.9,9.07298,12.64956,BUR1,M26 4DF
23-02-2020 11:00,5.8144,4.8,10.0244,18.93968,BUR1,M26 4DF
23-02-2020 12:00,5.74613,8.7,10.23305,19.04365,BUR1,M26 4DF
23-02-2020 13:00,6.66778,8.7,9.65161,19.8754,BUR1,M26 4DF
23-02-2020 14:00,5.95094,19.3,8.09955,17.22419,BUR1,M26 4DF
23-02-2020 15:00,5.3365,14.5,7.43015,15.61267,BUR1,M26 4DF
23-02-2020 16:00,5.30237,18.4,10.96545,19.09563,BUR1,M26 4DF
23-02-2020 17:00,9.36448,32.9,20.64422,35.00288,BUR1,M26 4DF
23-02-2020 18:00,6.12161,27.1,23.58914,32.97549,BUR1,M26 4DF
23-02-2020 19:00,7.41876,32.9,33.92054,45.29581,BUR1,M26 4DF
23-02-2020 20:00,11.58328,35.7,44.68991,62.45069,BUR1,M26 4DF
23-02-2020 21:00,20.1854,29,52.55389,83.5044,BUR1,M26 4DF
23-02-2020 22:00,7.52117,21.3,47.48742,59.01971,BUR1,M26 4DF
23-02-2020 23:00,5.37064,24.2,45.32648,53.56134,BUR1,M26 4DF
24-02-2020 00:00,2.70807,25.1,37.45259,41.60491,BUR1,M26 4DF
24-02-2020 01:00,6.97504,23.2,42.24445,52.93937,BUR1,M26 4DF
24-02-2020 02:00,3.46727,10.6,26.94978,32.26619,BUR1,M26 4DF
24-02-2020 03:00,0.08478,6.8,5.5663,5.6963,BUR1,M26 4DF
24-02-2020 04:00,0.39228,2.9,3.37783,3.97932,BUR1,M26 4DF
24-02-2020 05:00,2.47644,1.9,8.29881,12.09597,BUR1,M26 4DF
24-02-2020 06:00,10.71059,7.7,22.26053,38.6832,BUR1,M26 4DF
24-02-2020 07:00,31.68886,6.8,44.2053,92.7942,BUR1,M26 4DF
24-02-2020 08:00,86.90202,8.7,73.75172,206.99963,BUR1,M26 4DF
24-02-2020 09:00,34.69551,6.8,55.88049,109.07953,BUR1,M26 4DF
24-02-2020 10:00,8.42143,7.7,34.30342,47.21609,BUR1,M26 4DF
24-02-2020 11:00,6.84976,8.7,33.22727,43.73009,BUR1,M26 4DF
24-02-2020 12:00,2.88644,4.8,12.66501,17.09083,BUR1,M26 4DF
24-02-2020 13:00,2.16894,1,14.1814,17.50707,BUR1,M26 4DF
24-02-2020 14:00,2.03228,3.9,13.03818,16.15429,BUR1,M26 4DF
24-02-2020 15:00,2.98894,8.7,9.64621,14.22919,BUR1,M26 4DF
24-02-2020 16:00,5.61977,9.7,13.9371,22.55396,BUR1,M26 4DF
24-02-2020 17:00,6.23477,16.4,13.61848,23.17832,BUR1,M26 4DF
24-02-2020 18:00,5.03894,15.5,15.50409,23.23035,BUR1,M26 4DF
24-02-2020 19:00,4.18477,14.5,14.47244,20.88901,BUR1,M26 4DF
24-02-2020 20:00,3.91144,15.5,13.2266,19.22405,BUR1,M26 4DF
24-02-2020 21:00,2.54478,19.3,11.15973,15.06167,BUR1,M26 4DF
24-02-2020 22:00,2.20311,11.6,8.97806,12.35612,BUR1,M26 4DF
24-02-2020 23:00,1.04145,9.7,6.49281,8.08967,BUR1,M26 4DF
25-02-2020 00:00,0.59728,11.6,4.52033,5.43615,BUR1,M26 4DF
25-02-2020 01:00,0.28372,9.7,3.74642,4.18144,BUR1,M26 4DF
25-02-2020 02:00,0.19252,14.5,3.0704,3.3656,BUR1,M26 4DF
25-02-2020 03:00,0.15832,10.6,3.22699,3.46975,BUR1,M26 4DF
25-02-2020 04:00,0.12413,20.3,6.35186,6.54218,BUR1,M26 4DF
25-02-2020 05:00,0.36351,9.7,4.47463,5.032,BUR1,M26 4DF
25-02-2020 06:00,1.38944,10.6,8.83812,10.96857,BUR1,M26 4DF
25-02-2020 07:00,2.27858,5.8,13.41136,16.90513,BUR1,M26 4DF
25-02-2020 08:00,6.65589,4.8,28.46699,38.67254,BUR1,M26 4DF
25-02-2020 09:00,9.73369,10.6,28.38245,43.30723,BUR1,M26 4DF
25-02-2020 10:00,11.78555,10.6,26.48611,44.55704,BUR1,M26 4DF
25-02-2020 11:00,8.46837,11.6,15.11663,28.10129,BUR1,M26 4DF
25-02-2020 12:00,11.34098,8.7,25.29307,42.68233,BUR1,M26 4DF
25-02-2020 13:00,5.15119,9.7,19.42178,27.32016,BUR1,M26 4DF
25-02-2020 14:00,9.5627,5.8,23.22881,37.89142,BUR1,M26 4DF
25-02-2020 15:00,9.80208,3.9,19.11236,34.14201,BUR1,M26 4DF
25-02-2020 16:00,15.78669,9.7,31.7035,55.90942,BUR1,M26 4DF
25-02-2020 17:00,15.03434,16.4,43.84494,66.89727,BUR1,M26 4DF
25-02-2020 18:00,19.13807,11.6,52.28991,81.63454,BUR1,M26 4DF
25-02-2020 19:00,8.46837,21.3,51.30886,64.29351,BUR1,M26 4DF
25-02-2020 20:00,4.26205,12.6,25.88847,32.42353,BUR1,M26 4DF
25-02-2020 21:00,5.80095,8.7,26.96582,35.86049,BUR1,M26 4DF
25-02-2020 22:00,2.75735,10.6,17.52024,21.74812,BUR1,M26 4DF
25-02-2020 23:00,1.25265,7.7,10.29767,12.21837,BUR1,M26 4DF
26-02-2020 00:00,0.5003,15.5,8.27467,9.04179,BUR1,M26 4DF
26-02-2020 01:00,0.88235,7.7,5.20269,6.5556,BUR1,M26 4DF
26-02-2020 02:00,0.15213,10.6,4.86296,5.09622,BUR1,M26 4DF
26-02-2020 03:00,0.232,15.5,4.32354,4.67926,BUR1,M26 4DF
26-02-2020 04:00,0.19777,7.7,4.89723,5.20046,BUR1,M26 4DF
26-02-2020 05:00,0.57428,5.8,4.68475,5.56531,BUR1,M26 4DF
26-02-2020 06:00,2.62802,9.7,8.78048,12.81006,BUR1,M26 4DF
26-02-2020 07:00,5.64016,5.8,17.40053,26.04866,BUR1,M26 4DF
26-02-2020 08:00,20.56396,9.7,41.21763,72.7486,BUR1,M26 4DF
26-02-2020 09:00,18.03103,11.6,37.96091,65.60809,BUR1,M26 4DF
26-02-2020 10:00,12.38326,7.7,31.61,50.5974,BUR1,M26 4DF
26-02-2020 11:00,12.72555,7.7,23.68406,43.19629,BUR1,M26 4DF
26-02-2020 12:00,10.05569,8.7,21.2106,36.62911,BUR1,M26 4DF
26-02-2020 13:00,7.86504,14.5,11.85216,23.91172,BUR1,M26 4DF
26-02-2020 14:00,11.93828,12.6,17.90704,36.21215,BUR1,M26 4DF
26-02-2020 15:00,10.08992,19.3,19.0733,34.54429,BUR1,M26 4DF
26-02-2020 16:00,8.13887,14.5,19.19824,31.67767,BUR1,M26 4DF
26-02-2020 17:00,9.26843,19.3,22.26136,36.47275,BUR1,M26 4DF
26-02-2020 18:00,14.64236,19.3,40.02955,62.48087,BUR1,M26 4DF
26-02-2020 19:00,6.94086,16.4,33.17923,43.82174,BUR1,M26 4DF
26-02-2020 20:00,6.8724,17.4,46.47068,57.00822,BUR1,M26 4DF
26-02-2020 21:00,9.02882,18.4,58.07067,71.91467,BUR1,M26 4DF
26-02-2020 22:00,5.16096,21.3,33.04175,40.95511,BUR1,M26 4DF
26-02-2020 23:00,2.38842,15.5,23.27251,26.9347,BUR1,M26 4DF
27-02-2020 00:00,3.24414,14.5,22.37739,27.35167,BUR1,M26 4DF
27-02-2020 01:00,2.53271,16.4,16.73559,20.61902,BUR1,M26 4DF
27-02-2020 02:00,0.61414,6.8,13.90433,14.846,BUR1,M26 4DF
27-02-2020 03:00,0.57988,9.7,11.88762,12.77676,BUR1,M26 4DF
27-02-2020 04:00,0.44284,9.7,9.90678,10.5858,BUR1,M26 4DF
27-02-2020 05:00,0.44284,6.8,10.89793,11.57695,BUR1,M26 4DF
27-02-2020 06:00,4.72535,10.6,25.14566,32.3911,BUR1,M26 4DF
27-02-2020 07:00,11.50885,9.7,41.50551,59.15216,BUR1,M26 4DF
27-02-2020 08:00,41.72623,10.6,64.24036,128.21969,BUR1,M26 4DF
27-02-2020 09:00,63.41285,15.5,67.19107,164.42276,BUR1,M26 4DF
27-02-2020 10:00,31.27691,10.6,45.9895,93.94675,BUR1,M26 4DF
27-02-2020 11:00,13.70149,7.7,17.95533,38.96399,BUR1,M26 4DF
27-02-2020 12:00,14.11261,12.6,18.15961,39.79865,BUR1,M26 4DF
27-02-2020 13:00,8.9736,11.6,15.81482,29.57415,BUR1,M26 4DF
27-02-2020 14:00,8.9736,18.4,15.76265,29.52198,BUR1,M26 4DF
27-02-2020 15:00,9.93288,18.4,15.28293,30.51313,BUR1,M26 4DF
27-02-2020 16:00,9.96714,21.3,21.07296,36.3557,BUR1,M26 4DF
27-02-2020 17:00,15.20893,22.2,24.40781,47.72785,BUR1,M26 4DF
27-02-2020 18:00,11.85145,22.2,33.46832,51.64029,BUR1,M26 4DF
27-02-2020 19:00,10.03566,19.3,36.9828,52.37061,BUR1,M26 4DF
27-02-2020 20:00,4.14293,24.2,32.92458,39.27699,BUR1,M26 4DF
27-02-2020 21:00,3.28643,20.3,42.4279,47.46702,BUR1,M26 4DF
27-02-2020 22:00,2.87531,10.6,31.37313,35.78188,BUR1,M26 4DF
27-02-2020 23:00,5.23925,8.7,48.3018,56.33521,BUR1,M26 4DF
28-02-2020 00:00,9.35046,17.4,55.9263,70.26348,BUR1,M26 4DF
28-02-2020 01:00,17.26247,19.3,61.35426,87.823,BUR1,M26 4DF
28-02-2020 02:00,15.12498,14.5,51.83997,75.03127,BUR1,M26 4DF
28-02-2020 03:00,11.76444,18.4,49.00442,67.04297,BUR1,M26 4DF
28-02-2020 04:00,6.99795,14.5,45.50522,56.23526,BUR1,M26 4DF
28-02-2020 05:00,12.65601,9.7,44.87017,64.27578,BUR1,M26 4DF
28-02-2020 06:00,4.32324,8.7,22.9265,29.55537,BUR1,M26 4DF
28-02-2020 07:00,1.16844,6.8,26.61514,28.40673,BUR1,M26 4DF
28-02-2020 08:00,2.98588,8.7,29.31061,33.8889,BUR1,M26 4DF
28-02-2020 09:00,2.98588,8.7,27.43101,32.00929,BUR1,M26 4DF
28-02-2020 10:00,5.66059,6.8,32.93669,41.61615,BUR1,M26 4DF
28-02-2020 11:00,16.39375,3.9,45.71765,70.85438,BUR1,M26 4DF
28-02-2020 12:00,12.14164,5.8,38.92362,57.54054,BUR1,M26 4DF
28-02-2020 13:00,3.84316,3.9,29.61468,35.50744,BUR1,M26 4DF
28-02-2020 14:00,2.81442,1,27.01516,31.33055,BUR1,M26 4DF
28-02-2020 15:00,6.14067,1.9,35.80315,45.21871,BUR1,M26 4DF
28-02-2020 16:00,14.54203,4.8,38.95007,61.24753,BUR1,M26 4DF
28-02-2020 17:00,7.16941,3.9,32.60723,43.60017,BUR1,M26 4DF
28-02-2020 18:00,5.69489,2.9,35.33803,44.07007,BUR1,M26 4DF
28-02-2020 19:00,5.28339,2.9,32.83631,40.9374,BUR1,M26 4DF
28-02-2020 20:00,4.76902,7.7,26.94198,34.25437,BUR1,M26 4DF
28-02-2020 21:00,4.32324,8.7,26.32023,32.9491,BUR1,M26 4DF
28-02-2020 22:00,3.46596,5.8,15.8872,21.20159,BUR1,M26 4DF
28-02-2020 23:00,2.33434,3.9,15.6905,19.26978,BUR1,M26 4DF
29-02-2020 00:00,0.79124,1,10.2771,11.49032,BUR1,M26 4DF
29-02-2020 01:00,0.35085,1.9,6.47602,7.01398,BUR1,M26 4DF
29-02-2020 02:00,0.35085,5.8,5.50056,6.03853,BUR1,M26 4DF
29-02-2020 03:00,0.35085,3.9,4.54253,5.08049,BUR1,M26 4DF
29-02-2020 04:00,0.35085,3.9,4.64704,5.185,BUR1,M26 4DF
29-02-2020 05:00,0.24789,2.9,3.96882,4.3489,BUR1,M26 4DF
29-02-2020 06:00,1.24323,3.9,6.72766,8.63393,BUR1,M26 4DF
29-02-2020 07:00,1.0373,3.9,7.40922,8.99973,BUR1,M26 4DF
29-02-2020 08:00,1.6551,9.7,10.43343,12.97122,BUR1,M26 4DF
29-02-2020 09:00,2.47884,14.5,12.46254,16.26337,BUR1,M26 4DF
29-02-2020 10:00,2.99368,20.3,16.53299,21.12323,BUR1,M26 4DF
29-02-2020 11:00,4.12632,15.5,14.53501,20.86194,BUR1,M26 4DF
29-02-2020 12:00,2.58181,17.4,7.07901,11.03773,BUR1,M26 4DF
29-02-2020 13:00,3.74877,10.6,8.79088,14.53891,BUR1,M26 4DF
29-02-2020 14:00,4.29793,11.6,8.52367,15.11373,BUR1,M26 4DF
29-02-2020 15:00,6.46024,11.6,11.00864,20.9142,BUR1,M26 4DF
29-02-2020 16:00,6.73482,17.4,11.99855,22.32513,BUR1,M26 4DF
29-02-2020 17:00,3.54284,9.7,11.40592,16.8382,BUR1,M26 4DF
29-02-2020 18:00,3.98903,12.6,11.13983,17.25625,BUR1,M26 4DF
29-02-2020 19:00,4.36657,9.7,11.86734,18.56266,BUR1,M26 4DF
29-02-2020 20:00,5.70515,11.6,8.14268,16.89045,BUR1,M26 4DF
29-02-2020 21:00,3.028,13.5,11.77728,16.42014,BUR1,M26 4DF
29-02-2020 22:00,0.96865,25.1,5.47647,6.96172,BUR1,M26 4DF
29-02-2020 23:00,0.79704,15.5,3.96289,5.185,BUR1,M26 4DF
01-03-2020 00:00,0.55679,17.4,3.28615,4.13987,BUR1,M26 4DF
01-03-2020 01:00,0.53948,22.2,3.55067,4.37785,BUR1,M26 4DF
01-03-2020 02:00,0.21885,11.6,3.20547,3.54103,BUR1,M26 4DF
01-03-2020 03:00,0.35626,12.6,3.18654,3.7328,BUR1,M26 4DF
01-03-2020 04:00,0.08143,15.5,1.93428,2.05914,BUR1,M26 4DF
01-03-2020 05:00,0.32191,12.6,2.08858,2.58216,BUR1,M26 4DF
01-03-2020 06:00,0.39061,8.7,2.40164,3.00058,BUR1,M26 4DF
01-03-2020 07:00,0.32191,9.7,3.29152,3.7851,BUR1,M26 4DF
01-03-2020 08:00,0.63109,7.7,5.43254,6.40019,BUR1,M26 4DF
01-03-2020 09:00,0.94027,8.7,5.8476,7.28932,BUR1,M26 4DF
01-03-2020 10:00,1.38687,7.7,5.16282,7.28932,BUR1,M26 4DF
01-03-2020 11:00,2.00523,15.5,7.35279,10.42743,BUR1,M26 4DF
01-03-2020 12:00,2.55489,11.6,8.54976,12.4672,BUR1,M26 4DF
01-03-2020 13:00,2.89843,17.4,9.33056,13.77475,BUR1,M26 4DF
01-03-2020 14:00,3.20761,8.7,8.01966,12.93792,BUR1,M26 4DF
01-03-2020 15:00,3.79162,13.5,8.01332,13.82705,BUR1,M26 4DF
01-03-2020 16:00,2.34877,13.5,9.54573,13.14712,BUR1,M26 4DF
01-03-2020 17:00,3.17325,15.5,15.18538,20.05096,BUR1,M26 4DF
01-03-2020 18:00,1.79911,17.4,11.95758,14.71618,BUR1,M26 4DF
01-03-2020 19:00,4.47869,15.5,24.11481,30.98204,BUR1,M26 4DF
01-03-2020 20:00,3.31067,13.5,33.48951,38.5658,BUR1,M26 4DF
01-03-2020 21:00,3.6542,17.4,32.59665,38.19969,BUR1,M26 4DF
01-03-2020 22:00,3.68856,10.6,25.53554,31.19125,BUR1,M26 4DF
01-03-2020 23:00,5.13141,12.6,20.4989,28.36695,BUR1,M26 4DF
02-03-2020 00:00,2.52054,7.7,19.3243,23.18907,BUR1,M26 4DF
02-03-2020 01:00,1.23276,5.8,14.15517,16.04537,BUR1,M26 4DF
02-03-2020 02:00,1.09522,7.7,17.71627,19.39558,BUR1,M26 4DF
02-03-2020 03:00,2.66546,8.7,19.44403,23.53101,BUR1,M26 4DF
02-03-2020 04:00,4.83169,15.5,23.71285,31.12134,BUR1,M26 4DF
02-03-2020 05:00,7.47932,13.5,31.7454,43.21353,BUR1,M26 4DF
02-03-2020 06:00,37.2909,19.3,43.35507,100.53364,BUR1,M26 4DF
02-03-2020 07:00,91.44687,19.3,55.06538,195.28196,BUR1,M26 4DF
02-03-2020 08:00,142.81768,20.3,73.50653,292.49059,BUR1,M26 4DF
02-03-2020 09:00,236.65366,29,89.39016,452.25404,BUR1,M26 4DF
02-03-2020 10:00,128.30732,26.1,77.53864,274.27378,BUR1,M26 4DF
02-03-2020 11:00,36.53443,20.3,60.69023,116.70891,BUR1,M26 4DF
02-03-2020 12:00,8.13263,14.5,20.53598,33.00584,BUR1,M26 4DF
02-03-2020 13:00,9.50802,18.4,20.93974,35.5185,BUR1,M26 4DF
02-03-2020 14:00,4.93485,7.7,16.74955,24.31621,BUR1,M26 4DF
02-03-2020 15:00,5.55377,10.6,18.62729,27.14296,BUR1,M26 4DF
02-03-2020 16:00,8.44209,8.7,22.73118,35.67554,BUR1,M26 4DF
02-03-2020 17:00,7.61686,7.7,23.68244,35.36146,BUR1,M26 4DF
02-03-2020 18:00,9.0954,10.6,29.52918,43.47527,BUR1,M26 4DF
02-03-2020 19:00,6.03516,13.5,30.13841,39.39219,BUR1,M26 4DF
02-03-2020 20:00,5.89762,18.4,50.29355,59.33645,BUR1,M26 4DF
02-03-2020 21:00,5.17554,10.6,47.21296,55.14868,BUR1,M26 4DF
02-03-2020 22:00,3.42192,11.6,22.52426,27.77113,BUR1,M26 4DF
02-03-2020 23:00,2.14968,11.6,16.62292,19.91906,BUR1,M26 4DF
03-03-2020 00:00,3.55946,9.7,20.32417,25.78193,BUR1,M26 4DF
03-03-2020 01:00,1.10131,11.6,17.52192,19.21057,BUR1,M26 4DF
03-03-2020 02:00,0.26386,10.6,12.93804,13.34262,BUR1,M26 4DF
03-03-2020 03:00,0.50477,6.8,15.24067,16.01463,BUR1,M26 4DF
03-03-2020 04:00,1.15867,5.8,16.28134,18.05794,BUR1,M26 4DF
03-03-2020 05:00,2.43206,7.7,16.68649,20.4156,BUR1,M26 4DF
03-03-2020 06:00,9.14316,10.6,30.54921,44.56853,BUR1,M26 4DF
03-03-2020 07:00,38.8441,10.6,57.57197,117.13209,BUR1,M26 4DF
03-03-2020 08:00,16.88674,15.5,59.22765,85.1203,BUR1,M26 4DF
03-03-2020 09:00,19.05495,12.6,50.97823,80.1954,BUR1,M26 4DF
03-03-2020 10:00,12.688,14.5,45.44214,64.8968,BUR1,M26 4DF
03-03-2020 11:00,21.01665,7.7,48.1275,80.35258,BUR1,M26 4DF
03-03-2020 12:00,11.13929,6.8,22.51124,39.59124,BUR1,M26 4DF
03-03-2020 13:00,9.55615,7.7,18.70398,33.35654,BUR1,M26 4DF
03-03-2020 14:00,9.10875,8.7,18.34214,32.30869,BUR1,M26 4DF
03-03-2020 15:00,9.03991,12.6,21.85319,35.7142,BUR1,M26 4DF
03-03-2020 16:00,9.21199,25.1,23.52786,37.65272,BUR1,M26 4DF
03-03-2020 17:00,10.58863,24.2,22.20293,38.43861,BUR1,M26 4DF
03-03-2020 18:00,10.21006,22.2,32.63319,48.28839,BUR1,M26 4DF
03-03-2020 19:00,9.52174,22.2,44.69102,59.29081,BUR1,M26 4DF
03-03-2020 20:00,5.39183,20.3,38.29209,46.55944,BUR1,M26 4DF
03-03-2020 21:00,2.87947,23.2,43.19217,47.60729,BUR1,M26 4DF
03-03-2020 22:00,2.7418,20.3,36.90659,41.11062,BUR1,M26 4DF
03-03-2020 23:00,7.83536,21.3,52.88276,64.8968,BUR1,M26 4DF
04-03-2020 00:00,12.41267,23.2,55.24255,74.27506,BUR1,M26 4DF
04-03-2020 01:00,8.77763,29,45.97843,59.43728,BUR1,M26 4DF
04-03-2020 02:00,26.8279,22.2,56.28418,97.41972,BUR1,M26 4DF
04-03-2020 03:00,21.4886,18.4,60.48572,93.43445,BUR1,M26 4DF
04-03-2020 04:00,15.66705,25.1,57.82323,81.8457,BUR1,M26 4DF
04-03-2020 05:00,15.39147,20.3,52.89712,76.49704,BUR1,M26 4DF
04-03-2020 06:00,45.73935,18.4,50.72673,120.85942,BUR1,M26 4DF
04-03-2020 07:00,119.28388,27.1,59.93035,242.82974,BUR1,M26 4DF
04-03-2020 08:00,204.0926,30,72.57537,385.51299,BUR1,M26 4DF
04-03-2020 09:00,226.44876,37.7,86.43431,433.65089,BUR1,M26 4DF
04-03-2020 10:00,182.8732,39.6,84.6606,365.06225,BUR1,M26 4DF
04-03-2020 11:00,117.32039,41.5,88.00625,267.89501,BUR1,M26 4DF
04-03-2020 12:00,79.91086,70.5,75.51959,198.04786,BUR1,M26 4DF
04-03-2020 13:00,13.01462,26.1,45.37232,65.32779,BUR1,M26 4DF
04-03-2020 14:00,5.29847,17.4,24.2202,32.34441,BUR1,M26 4DF
04-03-2020 15:00,6.02186,18.4,25.26097,34.49436,BUR1,M26 4DF
04-03-2020 16:00,4.60953,10.6,21.50104,28.56889,BUR1,M26 4DF
04-03-2020 17:00,11.84342,25.1,43.91699,62.07664,BUR1,M26 4DF
04-03-2020 18:00,5.98741,20.3,38.68543,47.866,BUR1,M26 4DF
04-03-2020 19:00,6.98638,23.2,42.76455,53.47685,BUR1,M26 4DF
04-03-2020 20:00,7.74422,21.3,46.05976,57.93406,BUR1,M26 4DF
04-03-2020 21:00,20.62743,30.9,65.52926,97.15753,BUR1,M26 4DF
04-03-2020 22:00,37.54094,71.5,75.46301,133.02499,BUR1,M26 4DF
04-03-2020 23:00,50.04524,32.9,70.97261,147.70757,BUR1,M26 4DF
05-03-2020 00:00,44.25813,29,61.5977,129.45922,BUR1,M26 4DF
05-03-2020 01:00,52.23328,39.6,57.22151,137.31142,BUR1,M26 4DF
05-03-2020 02:00,16.54829,30,43.32479,68.69848,BUR1,M26 4DF
05-03-2020 03:00,16.44485,32.9,39.91454,65.12962,BUR1,M26 4DF
05-03-2020 04:00,17.06546,35.7,39.22537,65.39204,BUR1,M26 4DF
05-03-2020 05:00,12.7212,27.1,39.69346,59.19903,BUR1,M26 4DF
05-03-2020 06:00,60.37015,41.5,49.39866,141.96493,BUR1,M26 4DF
05-03-2020 07:00,61.78375,33.8,56.36322,151.09699,BUR1,M26 4DF
05-03-2020 08:00,142.22152,35.7,77.46061,295.53057,BUR1,M26 4DF
05-03-2020 09:00,154.944,45.4,82.09533,319.67281,BUR1,M26 4DF
05-03-2020 10:00,57.92219,32.9,59.03025,147.84304,BUR1,M26 4DF
05-03-2020 11:00,26.85728,41.5,35.44284,76.62343,BUR1,M26 4DF
05-03-2020 12:00,26.44355,73.4,28.88704,69.43324,BUR1,M26 4DF
05-03-2020 13:00,37.20076,110.1,44.19765,101.23802,BUR1,M26 4DF
05-03-2020 14:00,44.09641,54.1,40.13237,107.74593,BUR1,M26 4DF
05-03-2020 15:00,23.09915,63.8,23.88579,59.304,BUR1,M26 4DF
05-03-2020 16:00,50.54384,51.2,42.89488,120.39436,BUR1,M26 4DF
05-03-2020 17:00,51.54371,49.3,54.9549,133.98749,BUR1,M26 4DF
05-03-2020 18:00,81.0571,64.7,68.48278,192.7686,BUR1,M26 4DF
05-03-2020 19:00,63.88693,90.8,85.94036,183.89895,BUR1,M26 4DF
05-03-2020 20:00,38.37302,87.9,75.20217,134.03998,BUR1,M26 4DF
05-03-2020 21:00,33.61502,73.4,64.6534,116.19571,BUR1,M26 4DF
05-03-2020 22:00,39.02811,66.7,64.33089,124.17315,BUR1,M26 4DF
05-03-2020 23:00,27.82267,51.2,61.83113,104.49197,BUR1,M26 4DF
06-03-2020 00:00,22.99572,38.6,62.72445,97.98406,BUR1,M26 4DF
06-03-2020 01:00,12.11664,41.5,57.08574,75.66434,BUR1,M26 4DF
06-03-2020 02:00,7.35434,37.7,49.87247,61.14897,BUR1,M26 4DF
06-03-2020 03:00,7.25081,36.7,37.79208,48.90984,BUR1,M26 4DF
06-03-2020 04:00,6.31906,28,38.27524,47.96432,BUR1,M26 4DF
06-03-2020 05:00,10.18412,24.2,35.55314,51.16856,BUR1,M26 4DF
06-03-2020 06:00,24.71258,26.1,38.85783,76.74992,BUR1,M26 4DF
06-03-2020 07:00,101.63409,30.9,55.33351,211.17026,BUR1,M26 4DF
06-03-2020 08:00,145.80615,36.7,66.60677,290.17307,BUR1,M26 4DF
06-03-2020 09:00,189.04645,41.5,82.30282,372.17001,BUR1,M26 4DF
06-03-2020 10:00,103.1525,112.1,79.26954,237.4345,BUR1,M26 4DF
06-03-2020 11:00,52.80325,58.9,70.27143,151.23529,BUR1,M26 4DF
06-03-2020 12:00,35.0309,48.3,58.28323,111.99652,BUR1,M26 4DF
06-03-2020 13:00,28.71568,41.5,57.35569,101.38577,BUR1,M26 4DF
06-03-2020 14:00,13.84211,36.7,39.97722,61.2015,BUR1,M26 4DF
06-03-2020 15:00,11.599,37.7,36.79802,54.58291,BUR1,M26 4DF
06-03-2020 16:00,16.98247,30.9,49.2397,75.27913,BUR1,M26 4DF
06-03-2020 17:00,16.80992,38.6,47.98094,73.7558,BUR1,M26 4DF
06-03-2020 18:00,16.01621,24.2,40.89846,65.4563,BUR1,M26 4DF
06-03-2020 19:00,13.94564,25.1,59.35907,80.74209,BUR1,M26 4DF
06-03-2020 20:00,9.45942,22.2,54.57653,69.08077,BUR1,M26 4DF
06-03-2020 21:00,4.93868,21.3,42.38787,49.96041,BUR1,M26 4DF
06-03-2020 22:00,3.38576,15.5,38.78074,43.97216,BUR1,M26 4DF
06-03-2020 23:00,2.38499,15.5,47.45911,51.11603,BUR1,M26 4DF
07-03-2020 00:00,6.07749,16.4,50.51707,59.83576,BUR1,M26 4DF
07-03-2020 01:00,7.66545,19.3,57.11425,68.86778,BUR1,M26 4DF
07-03-2020 02:00,1.30998,10.6,27.95456,29.96317,BUR1,M26 4DF
07-03-2020 03:00,1.83961,11.6,30.68245,33.50314,BUR1,M26 4DF
07-03-2020 04:00,0.94155,15.5,28.85245,30.29614,BUR1,M26 4DF
07-03-2020 05:00,1.70144,12.6,25.47919,28.08804,BUR1,M26 4DF
07-03-2020 06:00,3.01399,12.6,18.89274,23.51412,BUR1,M26 4DF
07-03-2020 07:00,3.22123,14.5,21.5191,26.45825,BUR1,M26 4DF
07-03-2020 08:00,5.43183,8.7,26.69909,35.02778,BUR1,M26 4DF
07-03-2020 09:00,5.50091,7.7,29.80017,38.23478,BUR1,M26 4DF
07-03-2020 10:00,8.43686,4.8,27.92713,40.86347,BUR1,M26 4DF
07-03-2020 11:00,8.4714,16.4,20.72414,33.71343,BUR1,M26 4DF
07-03-2020 12:00,4.29199,10.6,19.03611,25.61707,BUR1,M26 4DF
07-03-2020 13:00,5.36275,6.8,17.02629,25.24905,BUR1,M26 4DF
07-03-2020 14:00,4.70648,13.5,18.76859,25.98509,BUR1,M26 4DF
07-03-2020 15:00,4.56831,22.2,23.55436,30.55901,BUR1,M26 4DF
07-03-2020 16:00,3.5321,20.3,24.51232,29.92812,BUR1,M26 4DF
07-03-2020 17:00,4.39561,22.2,24.23976,30.9796,BUR1,M26 4DF
07-03-2020 18:00,3.49756,21.3,16.36377,21.72661,BUR1,M26 4DF
07-03-2020 19:00,2.87583,19.3,14.26779,18.67733,BUR1,M26 4DF
07-03-2020 20:00,3.84296,16.4,10.20876,16.10121,BUR1,M26 4DF
07-03-2020 21:00,3.39393,12.6,9.53034,14.73429,BUR1,M26 4DF
07-03-2020 22:00,2.91037,10.6,10.21922,14.68172,BUR1,M26 4DF
07-03-2020 23:00,2.15047,7.7,8.96598,12.26333,BUR1,M26 4DF
08-03-2020 00:00,1.97777,4.8,5.86607,8.8986,BUR1,M26 4DF
08-03-2020 01:00,2.09991,5.8,6.22044,9.44026,BUR1,M26 4DF
08-03-2020 02:00,1.13191,3.9,5.38946,7.12502,BUR1,M26 4DF
08-03-2020 03:00,0.67095,1,4.93863,5.9674,BUR1,M26 4DF
08-03-2020 04:00,0.63638,1,4.41282,5.38859,BUR1,M26 4DF
08-03-2020 05:00,0.53266,3.9,6.15043,6.96716,BUR1,M26 4DF
08-03-2020 06:00,0.53266,8.7,5.41376,6.2305,BUR1,M26 4DF
08-03-2020 07:00,0.32523,8.7,6.67896,7.17764,BUR1,M26 4DF
08-03-2020 08:00,0.87838,13.5,8.61962,9.96645,BUR1,M26 4DF
08-03-2020 09:00,2.84897,12.6,15.2274,19.59575,BUR1,M26 4DF
08-03-2020 10:00,2.26125,16.4,11.0245,14.4917,BUR1,M26 4DF
08-03-2020 11:00,1.88096,6.8,8.13474,11.01884,BUR1,M26 4DF
08-03-2020 12:00,1.91553,12.6,6.24006,9.17717,BUR1,M26 4DF
08-03-2020 13:00,2.77983,8.7,9.70317,13.96551,BUR1,M26 4DF
08-03-2020 14:00,2.71068,16.4,8.7568,12.91312,BUR1,M26 4DF
08-03-2020 15:00,4.68127,14.5,16.46958,23.64743,BUR1,M26 4DF
08-03-2020 16:00,5.30357,14.5,17.4097,25.54172,BUR1,M26 4DF
08-03-2020 17:00,2.46868,9.7,12.02192,15.80718,BUR1,M26 4DF
08-03-2020 18:00,5.16528,14.5,20.98936,28.90934,BUR1,M26 4DF
08-03-2020 19:00,2.77983,7.7,15.75437,20.01671,BUR1,M26 4DF
08-03-2020 20:00,7.72359,10.6,33.6417,45.48436,BUR1,M26 4DF
08-03-2020 21:00,18.99398,9.7,63.71788,92.84158,BUR1,M26 4DF
08-03-2020 22:00,3.2984,8.7,30.69235,35.74983,BUR1,M26 4DF
08-03-2020 23:00,3.02183,10.6,26.95951,31.59292,BUR1,M26 4DF
09-03-2020 00:00,0.87838,11.6,19.72226,21.06909,BUR1,M26 4DF
09-03-2020 01:00,0.99964,8.7,14.24317,15.77593,BUR1,M26 4DF
09-03-2020 02:00,0.0769,13.5,5.89755,6.01545,BUR1,M26 4DF
09-03-2020 03:00,0.19224,9.7,2.8417,3.13646,BUR1,M26 4DF
09-03-2020 04:00,0.43446,15.5,4.47155,5.13771,BUR1,M26 4DF
09-03-2020 05:00,0.22684,22.2,6.00117,6.34899,BUR1,M26 4DF
09-03-2020 06:00,1.33414,15.5,7.98986,10.03551,BUR1,M26 4DF
09-03-2020 07:00,4.483,22.2,14.43186,21.3057,BUR1,M26 4DF
09-03-2020 08:00,7.38965,20.3,21.98256,33.3132,BUR1,M26 4DF
09-03-2020 09:00,6.21315,23.2,19.57335,29.10004,BUR1,M26 4DF
09-03-2020 10:00,6.55918,15.5,20.7807,30.83797,BUR1,M26 4DF
09-03-2020 11:00,5.55569,19.3,15.94696,24.46557,BUR1,M26 4DF
09-03-2020 12:00,6.24775,28,17.99302,27.57277,BUR1,M26 4DF
09-03-2020 13:00,6.42077,24.2,19.255,29.10004,BUR1,M26 4DF
09-03-2020 14:00,4.34459,20.3,15.59205,22.25366,BUR1,M26 4DF
09-03-2020 15:00,3.99856,20.3,14.59535,20.72639,BUR1,M26 4DF
09-03-2020 16:00,3.68714,17.4,24.13115,29.78468,BUR1,M26 4DF
09-03-2020 17:00,2.26842,12.6,23.83126,27.30945,BUR1,M26 4DF
09-03-2020 18:00,2.30302,10.6,22.88291,26.41415,BUR1,M26 4DF
09-03-2020 19:00,2.92587,5.8,19.45265,23.93892,BUR1,M26 4DF
09-03-2020 20:00,4.96744,3.9,16.48028,24.09692,BUR1,M26 4DF
09-03-2020 21:00,4.4138,3.9,16.80255,23.57027,BUR1,M26 4DF
09-03-2020 22:00,3.75634,1.9,20.18053,25.94017,BUR1,M26 4DF
09-03-2020 23:00,1.47255,3.9,12.88609,15.14396,BUR1,M26 4DF
10-03-2020 00:00,0.39986,5.8,8.21112,8.82422,BUR1,M26 4DF
10-03-2020 01:00,0.26681,6.8,4.63542,5.04452,BUR1,M26 4DF
10-03-2020 02:00,0.16291,5.8,2.05382,2.30361,BUR1,M26 4DF
10-03-2020 03:00,0.12828,3.9,2.26506,2.46174,BUR1,M26 4DF
10-03-2020 04:00,0.12828,1.9,3.26654,3.46323,BUR1,M26 4DF
10-03-2020 05:00,0.37071,4.8,4.89778,5.4662,BUR1,M26 4DF
10-03-2020 06:00,0.85559,7.7,8.10755,9.41944,BUR1,M26 4DF
10-03-2020 07:00,5.56583,5.8,22.23275,30.7669,BUR1,M26 4DF
10-03-2020 08:00,3.93803,4.8,20.77545,26.81367,BUR1,M26 4DF
10-03-2020 09:00,5.49656,4.8,24.86903,33.29697,BUR1,M26 4DF
10-03-2020 10:00,5.35802,4.8,26.66274,34.87827,BUR1,M26 4DF
10-03-2020 11:00,2.51803,3.9,13.83395,17.69487,BUR1,M26 4DF
10-03-2020 12:00,3.79949,3.9,20.24993,26.07573,BUR1,M26 4DF
10-03-2020 13:00,4.1112,5.8,15.66062,21.96437,BUR1,M26 4DF
10-03-2020 14:00,3.79949,7.7,13.71391,19.53972,BUR1,M26 4DF
10-03-2020 15:00,2.96827,13.5,12.40565,16.95694,BUR1,M26 4DF
10-03-2020 16:00,2.86437,25.1,10.72012,15.11209,BUR1,M26 4DF
10-03-2020 17:00,4.14583,25.1,13.65725,20.0141,BUR1,M26 4DF
10-03-2020 18:00,8.33656,23.2,22.25385,35.0364,BUR1,M26 4DF
10-03-2020 19:00,7.40144,22.2,26.85027,38.19898,BUR1,M26 4DF
10-03-2020 20:00,4.18046,22.2,23.98798,30.39793,BUR1,M26 4DF
10-03-2020 21:00,4.07656,16.4,20.98471,27.23535,BUR1,M26 4DF
10-03-2020 22:00,1.34047,15.5,13.53113,15.58648,BUR1,M26 4DF
10-03-2020 23:00,0.92486,17.4,13.74671,15.1648,BUR1,M26 4DF
11-03-2020 00:00,0.57852,15.5,13.69795,14.585,BUR1,M26 4DF
11-03-2020 01:00,0.50329,19.3,13.00716,13.77886,BUR1,M26 4DF
11-03-2020 02:00,3.9236,10.6,19.72059,25.73669,BUR1,M26 4DF
11-03-2020 03:00,1.58947,13.5,22.71923,25.15638,BUR1,M26 4DF
11-03-2020 04:00,2.49076,12.6,21.65379,25.47291,BUR1,M26 4DF
11-03-2020 05:00,8.90384,16.4,29.49352,43.14588,BUR1,M26 4DF
11-03-2020 06:00,75.56515,18.4,54.89558,170.76053,BUR1,M26 4DF
11-03-2020 07:00,89.77791,21.3,58.31994,195.97748,BUR1,M26 4DF
11-03-2020 08:00,40.13725,17.4,55.24912,116.79203,BUR1,M26 4DF
11-03-2020 09:00,15.10892,20.3,35.75297,58.91966,BUR1,M26 4DF
11-03-2020 10:00,9.21583,17.4,23.58136,37.7121,BUR1,M26 4DF
11-03-2020 11:00,5.92263,19.3,20.19005,29.27128,BUR1,M26 4DF
11-03-2020 12:00,2.83742,9.7,13.47277,17.82342,BUR1,M26 4DF
11-03-2020 13:00,2.69876,6.8,13.79089,17.92893,BUR1,M26 4DF
11-03-2020 14:00,3.77338,15.5,19.79265,25.57842,BUR1,M26 4DF
11-03-2020 15:00,4.36269,15.5,17.41191,24.10128,BUR1,M26 4DF
11-03-2020 16:00,3.46139,19.3,16.52541,21.83281,BUR1,M26 4DF
11-03-2020 17:00,3.18407,null,15.05145,19.93362,BUR1,M26 4DF
11-03-2020 18:00,6.40794,null,15.7003,25.52567,BUR1,M26 4DF
11-03-2020 19:00,4.18936,null,16.51707,22.94067,BUR1,M26 4DF
11-03-2020 20:00,5.22932,null,15.18626,23.20444,BUR1,M26 4DF
11-03-2020 21:00,3.08007,null,12.5204,17.24311,BUR1,M26 4DF
11-03-2020 22:00,0.89616,null,8.58881,9.9629,BUR1,M26 4DF
11-03-2020 23:00,0.79217,null,5.37194,6.58658,BUR1,M26 4DF
12-03-2020 00:00,0.54951,null,4.26686,5.10943,BUR1,M26 4DF
12-03-2020 01:00,0,null,2.74562,2.74562,BUR1,M26 4DF
12-03-2020 02:00,0.27757,null,1.47521,1.90082,BUR1,M26 4DF
12-03-2020 03:00,0.27757,null,1.63361,2.05922,BUR1,M26 4DF
12-03-2020 04:00,0.27757,null,1.79202,2.21762,BUR1,M26 4DF
12-03-2020 05:00,0.41636,null,1.52641,2.16482,BUR1,M26 4DF
12-03-2020 06:00,0.69393,null,4.37444,5.43845,BUR1,M26 4DF
12-03-2020 07:00,2.22057,null,12.85771,16.26254,BUR1,M26 4DF
12-03-2020 08:00,7.21686,null,28.16505,39.23074,BUR1,M26 4DF
12-03-2020 09:00,13.42752,null,34.0071,54.59568,BUR1,M26 4DF
12-03-2020 10:00,6.17597,null,16.24414,25.71382,BUR1,M26 4DF
12-03-2020 11:00,3.22677,null,8.51647,13.46412,BUR1,M26 4DF
12-03-2020 12:00,null,null,null,null,BUR1,M26 4DF
12-03-2020 13:00,null,21.3,null,null,BUR1,M26 4DF
12-03-2020 14:00,1.87361,12.6,5.83925,8.71208,BUR1,M26 4DF
12-03-2020 15:00,2.35936,13.5,7.84007,11.4577,BUR1,M26 4DF
12-03-2020 16:00,3.43495,13.5,9.51728,14.78413,BUR1,M26 4DF
12-03-2020 17:00,4.26766,14.5,10.72209,17.26575,BUR1,M26 4DF
12-03-2020 18:00,3.19207,16.4,8.93928,13.83372,BUR1,M26 4DF
12-03-2020 19:00,2.77572,13.5,12.79851,17.05455,BUR1,M26 4DF
12-03-2020 20:00,1.80421,11.6,11.7537,14.52013,BUR1,M26 4DF
12-03-2020 21:00,2.28997,11.6,12.32891,15.84014,BUR1,M26 4DF
12-03-2020 22:00,1.9083,10.6,11.1189,14.04492,BUR1,M26 4DF
12-03-2020 23:00,1.56134,null,8.00767,10.40169,BUR1,M26 4DF
13-03-2020 00:00,0.9715,null,6.80006,8.28967,BUR1,M26 4DF
13-03-2020 01:00,0.50903,12.6,4.1888,4.9693,BUR1,M26 4DF
13-03-2020 02:00,0.27766,11.6,3.82165,4.24739,BUR1,M26 4DF
13-03-2020 03:00,0.06942,10.6,3.71836,3.8248,BUR1,M26 4DF
13-03-2020 04:00,0.38178,8.7,3.71483,4.30021,BUR1,M26 4DF
13-03-2020 05:00,0.34707,5.8,3.6624,4.19456,BUR1,M26 4DF
13-03-2020 06:00,1.59651,4.8,5.86683,8.31478,BUR1,M26 4DF
13-03-2020 07:00,4.78951,9.7,11.58843,18.93225,BUR1,M26 4DF
13-03-2020 08:00,21.76102,8.7,31.73333,65.09975,BUR1,M26 4DF
13-03-2020 09:00,24.25989,null,28.43001,65.62799,BUR1,M26 4DF
13-03-2020 10:00,13.08438,7.7,22.64027,42.7027,BUR1,M26 4DF
13-03-2020 11:00,20.82394,24.2,28.99712,60.92672,BUR1,M26 4DF
13-03-2020 12:00,13.50086,22.2,24.16743,44.86846,BUR1,M26 4DF
13-03-2020 13:00,6.52484,9.7,15.95313,25.95774,BUR1,M26 4DF
13-03-2020 14:00,9.85667,18.4,19.92999,35.04333,BUR1,M26 4DF
13-03-2020 15:00,17.76976,30.9,27.55264,54.79922,BUR1,M26 4DF
13-03-2020 16:00,29.98647,21.3,40.72585,86.70446,BUR1,M26 4DF
13-03-2020 17:00,15.3056,null,42.00126,65.46952,BUR1,M26 4DF
13-03-2020 18:00,5.796,null,38.41125,47.29832,BUR1,M26 4DF
13-03-2020 19:00,7.63545,null,38.97149,50.67901,BUR1,M26 4DF
13-03-2020 20:00,29.6047,null,49.86859,95.26182,BUR1,M26 4DF
13-03-2020 21:00,25.12755,null,38.6679,77.19627,BUR1,M26 4DF
13-03-2020 22:00,18.77625,null,41.16964,69.95949,BUR1,M26 4DF
13-03-2020 23:00,7.70486,null,26.4516,38.26555,BUR1,M26 4DF
14-03-2020 00:00,5.76129,null,25.31148,34.14534,BUR1,M26 4DF
14-03-2020 01:00,7.82284,null,26.4849,38.47974,BUR1,M26 4DF
14-03-2020 02:00,2.98565,null,17.87186,22.44979,BUR1,M26 4DF
14-03-2020 03:00,1.45811,null,15.77498,18.01072,BUR1,M26 4DF
14-03-2020 04:00,0.86793,null,13.19208,14.52288,BUR1,M26 4DF
14-03-2020 05:00,1.90943,null,13.07482,16.00257,BUR1,M26 4DF
14-03-2020 06:00,1.00679,null,13.50762,15.05134,BUR1,M26 4DF
14-03-2020 07:00,0.62491,null,13.61755,14.57573,BUR1,M26 4DF
14-03-2020 08:00,1.56226,null,17.09498,19.49041,BUR1,M26 4DF
14-03-2020 09:00,3.61054,null,17.495,23.03109,BUR1,M26 4DF
14-03-2020 10:00,3.08979,null,15.54548,20.2831,BUR1,M26 4DF
14-03-2020 11:00,5.24223,null,14.83458,22.87255,BUR1,M26 4DF
14-03-2020 12:00,3.47168,null,11.68348,17.00665,BUR1,M26 4DF
14-03-2020 13:00,7.22108,null,16.08091,27.15308,BUR1,M26 4DF
14-03-2020 14:00,4.51318,null,10.13938,17.05949,BUR1,M26 4DF
14-03-2020 15:00,4.9645,null,10.08152,17.69364,BUR1,M26 4DF
14-03-2020 16:00,3.81885,null,13.68777,19.54325,BUR1,M26 4DF
14-03-2020 17:00,2.15244,null,17.93396,21.23433,BUR1,M26 4DF
14-03-2020 18:00,2.22188,null,20.4698,23.87663,BUR1,M26 4DF
14-03-2020 19:00,4.92978,null,14.83805,22.39694,BUR1,M26 4DF
14-03-2020 20:00,2.84678,null,11.3205,15.6855,BUR1,M26 4DF
14-03-2020 21:00,2.43018,null,8.68282,12.40904,BUR1,M26 4DF
14-03-2020 22:00,2.11773,null,7.15376,10.40089,BUR1,M26 4DF
14-03-2020 23:00,1.56226,null,5.57454,7.96998,BUR1,M26 4DF
15-03-2020 00:00,1.28453,null,6.0004,7.96998,BUR1,M26 4DF
15-03-2020 01:00,1.20388,null,4.33388,6.1798,BUR1,M26 4DF
15-03-2020 02:00,1.04182,null,4.38851,5.98595,BUR1,M26 4DF
15-03-2020 03:00,0.59037,null,3.81187,4.7171,BUR1,M26 4DF
15-03-2020 04:00,0.55565,null,5.50405,6.35603,BUR1,M26 4DF
15-03-2020 05:00,0.27783,null,5.9829,6.4089,BUR1,M26 4DF
15-03-2020 06:00,0.72928,null,6.55954,7.67775,BUR1,M26 4DF
15-03-2020 07:00,0.52092,null,6.87902,7.67775,BUR1,M26 4DF
15-03-2020 08:00,0.97237,null,8.35443,9.84537,BUR1,M26 4DF
15-03-2020 09:00,1.90999,null,9.61307,12.54168,BUR1,M26 4DF
15-03-2020 10:00,3.19488,null,13.72284,18.62159,BUR1,M26 4DF
15-03-2020 11:00,4.68813,null,15.29264,22.48101,BUR1,M26 4DF
15-03-2020 12:00,4.30614,null,11.80746,18.41011,BUR1,M26 4DF
15-03-2020 13:00,4.79231,null,10.74479,18.0929,BUR1,M26 4DF
15-03-2020 14:00,5.76466,null,12.16165,21.00068,BUR1,M26 4DF
15-03-2020 15:00,4.82704,null,9.42269,16.82405,BUR1,M26 4DF
15-03-2020 16:00,4.61868,null,10.85242,17.93429,BUR1,M26 4DF
15-03-2020 17:00,5.10485,null,17.24425,25.07158,BUR1,M26 4DF
15-03-2020 18:00,4.09778,null,16.30358,22.58675,BUR1,M26 4DF
15-03-2020 19:00,3.81996,null,18.52709,24.38428,BUR1,M26 4DF
15-03-2020 20:00,2.39616,null,16.8508,20.52486,BUR1,M26 4DF
15-03-2020 21:00,1.84054,null,14.42488,17.247,BUR1,M26 4DF
15-03-2020 22:00,2.15308,null,11.56657,14.8679,BUR1,M26 4DF
15-03-2020 23:00,2.25726,null,7.91748,11.37856,BUR1,M26 4DF
16-03-2020 00:00,1.42381,null,7.13353,9.31668,BUR1,M26 4DF
16-03-2020 01:00,0.74108,null,5.43796,6.57426,BUR1,M26 4DF
16-03-2020 02:00,0.34739,null,4.47249,5.00514,BUR1,M26 4DF
16-03-2020 03:00,0.17371,null,2.51735,2.7837,BUR1,M26 4DF
16-03-2020 04:00,0.59055,null,4.89302,5.79851,BUR1,M26 4DF
16-03-2020 05:00,0.27792,null,4.94925,5.37538,BUR1,M26 4DF
16-03-2020 06:00,2.22318,null,12.12173,15.53056,BUR1,M26 4DF
16-03-2020 07:00,3.82108,null,23.74081,29.59972,BUR1,M26 4DF
16-03-2020 08:00,15.70111,null,43.18382,67.25852,BUR1,M26 4DF
16-03-2020 09:00,15.59689,null,41.43952,65.35442,BUR1,M26 4DF
16-03-2020 10:00,8.71899,null,26.12152,39.49044,BUR1,M26 4DF
16-03-2020 11:00,4.6895,null,16.85563,24.04611,BUR1,M26 4DF
16-03-2020 12:00,3.75161,null,10.8889,16.64129,BUR1,M26 4DF
16-03-2020 13:00,5.73161,null,12.08426,20.87261,BUR1,M26 4DF
16-03-2020 14:00,3.78634,15.5,10.94142,16.74707,BUR1,M26 4DF
16-03-2020 15:00,5.03687,19.3,11.29831,19.02141,BUR1,M26 4DF
16-03-2020 16:00,3.40424,12.6,9.88767,15.10743,BUR1,M26 4DF
16-03-2020 17:00,3.6474,9.7,11.94785,17.54044,BUR1,M26 4DF
16-03-2020 18:00,4.0295,16.4,16.49244,22.67092,BUR1,M26 4DF
16-03-2020 19:00,3.40424,13.5,19.7255,24.94526,BUR1,M26 4DF
16-03-2020 20:00,3.71687,15.5,19.03457,24.7337,BUR1,M26 4DF
16-03-2020 21:00,2.74424,7.7,14.49629,18.70406,BUR1,M26 4DF
16-03-2020 22:00,4.93266,22.2,14.79027,22.35358,BUR1,M26 4DF
16-03-2020 23:00,2.32739,8.7,10.74544,14.31406,BUR1,M26 4DF
17-03-2020 00:00,2.01476,10.6,7.25793,10.34719,BUR1,M26 4DF
17-03-2020 01:00,1.76054,9.7,7.2328,9.93226,BUR1,M26 4DF
17-03-2020 02:00,0.41699,8.7,6.18857,6.82795,BUR1,M26 4DF
17-03-2020 03:00,0.59073,4.8,4.22892,5.13469,BUR1,M26 4DF
17-03-2020 04:00,1.21617,4.8,9.77838,11.64316,BUR1,M26 4DF
17-03-2020 05:00,0.48648,4.8,11.05597,11.8019,BUR1,M26 4DF
17-03-2020 06:00,2.60605,2.9,13.36201,17.3579,BUR1,M26 4DF
17-03-2020 07:00,6.63671,1,25.38429,35.56044,BUR1,M26 4DF
17-03-2020 08:00,11.4318,1.9,45.44156,62.97007,BUR1,M26 4DF
17-03-2020 09:00,8.13083,7.7,35.26364,47.73074,BUR1,M26 4DF
17-03-2020 10:00,5.5943,4.8,26.66515,35.24295,BUR1,M26 4DF
17-03-2020 11:00,4.13492,8.7,17.05001,23.39014,BUR1,M26 4DF
17-03-2020 12:00,6.28924,10.6,13.27055,22.91391,BUR1,M26 4DF
17-03-2020 13:00,4.79512,10.6,11.91041,19.26282,BUR1,M26 4DF
17-03-2020 14:00,2.50181,9.7,11.29944,15.1355,BUR1,M26 4DF
17-03-2020 15:00,3.33574,14.5,13.72478,18.83951,BUR1,M26 4DF
17-03-2020 16:00,3.92644,12.6,11.70785,17.72831,BUR1,M26 4DF
17-03-2020 17:00,3.50948,13.5,9.22524,14.60636,BUR1,M26 4DF
17-03-2020 18:00,3.54422,9.7,8.48407,13.91847,BUR1,M26 4DF
17-03-2020 19:00,3.16201,2.9,8.91139,13.75973,BUR1,M26 4DF
17-03-2020 20:00,2.6408,2.9,8.0173,12.06647,BUR1,M26 4DF
17-03-2020 21:00,3.57897,8.7,8.43079,13.91847,BUR1,M26 4DF
17-03-2020 22:00,1.49415,5.8,5.0661,7.35709,BUR1,M26 4DF
17-03-2020 23:00,0.79921,6.8,4.65006,5.87549,BUR1,M26 4DF
18-03-2020 00:00,0.66022,5.8,5.65688,6.66921,BUR1,M26 4DF
18-03-2020 01:00,0.1854,3.9,6.23292,6.5172,BUR1,M26 4DF
18-03-2020 02:00,0.06955,1,3.46373,3.57036,BUR1,M26 4DF
18-03-2020 03:00,0.31285,-1,2.50836,2.98805,BUR1,M26 4DF
18-03-2020 04:00,0.38236,0,3.24877,3.83505,BUR1,M26 4DF
18-03-2020 05:00,0.8342,1,4.03819,5.31729,BUR1,M26 4DF
18-03-2020 06:00,2.7806,3.9,7.93558,12.19911,BUR1,M26 4DF
18-03-2020 07:00,5.07458,2.9,16.32906,24.10996,BUR1,M26 4DF
18-03-2020 08:00,16.47492,6.8,36.32826,61.58945,BUR1,M26 4DF
18-03-2020 09:00,10.49669,10.6,35.91313,52.00783,BUR1,M26 4DF
18-03-2020 10:00,8.09845,10.6,28.31478,40.73222,BUR1,M26 4DF
18-03-2020 11:00,10.60096,5.8,27.44212,43.6967,BUR1,M26 4DF
18-03-2020 12:00,5.38739,9.7,19.02564,27.28619,BUR1,M26 4DF
18-03-2020 13:00,7.71612,8.7,24.03079,35.86201,BUR1,M26 4DF
18-03-2020 14:00,9.97533,5.8,24.21937,39.51467,BUR1,M26 4DF
18-03-2020 15:00,7.57709,14.5,21.38536,33.0034,BUR1,M26 4DF
18-03-2020 16:00,null,null,null,null,BUR1,M26 4DF
18-03-2020 17:00,null,null,null,null,BUR1,M26 4DF
18-03-2020 18:00,16.61395,28,39.50306,64.97742,BUR1,M26 4DF
18-03-2020 19:00,11.08756,18.4,33.73665,50.73734,BUR1,M26 4DF
18-03-2020 20:00,9.41922,25.1,31.5304,45.97299,BUR1,M26 4DF
18-03-2020 21:00,10.84426,27.1,35.00963,51.63727,BUR1,M26 4DF
18-03-2020 22:00,11.22659,26.1,41.88754,59.1014,BUR1,M26 4DF
18-03-2020 23:00,10.77475,24.2,35.06328,51.58433,BUR1,M26 4DF
19-03-2020 00:00,9.45398,18.4,30.57717,45.07306,BUR1,M26 4DF
19-03-2020 01:00,1.43708,9.7,27.79932,30.00282,BUR1,M26 4DF
19-03-2020 02:00,3.52312,18.4,25.94243,31.34447,BUR1,M26 4DF
19-03-2020 03:00,2.95525,18.4,29.67298,34.2043,BUR1,M26 4DF
19-03-2020 04:00,4.10257,13.5,30.98545,37.27598,BUR1,M26 4DF
19-03-2020 05:00,4.83269,17.4,30.66036,38.07038,BUR1,M26 4DF
19-03-2020 06:00,23.67654,20.3,35.13158,71.43511,BUR1,M26 4DF
19-03-2020 07:00,46.62294,20.3,42.84512,114.33263,BUR1,M26 4DF
19-03-2020 08:00,88.27413,31.9,51.21816,186.56993,BUR1,M26 4DF
19-03-2020 09:00,87.99599,49.3,55.13998,190.06528,BUR1,M26 4DF
19-03-2020 10:00,50.30827,52.2,49.48105,126.61933,BUR1,M26 4DF
19-03-2020 11:00,27.22281,39.6,43.14587,84.88693,BUR1,M26 4DF
19-03-2020 12:00,22.63353,39.6,34.24174,68.946,BUR1,M26 4DF
19-03-2020 13:00,9.4915,17.4,19.28015,33.83358,BUR1,M26 4DF
19-03-2020 14:00,16.13205,30,23.71505,48.45052,BUR1,M26 4DF
19-03-2020 15:00,25.38014,54.1,29.55368,68.46936,BUR1,M26 4DF
19-03-2020 16:00,32.4379,40.6,38.43302,88.17044,BUR1,M26 4DF
19-03-2020 17:00,34.07196,43.5,40.42909,92.67203,BUR1,M26 4DF
19-03-2020 18:00,24.30236,40.6,37.87921,75.1423,BUR1,M26 4DF
19-03-2020 19:00,19.08727,37.7,34.27735,63.54409,BUR1,M26 4DF
19-03-2020 20:00,21.41667,33.8,33.72436,66.5628,BUR1,M26 4DF
19-03-2020 21:00,12.79439,30.9,35.98231,55.6001,BUR1,M26 4DF
19-03-2020 22:00,19.43494,34.8,41.26457,71.06439,BUR1,M26 4DF
19-03-2020 23:00,8.34418,25.1,29.67182,42.46605,BUR1,M26 4DF
20-03-2020 00:00,5.21513,29,34.04595,42.04237,BUR1,M26 4DF
20-03-2020 01:00,4.45155,27.1,29.79922,36.62483,BUR1,M26 4DF
20-03-2020 02:00,3.52415,22.2,16.73928,22.1429,BUR1,M26 4DF
20-03-2020 03:00,1.63458,13.5,16.05142,18.55774,BUR1,M26 4DF
20-03-2020 04:00,1.04336,13.5,7.58,9.1798,BUR1,M26 4DF
20-03-2020 05:00,2.53879,11.6,7.5653,11.45806,BUR1,M26 4DF
20-03-2020 06:00,14.32832,16.4,20.48313,42.45292,BUR1,M26 4DF
20-03-2020 07:00,35.33387,26.1,40.67495,94.85279,BUR1,M26 4DF
20-03-2020 08:00,51.74879,33.8,49.04378,128.39082,BUR1,M26 4DF
20-03-2020 09:00,37.10751,43.5,35.73012,92.62751,BUR1,M26 4DF
20-03-2020 10:00,15.19776,37.7,15.97106,39.27396,BUR1,M26 4DF
20-03-2020 11:00,21.31858,33.8,18.08317,50.7712,BUR1,M26 4DF
20-03-2020 12:00,16.13675,37.7,16.38569,41.12836,BUR1,M26 4DF
20-03-2020 13:00,19.57971,33.8,18.84202,48.86382,BUR1,M26 4DF
20-03-2020 14:00,15.37165,30.9,13.956,37.52553,BUR1,M26 4DF
20-03-2020 15:00,16.55408,29,16.11667,41.49923,BUR1,M26 4DF
20-03-2020 16:00,17.18007,30.9,23.21019,49.5526,BUR1,M26 4DF
20-03-2020 17:00,12.24168,31.9,19.44399,38.21431,BUR1,M26 4DF
20-03-2020 18:00,19.61449,31.9,29.54418,59.61931,BUR1,M26 4DF
20-03-2020 19:00,17.35396,42.5,27.4471,54.05613,BUR1,M26 4DF
20-03-2020 20:00,15.96286,35.7,25.71235,50.18839,BUR1,M26 4DF
20-03-2020 21:00,12.03302,28,24.63835,43.08871,BUR1,M26 4DF
20-03-2020 22:00,8.27706,19.3,21.44333,34.13464,BUR1,M26 4DF
20-03-2020 23:00,7.68584,21.3,19.96563,31.75042,BUR1,M26 4DF
21-03-2020 00:00,6.15564,10.6,17.64943,27.08795,BUR1,M26 4DF
21-03-2020 01:00,3.01496,17.4,13.75242,18.37529,BUR1,M26 4DF
21-03-2020 02:00,4.24412,13.5,12.66281,19.17038,BUR1,M26 4DF
21-03-2020 03:00,1.60027,10.6,10.35601,12.80972,BUR1,M26 4DF
21-03-2020 04:00,1.60027,10.6,8.12978,10.58349,BUR1,M26 4DF
21-03-2020 05:00,2.01772,12.6,7.43669,10.53049,BUR1,M26 4DF
21-03-2020 06:00,3.51358,10.6,10.60263,15.99005,BUR1,M26 4DF
21-03-2020 07:00,6.12265,18.4,9.72944,19.11737,BUR1,M26 4DF
21-03-2020 08:00,7.54894,23.2,11.57091,23.14579,BUR1,M26 4DF
21-03-2020 09:00,12.80185,30,16.34388,35.9731,BUR1,M26 4DF
21-03-2020 10:00,10.88854,30,16.25627,32.95179,BUR1,M26 4DF
21-03-2020 11:00,10.4363,24.2,11.43713,27.43923,BUR1,M26 4DF
21-03-2020 12:00,12.97579,28,16.44822,36.34414,BUR1,M26 4DF
21-03-2020 13:00,10.81896,25.1,17.42306,34.0119,BUR1,M26 4DF
21-03-2020 14:00,10.57545,26.1,12.86694,29.0824,BUR1,M26 4DF
21-03-2020 15:00,10.01885,24.2,11.9712,27.33322,BUR1,M26 4DF
21-03-2020 16:00,12.59312,21.3,13.48359,32.79278,BUR1,M26 4DF
21-03-2020 17:00,13.46281,29,16.49654,37.13922,BUR1,M26 4DF
21-03-2020 18:00,10.4363,37.7,18.32784,34.32994,BUR1,M26 4DF
21-03-2020 19:00,9.63619,31.9,17.59346,32.36873,BUR1,M26 4DF
21-03-2020 20:00,11.34077,27.1,20.54536,37.93431,BUR1,M26 4DF
21-03-2020 21:00,13.81069,26.1,23.96696,45.14305,BUR1,M26 4DF
21-03-2020 22:00,7.61851,25.1,18.24893,29.93048,BUR1,M26 4DF
21-03-2020 23:00,6.47052,20.3,21.3873,31.30862,BUR1,M26 4DF
22-03-2020 00:00,3.02656,22.2,15.64283,20.28349,BUR1,M26 4DF
22-03-2020 01:00,4.96451,19.3,14.48696,22.0991,BUR1,M26 4DF
22-03-2020 02:00,2.95785,18.4,15.72548,20.26079,BUR1,M26 4DF
22-03-2020 03:00,1.94872,15.5,15.36378,18.35177,BUR1,M26 4DF
22-03-2020 04:00,2.08791,16.4,18.75628,21.95769,BUR1,M26 4DF
22-03-2020 05:00,1.70514,13.5,15.63121,18.24572,BUR1,M26 4DF
22-03-2020 06:00,3.16664,21.3,17.63254,22.48798,BUR1,M26 4DF
22-03-2020 07:00,7.20316,16.4,22.79133,33.83602,BUR1,M26 4DF
22-03-2020 08:00,6.47241,17.4,20.30588,30.2301,BUR1,M26 4DF
22-03-2020 09:00,10.40454,21.3,15.86754,31.82094,BUR1,M26 4DF
22-03-2020 10:00,6.99437,26.1,12.39976,23.12432,BUR1,M26 4DF
22-03-2020 11:00,11.17009,20.3,12.57259,29.69982,BUR1,M26 4DF
22-03-2020 12:00,11.51807,26.1,14.10713,31.76792,BUR1,M26 4DF
22-03-2020 13:00,10.9961,29,16.55134,33.41179,BUR1,M26 4DF
22-03-2020 14:00,11.0657,21.3,16.44463,33.41179,BUR1,M26 4DF
22-03-2020 15:00,14.16268,41.5,15.93824,37.65405,BUR1,M26 4DF
22-03-2020 16:00,10.30015,42.5,14.64887,30.44221,BUR1,M26 4DF
22-03-2020 17:00,10.12616,41.5,22.28657,37.81313,BUR1,M26 4DF
22-03-2020 18:00,12.21402,36.7,15.69143,34.41933,BUR1,M26 4DF
22-03-2020 19:00,12.35321,39.6,25.07612,44.01744,BUR1,M26 4DF
22-03-2020 20:00,7.86431,39.6,19.49736,31.5558,BUR1,M26 4DF
22-03-2020 21:00,8.42108,31.9,23.41621,36.32834,BUR1,M26 4DF
22-03-2020 22:00,9.6042,30.9,23.72325,38.44947,BUR1,M26 4DF
22-03-2020 23:00,3.20143,26.1,16.99587,21.90467,BUR1,M26 4DF
23-03-2020 00:00,4.41935,25.1,22.23421,29.01045,BUR1,M26 4DF
23-03-2020 01:00,2.92391,24.2,21.55505,26.03831,BUR1,M26 4DF
23-03-2020 02:00,2.78468,17.4,20.70751,24.97729,BUR1,M26 4DF
23-03-2020 03:00,1.14871,16.4,20.22741,21.98875,BUR1,M26 4DF
23-03-2020 04:00,2.15814,21.3,24.25001,27.5591,BUR1,M26 4DF
23-03-2020 05:00,4.83833,17.4,31.06894,38.48761,BUR1,M26 4DF
23-03-2020 06:00,31.04856,23.2,47.2737,94.88083,BUR1,M26 4DF
23-03-2020 07:00,62.79322,27.1,59.66094,155.94254,BUR1,M26 4DF
23-03-2020 08:00,98.47116,63.8,76.94575,227.93275,BUR1,M26 4DF
23-03-2020 09:00,32.5801,45.4,53.57268,103.52814,BUR1,M26 4DF
23-03-2020 10:00,20.95432,34.8,33.57327,65.70278,BUR1,M26 4DF
23-03-2020 11:00,18.41335,36.7,32.48257,60.71598,BUR1,M26 4DF
23-03-2020 12:00,18.6222,33.8,30.0403,58.59394,BUR1,M26 4DF
23-03-2020 13:00,10.30315,30,27.03985,42.83779,BUR1,M26 4DF
23-03-2020 14:00,5.74333,23.2,21.29923,30.10555,BUR1,M26 4DF
23-03-2020 15:00,3.37641,19.3,17.23607,22.41315,BUR1,M26 4DF
23-03-2020 16:00,3.68968,21.3,19.83269,25.49011,BUR1,M26 4DF
23-03-2020 17:00,3.20237,20.3,20.36768,25.27791,BUR1,M26 4DF
23-03-2020 18:00,1.70564,18.4,25.36824,27.98351,BUR1,M26 4DF
23-03-2020 19:00,5.1168,34.8,43.42726,51.2729,BUR1,M26 4DF
23-03-2020 20:00,17.85643,46.4,62.88592,90.26539,BUR1,M26 4DF
23-03-2020 21:00,51.27186,86,83.79901,162.41476,BUR1,M26 4DF
23-03-2020 22:00,17.78681,33.8,64.84944,92.12218,BUR1,M26 4DF
23-03-2020 23:00,8.04065,30,42.71071,55.03952,BUR1,M26 4DF
24-03-2020 00:00,4.10737,28,39.51077,45.80865,BUR1,M26 4DF
24-03-2020 01:00,4.68887,31.9,46.49768,53.68717,BUR1,M26 4DF
24-03-2020 02:00,2.22841,31.9,32.7206,36.13744,BUR1,M26 4DF
24-03-2020 03:00,1.39278,24.2,29.01295,31.14851,BUR1,M26 4DF
24-03-2020 04:00,4.87456,21.3,32.16609,39.64031,BUR1,M26 4DF
24-03-2020 05:00,6.85918,34.8,33.42203,43.93929,BUR1,M26 4DF
24-03-2020 06:00,32.69403,37.7,54.2071,104.33725,BUR1,M26 4DF
24-03-2020 07:00,72.28194,61.8,70.88807,181.71883,BUR1,M26 4DF
24-03-2020 08:00,94.60019,68.6,73.9781,219.0297,BUR1,M26 4DF
24-03-2020 09:00,7.8689,29,30.33468,42.40015,BUR1,M26 4DF
24-03-2020 10:00,5.57092,32.9,23.40266,31.94461,BUR1,M26 4DF
24-03-2020 11:00,5.01383,27.1,21.01934,28.70712,BUR1,M26 4DF
24-03-2020 12:00,4.5612,35.7,18.2105,25.20425,BUR1,M26 4DF
24-03-2020 13:00,3.79521,31.9,14.39607,20.21531,BUR1,M26 4DF
24-03-2020 14:00,2.50695,32.9,10.79863,14.64256,BUR1,M26 4DF
24-03-2020 15:00,1.53205,30,10.27665,12.62576,BUR1,M26 4DF
24-03-2020 16:00,1.14905,30.9,10.28009,12.04195,BUR1,M26 4DF
24-03-2020 17:00,1.07942,34.8,14.26125,15.91633,BUR1,M26 4DF
24-03-2020 18:00,0.83569,33.8,16.59869,17.88006,BUR1,M26 4DF
24-03-2020 19:00,0.87051,34.8,16.96989,18.30465,BUR1,M26 4DF
24-03-2020 20:00,0.94014,27.1,15.43013,16.87166,BUR1,M26 4DF
24-03-2020 21:00,1.14905,34.8,15.79977,17.56162,BUR1,M26 4DF
24-03-2020 22:00,0.76606,30.9,16.97083,18.14543,BUR1,M26 4DF
24-03-2020 23:00,0.48751,35.7,17.71637,18.46387,BUR1,M26 4DF
25-03-2020 00:00,1.77577,28,16.21873,18.94154,BUR1,M26 4DF
25-03-2020 01:00,0.37157,27.1,18.27769,18.84741,BUR1,M26 4DF
25-03-2020 02:00,0.65019,29,17.14252,18.13946,BUR1,M26 4DF
25-03-2020 03:00,0.38317,28,18.43688,19.0244,BUR1,M26 4DF
25-03-2020 04:00,0.97525,26.1,23.21037,24.70573,BUR1,M26 4DF
25-03-2020 05:00,2.64699,24.2,28.18678,32.24545,BUR1,M26 4DF
25-03-2020 06:00,20.09581,31.9,44.97148,75.78463,BUR1,M26 4DF
25-03-2020 07:00,47.01784,42.5,60.61113,132.70414,BUR1,M26 4DF
25-03-2020 08:00,53.94861,51.2,58.85122,141.57126,BUR1,M26 4DF
25-03-2020 09:00,24.72793,38.6,44.18748,82.10312,BUR1,M26 4DF
25-03-2020 10:00,10.37881,33.8,32.73834,48.65228,BUR1,M26 4DF
25-03-2020 11:00,14.1054,26.1,34.77641,56.40438,BUR1,M26 4DF
25-03-2020 12:00,9.15983,33.8,29.19156,43.23643,BUR1,M26 4DF
25-03-2020 13:00,6.19945,32.9,21.73093,31.23661,BUR1,M26 4DF
25-03-2020 14:00,4.56253,29,17.55066,24.54645,BUR1,M26 4DF
25-03-2020 15:00,3.9008,31.9,16.54763,22.52878,BUR1,M26 4DF
25-03-2020 16:00,4.21425,32.9,20.42093,26.8827,BUR1,M26 4DF
25-03-2020 17:00,3.62218,31.9,19.57658,25.13051,BUR1,M26 4DF
25-03-2020 18:00,4.94564,33.8,23.7065,31.28971,BUR1,M26 4DF
25-03-2020 19:00,2.4032,32.9,37.48082,41.16567,BUR1,M26 4DF
25-03-2020 20:00,31.17111,69.6,79.65255,127.44758,BUR1,M26 4DF
25-03-2020 21:00,28.14107,71.5,74.58186,117.73091,BUR1,M26 4DF
25-03-2020 22:00,18.00613,65.7,65.48509,93.09411,BUR1,M26 4DF
25-03-2020 23:00,14.20988,51.2,55.58934,77.37752,BUR1,M26 4DF
26-03-2020 00:00,6.86118,43.5,45.08761,55.60793,BUR1,M26 4DF
26-03-2020 01:00,9.38313,45.4,45.30324,59.69051,BUR1,M26 4DF
26-03-2020 02:00,1.95101,36.7,33.18485,36.17635,BUR1,M26 4DF
26-03-2020 03:00,4.5987,35.7,35.69419,42.74544,BUR1,M26 4DF
26-03-2020 04:00,6.41028,53.1,41.94676,51.77572,BUR1,M26 4DF
26-03-2020 05:00,12.89017,44.4,40.13834,59.90298,BUR1,M26 4DF
26-03-2020 06:00,33.23562,45.4,39.16732,90.12789,BUR1,M26 4DF
26-03-2020 07:00,58.63259,51.2,41.3402,131.24225,BUR1,M26 4DF
26-03-2020 08:00,57.83131,60.9,48.35882,137.03226,BUR1,M26 4DF
26-03-2020 09:00,34.66398,54.1,44.57326,97.72395,BUR1,M26 4DF
26-03-2020 10:00,17.07074,45.4,31.4972,57.67197,BUR1,M26 4DF
26-03-2020 11:00,16.44365,49.3,25.76568,50.97893,BUR1,M26 4DF
26-03-2020 12:00,10.79988,38.6,22.78621,39.3458,BUR1,M26 4DF
26-03-2020 13:00,13.69144,36.7,32.96036,53.95362,BUR1,M26 4DF
26-03-2020 14:00,12.33276,42.5,24.63226,43.54223,BUR1,M26 4DF
26-03-2020 15:00,13.3779,27.1,22.6579,43.17039,BUR1,M26 4DF
26-03-2020 16:00,14.1095,33.8,29.07907,50.71334,BUR1,M26 4DF
26-03-2020 17:00,13.27339,39.6,23.61494,43.96718,BUR1,M26 4DF
26-03-2020 18:00,11.60116,44.4,40.99928,58.78748,BUR1,M26 4DF
26-03-2020 19:00,16.19979,57,49.14028,73.97961,BUR1,M26 4DF
26-03-2020 20:00,15.88624,55.1,61.78537,86.14394,BUR1,M26 4DF
26-03-2020 21:00,15.05013,58,60.09271,83.16925,BUR1,M26 4DF
26-03-2020 22:00,10.79988,62.8,45.04321,61.6028,BUR1,M26 4DF
26-03-2020 23:00,4.25032,48.3,33.99736,40.51443,BUR1,M26 4DF
27-03-2020 00:00,2.92647,37.7,28.69676,33.18396,BUR1,M26 4DF
27-03-2020 01:00,1.44047,35.7,29.62946,31.83815,BUR1,M26 4DF
27-03-2020 02:00,1.28946,39.6,25.07821,27.05536,BUR1,M26 4DF
27-03-2020 03:00,0.87128,36.7,20.24577,21.58172,BUR1,M26 4DF
27-03-2020 04:00,1.04552,40.6,16.63065,18.23377,BUR1,M26 4DF
27-03-2020 05:00,1.74249,42.5,18.16595,20.83773,BUR1,M26 4DF
27-03-2020 06:00,9.68788,41.5,24.4235,39.27805,BUR1,M26 4DF
27-03-2020 07:00,22.44233,48.3,48.49663,82.90772,BUR1,M26 4DF
27-03-2020 08:00,20.69992,58,39.53017,71.2696,BUR1,M26 4DF
27-03-2020 09:00,17.84236,53.1,32.32671,59.68462,BUR1,M26 4DF
27-03-2020 10:00,15.08936,46.4,29.42689,52.56357,BUR1,M26 4DF
27-03-2020 11:00,9.30455,41.5,25.64897,39.91575,BUR1,M26 4DF
27-03-2020 12:00,11.04696,42.5,23.24302,40.18146,BUR1,M26 4DF
27-03-2020 13:00,13.41664,52.2,26.41176,46.98365,BUR1,M26 4DF
27-03-2020 14:00,13.66058,46.4,18.54469,39.49061,BUR1,M26 4DF
27-03-2020 15:00,9.96667,41.5,19.10696,34.38897,BUR1,M26 4DF
27-03-2020 16:00,11.3606,47.3,18.29819,35.71752,BUR1,M26 4DF
27-03-2020 17:00,10.10606,42.5,17.61782,33.11356,BUR1,M26 4DF
27-03-2020 18:00,11.46514,36.7,20.15729,37.73692,BUR1,M26 4DF
27-03-2020 19:00,7.3879,45.4,19.87249,31.20045,BUR1,M26 4DF
27-03-2020 20:00,8.18941,41.5,22.15091,34.70782,BUR1,M26 4DF
27-03-2020 21:00,8.11971,39.6,17.90012,30.35017,BUR1,M26 4DF
27-03-2020 22:00,5.75003,36.7,17.97305,26.78965,BUR1,M26 4DF
27-03-2020 23:00,3.72884,37.7,15.43912,21.15658,BUR1,M26 4DF
28-03-2020 00:00,2.99702,37.7,12.57555,17.17093,BUR1,M26 4DF
28-03-2020 01:00,0.69725,34.8,10.61943,11.68853,BUR1,M26 4DF
28-03-2020 02:00,1.99863,27.1,9.54553,12.61005,BUR1,M26 4DF
28-03-2020 03:00,0.97612,14.5,7.51587,9.01256,BUR1,M26 4DF
28-03-2020 04:00,0.4881,2.9,6.56287,7.31128,BUR1,M26 4DF
28-03-2020 05:00,0.87154,5.8,6.87874,8.21509,BUR1,M26 4DF
28-03-2020 06:00,3.10247,6.8,9.0935,13.85056,BUR1,M26 4DF
28-03-2020 07:00,3.8345,7.7,9.4597,15.33918,BUR1,M26 4DF
28-03-2020 08:00,7.49462,17.4,10.59953,22.09112,BUR1,M26 4DF
28-03-2020 09:00,4.2528,25.1,9.93478,16.45565,BUR1,M26 4DF
28-03-2020 10:00,6.10029,31.9,11.72734,21.08099,BUR1,M26 4DF
28-03-2020 11:00,5.22883,21.3,11.04329,19.06073,BUR1,M26 4DF
28-03-2020 12:00,5.40312,19.3,11.46719,19.75187,BUR1,M26 4DF
28-03-2020 13:00,6.3443,40.6,10.50256,20.23035,BUR1,M26 4DF
28-03-2020 14:00,6.20487,30.9,10.07838,19.59237,BUR1,M26 4DF
28-03-2020 15:00,7.07633,32.9,9.80546,20.65567,BUR1,M26 4DF
28-03-2020 16:00,6.97175,23.2,12.88987,23.57974,BUR1,M26 4DF
28-03-2020 17:00,6.86718,16.4,10.92362,21.45314,BUR1,M26 4DF
28-03-2020 18:00,6.51859,17.4,9.17202,19.16705,BUR1,M26 4DF
28-03-2020 19:00,7.80835,24.2,11.97926,23.95189,BUR1,M26 4DF
28-03-2020 20:00,5.15912,19.3,9.71474,17.62527,BUR1,M26 4DF
28-03-2020 21:00,4.42709,17.4,7.85993,14.64804,BUR1,M26 4DF
28-03-2020 22:00,3.90422,15.5,6.58823,12.57461,BUR1,M26 4DF
28-03-2020 23:00,3.38134,17.4,7.54945,12.7341,BUR1,M26 4DF
29-03-2020 00:00,0.87154,17.4,4.27366,5.61001,BUR1,M26 4DF
29-03-2020 01:00,1.0229,14.5,3.28558,4.854,BUR1,M26 4DF
29-03-2020 02:00,0.73233,13.5,4.13889,5.26177,BUR1,M26 4DF
29-03-2020 03:00,0.73233,10.6,3.60701,4.7299,BUR1,M26 4DF
29-03-2020 04:00,0.69746,14.5,3.07541,4.14483,BUR1,M26 4DF
29-03-2020 05:00,1.49943,12.6,3.17543,5.47452,BUR1,M26 4DF
29-03-2020 06:00,1.84812,10.6,4.39598,7.22972,BUR1,M26 4DF
29-03-2020 07:00,3.24285,10.6,4.65086,9.62316,BUR1,M26 4DF
29-03-2020 08:00,2.82443,16.4,6.78168,11.11242,BUR1,M26 4DF
29-03-2020 09:00,3.62641,17.4,4.48825,10.04866,BUR1,M26 4DF
29-03-2020 10:00,5.36983,23.2,7.29337,15.52699,BUR1,M26 4DF
29-03-2020 11:00,5.30009,16.4,10.69793,18.82463,BUR1,M26 4DF
29-03-2020 12:00,6.34615,17.4,7.65794,17.38856,BUR1,M26 4DF
29-03-2020 13:00,6.27641,18.4,9.46687,19.09057,BUR1,M26 4DF
29-03-2020 14:00,5.64878,15.5,9.04635,17.70769,BUR1,M26 4DF
29-03-2020 15:00,5.85799,19.3,7.92775,16.90987,BUR1,M26 4DF
29-03-2020 16:00,5.57904,14.5,5.53652,14.09093,BUR1,M26 4DF
29-03-2020 17:00,3.73101,18.4,6.34899,12.0698,BUR1,M26 4DF
29-03-2020 18:00,5.30009,15.5,10.69793,18.82463,BUR1,M26 4DF
29-03-2020 19:00,6.86917,19.3,12.70662,23.2392,BUR1,M26 4DF
29-03-2020 20:00,6.10207,12.6,14.62746,23.98383,BUR1,M26 4DF
29-03-2020 21:00,5.61391,12.6,17.02478,25.63265,BUR1,M26 4DF
29-03-2020 22:00,0.69746,11.6,15.41495,16.48437,BUR1,M26 4DF
29-03-2020 23:00,1.46456,12.6,14.07918,16.32481,BUR1,M26 4DF
30-03-2020 00:00,1.60404,11.6,13.01432,15.47381,BUR1,M26 4DF
30-03-2020 01:00,0.37213,11.6,6.59522,7.16582,BUR1,M26 4DF
30-03-2020 02:00,0.69767,6.8,8.72113,9.79086,BUR1,M26 4DF
30-03-2020 03:00,0.76742,7.7,8.68511,9.86181,BUR1,M26 4DF
30-03-2020 04:00,3.80186,10.6,15.15336,20.9828,BUR1,M26 4DF
30-03-2020 05:00,5.05749,10.6,23.4445,31.1992,BUR1,M26 4DF
30-03-2020 06:00,4.77846,11.6,30.20438,37.53124,BUR1,M26 4DF
30-03-2020 07:00,5.37139,10.6,29.93375,38.16977,BUR1,M26 4DF
30-03-2020 08:00,12.27735,17.4,32.75379,51.5788,BUR1,M26 4DF
30-03-2020 09:00,11.26587,13.5,20.36357,37.63766,BUR1,M26 4DF
30-03-2020 10:00,11.16124,12.6,14.08554,31.1992,BUR1,M26 4DF
30-03-2020 11:00,14.963,14.5,17.94055,40.8835,BUR1,M26 4DF
30-03-2020 12:00,14.40494,26.1,17.25313,39.3404,BUR1,M26 4DF
30-03-2020 13:00,14.64909,24.2,17.67693,40.13855,BUR1,M26 4DF
30-03-2020 14:00,16.28839,30,21.60184,46.57702,BUR1,M26 4DF
30-03-2020 15:00,9.97536,23.2,17.12769,32.42304,BUR1,M26 4DF
30-03-2020 16:00,12.55638,23.2,16.41603,35.66888,BUR1,M26 4DF
30-03-2020 17:00,9.31267,15.5,15.32366,29.60289,BUR1,M26 4DF
30-03-2020 18:00,9.83585,20.3,14.78751,29.86894,BUR1,M26 4DF
30-03-2020 19:00,9.41731,12.6,12.13022,26.56989,BUR1,M26 4DF
30-03-2020 20:00,5.65042,11.6,12.05288,20.71674,BUR1,M26 4DF
30-03-2020 21:00,5.44115,12.6,11.94808,20.29106,BUR1,M26 4DF
30-03-2020 22:00,4.2204,12.6,9.24377,15.71496,BUR1,M26 4DF
30-03-2020 23:00,1.98817,10.6,6.76011,9.8086,BUR1,M26 4DF
31-03-2020 00:00,1.18596,7.7,5.27642,7.09487,BUR1,M26 4DF
31-03-2020 01:00,0.5118,9.7,5.7138,6.49855,BUR1,M26 4DF
31-03-2020 02:00,0.69787,9.7,6.15601,7.22607,BUR1,M26 4DF
31-03-2020 03:00,1.29098,7.7,6.57742,8.5569,BUR1,M26 4DF
31-03-2020 04:00,2.82608,6.8,9.49372,13.82699,BUR1,M26 4DF
31-03-2020 05:00,6.69873,3.9,16.06556,26.3368,BUR1,M26 4DF
31-03-2020 06:00,15.97912,3.9,27.17484,51.67581,BUR1,M26 4DF
31-03-2020 07:00,15.80467,5.8,35.53376,59.76726,BUR1,M26 4DF
31-03-2020 08:00,19.04932,5.8,24.70305,53.9116,BUR1,M26 4DF
31-03-2020 09:00,10.7807,6.8,19.01596,35.54614,BUR1,M26 4DF
31-03-2020 10:00,14.82779,46.4,15.73834,38.47397,BUR1,M26 4DF
31-03-2020 11:00,13.11825,51.2,15.11238,35.22674,BUR1,M26 4DF
31-03-2020 12:00,11.96692,46.4,19.96525,38.31427,BUR1,M26 4DF
31-03-2020 13:00,12.69958,32.9,18.14982,37.62224,BUR1,M26 4DF
31-03-2020 14:00,10.95515,18.4,21.30368,38.10134,BUR1,M26 4DF
31-03-2020 15:00,6.90806,12.6,13.40232,23.99453,BUR1,M26 4DF
31-03-2020 16:00,10.99004,13.5,24.97651,41.82766,BUR1,M26 4DF
31-03-2020 17:00,10.1876,23.2,25.83427,41.45503,BUR1,M26 4DF
31-03-2020 18:00,7.98961,17.4,20.26129,32.51185,BUR1,M26 4DF
31-03-2020 19:00,7.25695,18.4,22.50258,33.62974,BUR1,M26 4DF
31-03-2020 20:00,5.44273,11.6,16.39439,24.7398,BUR1,M26 4DF
31-03-2020 21:00,1.98875,6.8,8.32888,11.37826,BUR1,M26 4DF
31-03-2020 22:00,3.03541,11.6,13.59111,18.24534,BUR1,M26 4DF
31-03-2020 23:00,1.91898,9.7,9.66023,12.60262,BUR1,M26 4DF
