timestamp,PM₁₀ level  (µg/m³),NOx level  (µg/m³),NO level  (µg/m³),NO₂ level  (µg/m³),StationName,PostCodes
01-02-2020 00:00,5.8,18.69303,5.48323,10.28553,STK7,SK8 1LA
01-02-2020 01:00,6.8,22.18679,6.59033,12.08176,STK7,SK8 1LA
01-02-2020 02:00,11.6,17.20933,4.86511,9.74959,STK7,SK8 1LA
01-02-2020 03:00,21.3,7.51915,1.89774,4.60933,STK7,SK8 1LA
01-02-2020 04:00,30,9.16066,2.48431,5.35143,STK7,SK8 1LA
01-02-2020 05:00,25.1,6.61897,1.24216,4.71436,STK7,SK8 1LA
01-02-2020 06:00,23.2,17.36818,3.76097,11.60144,STK7,SK8 1LA
01-02-2020 07:00,18.4,21.71023,6.21078,12.18716,STK7,SK8 1LA
01-02-2020 08:00,17.4,30.92384,8.69509,17.59154,STK7,SK8 1LA
01-02-2020 09:00,22.2,65.7661,21.70323,32.48828,STK7,SK8 1LA
01-02-2020 10:00,17.4,69.57863,27.32744,27.67714,STK7,SK8 1LA
01-02-2020 11:00,21.3,67.99008,25.70574,28.57517,STK7,SK8 1LA
01-02-2020 12:00,14.5,67.93713,25.63673,28.62803,STK7,SK8 1LA
01-02-2020 13:00,16.4,72.43803,29.15617,27.73252,STK7,SK8 1LA
01-02-2020 14:00,15.5,61.31815,24.49809,23.75495,STK7,SK8 1LA
01-02-2020 15:00,13.5,57.08201,22.97989,21.84667,STK7,SK8 1LA
01-02-2020 16:00,8.7,77.46844,30.39833,30.85833,STK7,SK8 1LA
01-02-2020 17:00,8.7,62.37719,24.29106,25.13142,STK7,SK8 1LA
01-02-2020 18:00,11.6,80.16898,28.12104,37.05066,STK7,SK8 1LA
01-02-2020 19:00,13.5,71.06128,24.01502,34.23876,STK7,SK8 1LA
01-02-2020 20:00,12.6,78.15682,26.2233,37.94832,STK7,SK8 1LA
01-02-2020 21:00,16.4,73.92068,26.74087,32.91859,STK7,SK8 1LA
01-02-2020 22:00,17.4,78.10387,24.15304,41.06972,STK7,SK8 1LA
01-02-2020 23:00,16.4,73.55001,20.80612,41.64774,STK7,SK8 1LA
02-02-2020 00:00,18.4,78.89814,21.94476,45.24998,STK7,SK8 1LA
02-02-2020 01:00,16.4,56.1257,14.91392,33.25802,STK7,SK8 1LA
02-02-2020 02:00,11.6,27.21567,6.35222,17.47573,STK7,SK8 1LA
02-02-2020 03:00,6.8,18.69092,3.97014,12.60346,STK7,SK8 1LA
02-02-2020 04:00,6.8,13.60784,3.17611,8.73787,STK7,SK8 1LA
02-02-2020 05:00,5.8,16.09643,3.83205,10.2207,STK7,SK8 1LA
02-02-2020 06:00,3.9,9.47783,1.72615,6.83111,STK7,SK8 1LA
02-02-2020 07:00,1,11.11924,1.48449,8.84306,STK7,SK8 1LA
02-02-2020 08:00,0,11.0663,0.75951,9.90174,STK7,SK8 1LA
02-02-2020 09:00,2.9,31.61042,4.14276,25.25829,STK7,SK8 1LA
02-02-2020 10:00,3.9,76.61688,23.09586,41.20373,STK7,SK8 1LA
02-02-2020 11:00,2.9,89.21869,30.89804,41.84235,STK7,SK8 1LA
02-02-2020 12:00,5.8,125.96514,47.50358,53.12733,STK7,SK8 1LA
02-02-2020 13:00,6.8,115.26949,45.01793,46.24296,STK7,SK8 1LA
02-02-2020 14:00,11.6,98.21998,38.56214,39.0922,STK7,SK8 1LA
02-02-2020 15:00,19.3,89.43049,35.00627,35.75495,STK7,SK8 1LA
02-02-2020 16:00,29,81.69996,29.65522,36.22927,STK7,SK8 1LA
02-02-2020 17:00,25.1,113.15154,38.94189,53.44147,STK7,SK8 1LA
02-02-2020 18:00,16.4,63.27379,21.5078,30.29562,STK7,SK8 1LA
02-02-2020 19:00,22.2,59.77917,20.02331,29.07719,STK7,SK8 1LA
02-02-2020 20:00,20.3,33.62247,10.11523,18.11268,STK7,SK8 1LA
02-02-2020 21:00,18.4,38.54671,10.90925,21.81942,STK7,SK8 1LA
02-02-2020 22:00,21.3,32.88119,8.11289,20.44159,STK7,SK8 1LA
02-02-2020 23:00,14.5,33.94017,7.69862,22.13578,STK7,SK8 1LA
03-02-2020 00:00,8.7,18.69092,5.48915,10.27434,STK7,SK8 1LA
03-02-2020 01:00,15.5,8.15365,1.96887,5.13476,STK7,SK8 1LA
03-02-2020 02:00,10.6,6.2476,1.79616,3.49353,STK7,SK8 1LA
03-02-2020 03:00,9.7,4.71217,1.20895,2.85847,STK7,SK8 1LA
03-02-2020 04:00,7.7,9.58319,1.31258,7.57059,STK7,SK8 1LA
03-02-2020 05:00,15.5,9.95381,2.62516,5.92862,STK7,SK8 1LA
03-02-2020 06:00,13.5,28.59072,9.94797,13.33738,STK7,SK8 1LA
03-02-2020 07:00,20.3,81.96007,26.76971,40.91376,STK7,SK8 1LA
03-02-2020 08:00,16.4,123.25778,48.7036,48.57997,STK7,SK8 1LA
03-02-2020 09:00,21.3,141.25935,60.68952,48.20338,STK7,SK8 1LA
03-02-2020 10:00,33.8,139.98865,55.75008,54.50639,STK7,SK8 1LA
03-02-2020 11:00,26.1,122.83421,49.18718,47.41492,STK7,SK8 1LA
03-02-2020 12:00,27.1,96.89078,40.55179,34.71224,STK7,SK8 1LA
03-02-2020 13:00,26.1,108.43296,44.2132,40.64034,STK7,SK8 1LA
03-02-2020 14:00,24.2,94.82589,37.71938,36.99032,STK7,SK8 1LA
03-02-2020 15:00,27.1,123.99902,46.21661,53.13455,STK7,SK8 1LA
03-02-2020 16:00,23.2,128.55236,52.84859,47.51899,STK7,SK8 1LA
03-02-2020 17:00,23.2,147.55989,55.99187,61.7069,STK7,SK8 1LA
03-02-2020 18:00,23.2,143.64191,55.78462,58.10669,STK7,SK8 1LA
03-02-2020 19:00,16.4,120.98111,44.76586,52.34108,STK7,SK8 1LA
03-02-2020 20:00,10.6,106.57986,38.13388,48.10872,STK7,SK8 1LA
03-02-2020 21:00,11.6,71.79448,22.14114,37.84521,STK7,SK8 1LA
03-02-2020 22:00,9.7,44.95097,15.78549,20.74688,STK7,SK8 1LA
03-02-2020 23:00,15.5,39.23282,12.884,19.47763,STK7,SK8 1LA
04-02-2020 00:00,15.5,20.91358,6.18294,11.43321,STK7,SK8 1LA
04-02-2020 01:00,10.6,9.42382,2.41921,5.71441,STK7,SK8 1LA
04-02-2020 02:00,10.6,5.40016,1.24417,3.49247,STK7,SK8 1LA
04-02-2020 03:00,10.6,4.87074,1.00225,3.33398,STK7,SK8 1LA
04-02-2020 04:00,6.8,5.18839,1.72801,2.53882,STK7,SK8 1LA
04-02-2020 05:00,13.5,11.27681,4.2509,4.75886,STK7,SK8 1LA
04-02-2020 06:00,15.5,16.35932,5.70243,7.61572,STK7,SK8 1LA
04-02-2020 07:00,13.5,60.09006,19.97578,29.46097,STK7,SK8 1LA
04-02-2020 08:00,22.2,107.5268,45.27382,38.10791,STK7,SK8 1LA
04-02-2020 09:00,26.1,140.24544,58.9942,49.78892,STK7,SK8 1LA
04-02-2020 10:00,16.4,114.99173,44.37525,46.95062,STK7,SK8 1LA
04-02-2020 11:00,12.6,110.01511,39.22579,49.86974,STK7,SK8 1LA
04-02-2020 12:00,25.1,158.35187,65.56064,57.82697,STK7,SK8 1LA
04-02-2020 13:00,26.1,112.82108,43.47669,46.15775,STK7,SK8 1LA
04-02-2020 14:00,29,127.53917,55.08891,43.0707,STK7,SK8 1LA
04-02-2020 15:00,19.3,133.68054,52.32409,53.45138,STK7,SK8 1LA
04-02-2020 16:00,25.1,144.58675,55.84923,58.95246,STK7,SK8 1LA
04-02-2020 17:00,29,176.61713,72.78371,65.017,STK7,SK8 1LA
04-02-2020 18:00,31.9,234.90714,96.18094,87.43175,STK7,SK8 1LA
04-02-2020 19:00,32.9,219.44785,91.13516,79.70922,STK7,SK8 1LA
04-02-2020 20:00,35.7,217.11837,84.56873,87.44813,STK7,SK8 1LA
04-02-2020 21:00,26.1,147.33978,51.80569,67.90549,STK7,SK8 1LA
04-02-2020 22:00,25.1,142.83964,49.87032,66.37288,STK7,SK8 1LA
04-02-2020 23:00,21.3,145.69855,48.9372,70.66256,STK7,SK8 1LA
05-02-2020 00:00,16.4,80.20832,20.7361,48.41341,STK7,SK8 1LA
05-02-2020 01:00,23.2,52.99273,10.68484,36.60954,STK7,SK8 1LA
05-02-2020 02:00,21.3,30.17568,3.31956,25.08576,STK7,SK8 1LA
05-02-2020 03:00,19.3,30.96978,3.9074,24.97851,STK7,SK8 1LA
05-02-2020 04:00,15.5,30.3345,6.91576,19.73049,STK7,SK8 1LA
05-02-2020 05:00,17.4,55.11032,11.44557,37.56069,STK7,SK8 1LA
05-02-2020 06:00,14.5,128.16723,49.86259,51.71233,STK7,SK8 1LA
05-02-2020 07:00,18.4,186.61276,79.42744,64.82571,STK7,SK8 1LA
05-02-2020 08:00,19.3,179.62471,73.13411,67.48731,STK7,SK8 1LA
05-02-2020 09:00,26.1,271.63406,132.50586,68.46124,STK7,SK8 1LA
05-02-2020 10:00,30,233.3586,100.5205,79.22932,STK7,SK8 1LA
05-02-2020 11:00,45.4,294.2923,135.75627,86.13559,STK7,SK8 1LA
05-02-2020 12:00,57,249.45229,110.72123,79.6821,STK7,SK8 1LA
05-02-2020 13:00,54.1,208.31808,83.99184,79.53238,STK7,SK8 1LA
05-02-2020 14:00,54.1,201.59472,78.5284,81.18619,STK7,SK8 1LA
05-02-2020 15:00,49.3,207.36516,89.52445,70.09626,STK7,SK8 1LA
05-02-2020 16:00,51.2,224.78235,95.92152,77.70474,STK7,SK8 1LA
05-02-2020 17:00,58.9,310.59775,143.67481,90.29945,STK7,SK8 1LA
05-02-2020 18:00,53.1,399.11308,195.37007,99.54981,STK7,SK8 1LA
05-02-2020 19:00,41.5,273.48696,124.27611,82.93291,STK7,SK8 1LA
05-02-2020 20:00,44.4,325.63265,157.368,84.33841,STK7,SK8 1LA
05-02-2020 21:00,36.7,265.28129,128.07978,68.89503,STK7,SK8 1LA
05-02-2020 22:00,43.5,244.21125,121.64813,57.68673,STK7,SK8 1LA
05-02-2020 23:00,35.7,275.55161,142.15334,57.58619,STK7,SK8 1LA
06-02-2020 00:00,29,156.01356,75.79667,39.79362,STK7,SK8 1LA
06-02-2020 01:00,28,127.4718,58.95394,37.07702,STK7,SK8 1LA
06-02-2020 02:00,26.1,107.88519,47.91737,34.41291,STK7,SK8 1LA
06-02-2020 03:00,23.2,59.55389,21.41578,26.71682,STK7,SK8 1LA
06-02-2020 04:00,16.4,50.34289,17.40248,23.65946,STK7,SK8 1LA
06-02-2020 05:00,16.4,53.04267,16.43376,27.84459,STK7,SK8 1LA
06-02-2020 06:00,20.3,109.36742,49.05909,34.14453,STK7,SK8 1LA
06-02-2020 07:00,18.4,195.65439,99.1561,43.61717,STK7,SK8 1LA
06-02-2020 08:00,17.4,135.88875,59.85347,44.11471,STK7,SK8 1LA
06-02-2020 09:00,21.3,208.78272,108.60118,42.26323,STK7,SK8 1LA
06-02-2020 10:00,29,235.88636,121.71359,49.26146,STK7,SK8 1LA
06-02-2020 11:00,29,206.18882,98.32576,55.42475,STK7,SK8 1LA
06-02-2020 12:00,43.5,212.85885,95.48877,66.44477,STK7,SK8 1LA
06-02-2020 13:00,42.5,155.15775,65.45825,54.78983,STK7,SK8 1LA
06-02-2020 14:00,36.7,88.93382,31.31063,40.92485,STK7,SK8 1LA
06-02-2020 15:00,44.4,131.23032,50.27,54.15073,STK7,SK8 1LA
06-02-2020 16:00,56,234.66881,103.68835,75.68222,STK7,SK8 1LA
06-02-2020 17:00,58,293.69334,134.30704,87.75875,STK7,SK8 1LA
06-02-2020 18:00,47.3,288.82315,134.68761,82.30503,STK7,SK8 1LA
06-02-2020 19:00,29,244.62093,113.85998,70.03806,STK7,SK8 1LA
06-02-2020 20:00,36.7,291.78761,144.27108,70.57504,STK7,SK8 1LA
06-02-2020 21:00,33.8,236.99803,116.35099,58.59566,STK7,SK8 1LA
06-02-2020 22:00,34.8,237.36859,114.82871,61.30035,STK7,SK8 1LA
06-02-2020 23:00,33.8,291.09943,151.05217,59.48934,STK7,SK8 1LA
07-02-2020 00:00,33.8,311.0566,166.34421,55.99904,STK7,SK8 1LA
07-02-2020 01:00,32.9,252.38835,134.24081,46.55532,STK7,SK8 1LA
07-02-2020 02:00,30,186.27404,96.47476,38.34813,STK7,SK8 1LA
07-02-2020 03:00,30.9,109.41416,49.32779,33.77928,STK7,SK8 1LA
07-02-2020 04:00,26.1,114.38994,50.53935,36.89736,STK7,SK8 1LA
07-02-2020 05:00,25.1,136.03986,64.59344,36.99798,STK7,SK8 1LA
07-02-2020 06:00,26.1,164.14771,79.68601,41.9642,STK7,SK8 1LA
07-02-2020 07:00,26.1,169.12349,75.7744,52.93769,STK7,SK8 1LA
07-02-2020 08:00,39.6,739.11463,406.80711,115.35243,STK7,SK8 1LA
07-02-2020 09:00,41.5,794.74806,446.02702,110.84949,STK7,SK8 1LA
07-02-2020 10:00,24.2,97.66286,33.64674,46.07191,STK7,SK8 1LA
07-02-2020 11:00,33.8,95.01617,34.16598,42.62906,STK7,SK8 1LA
07-02-2020 12:00,30.9,86.81143,31.11978,39.09511,STK7,SK8 1LA
07-02-2020 13:00,36.7,109.67883,42.71613,44.18168,STK7,SK8 1LA
07-02-2020 14:00,30,104.2443,40.29301,42.46254,STK7,SK8 1LA
07-02-2020 15:00,33.8,126.40591,51.47398,47.48025,STK7,SK8 1LA
07-02-2020 16:00,38.6,139.32176,58.46641,49.67452,STK7,SK8 1LA
07-02-2020 17:00,37.7,153.40215,61.82416,58.60643,STK7,SK8 1LA
07-02-2020 18:00,32.9,102.16223,31.8121,53.38437,STK7,SK8 1LA
07-02-2020 19:00,30.9,99.51554,31.67363,50.94999,STK7,SK8 1LA
07-02-2020 20:00,34.8,76.91281,26.72354,35.93728,STK7,SK8 1LA
07-02-2020 21:00,18.4,54.99822,15.99259,30.47659,STK7,SK8 1LA
07-02-2020 22:00,23.2,40.60022,9.76171,25.63248,STK7,SK8 1LA
07-02-2020 23:00,21.3,34.77751,11.2502,17.52745,STK7,SK8 1LA
08-02-2020 00:00,20.3,24.13781,6.54242,14.10624,STK7,SK8 1LA
08-02-2020 01:00,18.4,17.41423,4.26006,10.88224,STK7,SK8 1LA
08-02-2020 02:00,9.7,9.47461,2.52833,5.5979,STK7,SK8 1LA
08-02-2020 03:00,6.8,5.02843,1.0044,3.48836,STK7,SK8 1LA
08-02-2020 04:00,16.4,7.56911,1.66246,5.02003,STK7,SK8 1LA
08-02-2020 05:00,13.5,7.56911,1.801,4.80761,STK7,SK8 1LA
08-02-2020 06:00,8.7,16.77906,3.602,11.25608,STK7,SK8 1LA
08-02-2020 07:00,7.7,47.10842,11.53332,29.42424,STK7,SK8 1LA
08-02-2020 08:00,8.7,61.08215,20.36514,29.85603,STK7,SK8 1LA
08-02-2020 09:00,10.6,75.32053,25.24862,36.60652,STK7,SK8 1LA
08-02-2020 10:00,14.5,72.62106,25.80278,33.05736,STK7,SK8 1LA
08-02-2020 11:00,10.6,66.05764,25.80278,26.49394,STK7,SK8 1LA
08-02-2020 12:00,36.7,63.5699,22.44322,29.15744,STK7,SK8 1LA
08-02-2020 13:00,43.5,65.31661,26.35693,24.90322,STK7,SK8 1LA
08-02-2020 14:00,34.8,54.73045,22.65103,19.99936,STK7,SK8 1LA
08-02-2020 15:00,23.2,51.13116,18.84122,22.24169,STK7,SK8 1LA
08-02-2020 16:00,19.3,53.93649,19.08366,24.67528,STK7,SK8 1LA
08-02-2020 17:00,22.2,56.00079,19.88026,25.51815,STK7,SK8 1LA
08-02-2020 18:00,16.4,35.30485,12.43382,16.23992,STK7,SK8 1LA
08-02-2020 19:00,18.4,47.32014,16.3129,22.30738,STK7,SK8 1LA
08-02-2020 20:00,14.5,37.68673,13.6114,16.81622,STK7,SK8 1LA
08-02-2020 21:00,8.7,22.97197,7.96596,10.75767,STK7,SK8 1LA
08-02-2020 22:00,11.6,20.90767,6.82302,10.44586,STK7,SK8 1LA
08-02-2020 23:00,9.7,17.46717,6.09569,8.12057,STK7,SK8 1LA
09-02-2020 00:00,6.8,14.13252,4.98738,6.48531,STK7,SK8 1LA
09-02-2020 01:00,6.8,9.47408,3.04948,4.79827,STK7,SK8 1LA
09-02-2020 02:00,7.7,6.88062,2.49503,3.05496,STK7,SK8 1LA
09-02-2020 03:00,3.9,4.92229,1.69801,2.31871,STK7,SK8 1LA
09-02-2020 04:00,1,4.39301,1.69801,1.78943,STK7,SK8 1LA
09-02-2020 05:00,1,5.45156,1.59405,3.00739,STK7,SK8 1LA
09-02-2020 06:00,-1,4.44594,1.35147,2.3737,STK7,SK8 1LA
09-02-2020 07:00,null,4.81643,1.80197,2.05345,STK7,SK8 1LA
09-02-2020 08:00,-1.9,7.46282,2.6683,3.37149,STK7,SK8 1LA
09-02-2020 09:00,-1.9,5.39864,1.94058,2.42312,STK7,SK8 1LA
09-02-2020 10:00,-1.9,8.73309,3.11879,3.95101,STK7,SK8 1LA
09-02-2020 11:00,0,13.54952,5.16333,5.63253,STK7,SK8 1LA
09-02-2020 12:00,null,27.46953,10.46527,11.42301,STK7,SK8 1LA
09-02-2020 13:00,null,36.3614,12.78703,16.75489,STK7,SK8 1LA
09-02-2020 14:00,null,34.8265,12.47515,15.6982,STK7,SK8 1LA
09-02-2020 15:00,null,33.55623,13.13357,13.41838,STK7,SK8 1LA
09-02-2020 16:00,23.2,38.90194,12.54446,19.66737,STK7,SK8 1LA
09-02-2020 17:00,27.1,31.86254,10.2227,16.18796,STK7,SK8 1LA
09-02-2020 18:00,8.7,62.98409,22.62854,28.28748,STK7,SK8 1LA
09-02-2020 19:00,6.8,39.64293,12.75238,20.08955,STK7,SK8 1LA
09-02-2020 20:00,4.8,35.24992,11.36625,17.82191,STK7,SK8 1LA
09-02-2020 21:00,4.8,34.13844,11.36625,16.71043,STK7,SK8 1LA
09-02-2020 22:00,5.8,19.95378,6.37619,10.1771,STK7,SK8 1LA
09-02-2020 23:00,3.9,12.54389,4.26235,6.00839,STK7,SK8 1LA
10-02-2020 00:00,5.8,11.43241,2.84156,7.07541,STK7,SK8 1LA
10-02-2020 01:00,8.7,11.90808,2.01097,8.82465,STK7,SK8 1LA
10-02-2020 02:00,6.8,8.04457,0.8668,6.71551,STK7,SK8 1LA
10-02-2020 03:00,6.8,11.37883,0.69344,10.31558,STK7,SK8 1LA
10-02-2020 04:00,12.6,7.30362,1.45622,5.07079,STK7,SK8 1LA
10-02-2020 05:00,17.4,11.64346,1.94162,8.66635,STK7,SK8 1LA
10-02-2020 06:00,9.7,19.74096,7.55846,8.15149,STK7,SK8 1LA
10-02-2020 07:00,13.5,52.76604,20.9071,20.70893,STK7,SK8 1LA
10-02-2020 08:00,10.6,81.08081,31.2393,33.18122,STK7,SK8 1LA
10-02-2020 09:00,18.4,93.78277,38.24301,35.14431,STK7,SK8 1LA
10-02-2020 10:00,21.3,89.60171,33.83969,37.71491,STK7,SK8 1LA
10-02-2020 11:00,31.9,91.98332,36.92548,35.36504,STK7,SK8 1LA
10-02-2020 12:00,34.8,72.61284,27.91081,29.81687,STK7,SK8 1LA
10-02-2020 13:00,26.1,65.46799,25.65714,26.12759,STK7,SK8 1LA
10-02-2020 14:00,20.3,83.30365,32.79954,33.01174,STK7,SK8 1LA
10-02-2020 15:00,15.5,null,null,null,STK7,SK8 1LA
10-02-2020 16:00,16.4,97.11703,38.76309,37.68113,STK7,SK8 1LA
10-02-2020 17:00,10.6,102.77998,37.68826,44.99213,STK7,SK8 1LA
10-02-2020 18:00,8.7,108.17832,40.77405,45.65898,STK7,SK8 1LA
10-02-2020 19:00,12.6,73.19501,26.62795,32.36606,STK7,SK8 1LA
10-02-2020 20:00,11.6,47.73818,19.52023,17.80758,STK7,SK8 1LA
10-02-2020 21:00,11.6,27.46798,9.56942,12.79507,STK7,SK8 1LA
10-02-2020 22:00,14.5,21.69917,8.52927,8.62115,STK7,SK8 1LA
10-02-2020 23:00,18.4,14.9248,4.95807,7.32253,STK7,SK8 1LA
11-02-2020 00:00,10.6,9.36769,3.25915,4.3704,STK7,SK8 1LA
11-02-2020 01:00,15.5,5.77332,1.80388,3.00742,STK7,SK8 1LA
11-02-2020 02:00,15.5,3.54874,1.11008,1.84664,STK7,SK8 1LA
11-02-2020 03:00,14.5,1.64195,0.31221,1.16324,STK7,SK8 1LA
11-02-2020 04:00,17.4,5.50849,2.04671,2.37025,STK7,SK8 1LA
11-02-2020 05:00,20.3,10.59325,2.15078,7.29544,STK7,SK8 1LA
11-02-2020 06:00,19.3,19.38566,5.96667,10.23688,STK7,SK8 1LA
11-02-2020 07:00,23.2,52.7544,19.39168,23.0209,STK7,SK8 1LA
11-02-2020 08:00,33.8,85.48756,30.24964,39.10542,STK7,SK8 1LA
11-02-2020 09:00,15.5,96.8753,38.74868,37.46149,STK7,SK8 1LA
11-02-2020 10:00,15.5,103.49609,42.25236,38.71004,STK7,SK8 1LA
11-02-2020 11:00,16.4,77.54262,29.97212,31.58601,STK7,SK8 1LA
11-02-2020 12:00,29,69.91547,27.99479,26.99072,STK7,SK8 1LA
11-02-2020 13:00,22.2,79.02567,31.67193,30.46273,STK7,SK8 1LA
11-02-2020 14:00,19.3,66.47267,26.67657,25.56916,STK7,SK8 1LA
11-02-2020 15:00,16.4,74.04684,26.64188,33.19652,STK7,SK8 1LA
11-02-2020 16:00,47.3,74.52354,25.28898,35.74765,STK7,SK8 1LA
11-02-2020 17:00,33.8,80.34983,28.13355,37.21232,STK7,SK8 1LA
11-02-2020 18:00,41.5,72.77565,28.82735,28.57433,STK7,SK8 1LA
11-02-2020 19:00,19.3,66.84343,25.11553,28.33349,STK7,SK8 1LA
11-02-2020 20:00,14.5,53.7078,20.12017,22.85729,STK7,SK8 1LA
11-02-2020 21:00,14.5,46.66328,17.06746,20.49355,STK7,SK8 1LA
11-02-2020 22:00,13.5,29.29035,10.33761,13.43957,STK7,SK8 1LA
11-02-2020 23:00,19.3,27.70136,10.51106,11.58463,STK7,SK8 1LA
12-02-2020 00:00,20.3,13.24157,4.19748,6.80552,STK7,SK8 1LA
12-02-2020 01:00,7.7,8.42823,2.29073,4.91582,STK7,SK8 1LA
12-02-2020 02:00,9.7,3.86956,0.90241,2.48589,STK7,SK8 1LA
12-02-2020 03:00,13.5,8.00417,3.29727,2.94843,STK7,SK8 1LA
12-02-2020 04:00,11.6,5.40679,1.56186,3.01196,STK7,SK8 1LA
12-02-2020 05:00,10.6,7.5271,1.87424,4.65331,STK7,SK8 1LA
12-02-2020 06:00,8.7,30.53245,9.89181,15.36522,STK7,SK8 1LA
12-02-2020 07:00,8.7,73.52171,23.56679,37.38646,STK7,SK8 1LA
12-02-2020 08:00,12.6,128.59674,55.88003,42.91522,STK7,SK8 1LA
12-02-2020 09:00,10.6,149.11072,57.68485,60.66186,STK7,SK8 1LA
12-02-2020 10:00,12.6,134.48059,57.65014,46.08494,STK7,SK8 1LA
12-02-2020 11:00,14.5,101.19174,40.92084,38.44733,STK7,SK8 1LA
12-02-2020 12:00,10.6,98.80639,41.96208,34.46543,STK7,SK8 1LA
12-02-2020 13:00,62.8,94.24773,35.95758,39.11354,STK7,SK8 1LA
12-02-2020 14:00,33.8,84.12326,34.70809,30.90492,STK7,SK8 1LA
12-02-2020 15:00,30,95.20187,37.97065,36.98101,STK7,SK8 1LA
12-02-2020 16:00,24.2,125.25725,55.04703,40.85297,STK7,SK8 1LA
12-02-2020 17:00,32.9,178.84806,74.06707,65.28014,STK7,SK8 1LA
12-02-2020 18:00,34.8,232.43886,99.88989,79.2765,STK7,SK8 1LA
12-02-2020 19:00,29,173.91834,60.98212,80.41373,STK7,SK8 1LA
12-02-2020 20:00,11.6,71.29539,13.57086,50.48702,STK7,SK8 1LA
12-02-2020 21:00,17.4,72.30253,16.20868,47.44957,STK7,SK8 1LA
12-02-2020 22:00,11.6,61.80701,17.63171,34.77209,STK7,SK8 1LA
12-02-2020 23:00,9.7,38.05955,9.57943,23.37129,STK7,SK8 1LA
13-02-2020 00:00,8.7,28.1471,6.10862,18.78067,STK7,SK8 1LA
13-02-2020 01:00,7.7,16.12695,2.7781,11.86726,STK7,SK8 1LA
13-02-2020 02:00,3.9,6.2598,0.7987,5.03514,STK7,SK8 1LA
13-02-2020 03:00,1.9,3.81954,0.59035,2.91436,STK7,SK8 1LA
13-02-2020 04:00,1.9,5.78236,1.11124,4.07849,STK7,SK8 1LA
13-02-2020 05:00,1,8.06348,2.15303,4.76222,STK7,SK8 1LA
13-02-2020 06:00,2.9,29.65449,9.41081,15.22479,STK7,SK8 1LA
13-02-2020 07:00,5.8,90.2897,33.58027,38.80068,STK7,SK8 1LA
13-02-2020 08:00,6.8,163.65671,65.38949,63.39422,STK7,SK8 1LA
13-02-2020 09:00,13.5,179.88976,74.93921,64.98458,STK7,SK8 1LA
13-02-2020 10:00,10.6,122.6497,47.33185,50.0752,STK7,SK8 1LA
13-02-2020 11:00,7.7,132.72904,52.92278,51.58192,STK7,SK8 1LA
13-02-2020 12:00,9.7,171.34884,69.55664,64.69682,STK7,SK8 1LA
13-02-2020 13:00,16.4,218.50956,91.19109,78.68518,STK7,SK8 1LA
13-02-2020 14:00,16.4,197.76734,81.57192,72.69214,STK7,SK8 1LA
13-02-2020 15:00,13.5,205.24727,83.69022,76.92406,STK7,SK8 1LA
13-02-2020 16:00,24.2,194.37219,84.76673,64.39835,STK7,SK8 1LA
13-02-2020 17:00,22.2,192.83376,82.68316,66.05469,STK7,SK8 1LA
13-02-2020 18:00,21.3,187.31665,78.51601,66.92711,STK7,SK8 1LA
13-02-2020 19:00,21.3,245.45855,99.24757,93.28106,STK7,SK8 1LA
13-02-2020 20:00,23.2,354.15631,160.95608,107.36043,STK7,SK8 1LA
13-02-2020 21:00,22.2,367.78995,177.38159,95.80864,STK7,SK8 1LA
13-02-2020 22:00,30,355.80084,174.36041,88.45194,STK7,SK8 1LA
13-02-2020 23:00,25.1,288.79973,141.7872,71.39571,STK7,SK8 1LA
14-02-2020 00:00,19.3,184.87639,87.61428,50.53636,STK7,SK8 1LA
14-02-2020 01:00,22.2,151.99848,70.84377,43.37288,STK7,SK8 1LA
14-02-2020 02:00,17.4,86.32537,33.45883,35.02255,STK7,SK8 1LA
14-02-2020 03:00,16.4,43.58741,6.60143,33.46536,STK7,SK8 1LA
14-02-2020 04:00,18.4,33.34092,4.82947,25.93584,STK7,SK8 1LA
14-02-2020 05:00,11.6,41.14524,9.17251,27.08092,STK7,SK8 1LA
14-02-2020 06:00,10.6,20.65226,3.02276,16.01742,STK7,SK8 1LA
14-02-2020 07:00,5.8,66.84111,23.10501,31.41392,STK7,SK8 1LA
14-02-2020 08:00,9.7,104.53546,39.29589,44.28261,STK7,SK8 1LA
14-02-2020 09:00,18.4,138.3011,55.69523,52.90294,STK7,SK8 1LA
14-02-2020 10:00,13.5,106.97763,43.8474,39.74589,STK7,SK8 1LA
14-02-2020 11:00,15.5,87.97118,32.34701,38.37312,STK7,SK8 1LA
14-02-2020 12:00,16.4,106.81835,41.90171,42.56996,STK7,SK8 1LA
14-02-2020 13:00,32.9,80.85704,30.40133,34.24232,STK7,SK8 1LA
14-02-2020 14:00,18.4,73.95525,26.61419,33.1474,STK7,SK8 1LA
14-02-2020 15:00,15.5,90.94426,35.82145,36.0188,STK7,SK8 1LA
14-02-2020 16:00,8.7,108.8358,42.80507,43.20228,STK7,SK8 1LA
14-02-2020 17:00,11.6,110.10998,43.95163,42.71842,STK7,SK8 1LA
14-02-2020 18:00,17.4,115.94994,46.41848,44.77593,STK7,SK8 1LA
14-02-2020 19:00,19.3,115.36595,41.13734,52.28958,STK7,SK8 1LA
14-02-2020 20:00,14.5,93.75806,29.35899,48.74156,STK7,SK8 1LA
14-02-2020 21:00,17.4,62.06295,18.27554,34.04085,STK7,SK8 1LA
14-02-2020 22:00,16.4,47.09139,13.44607,26.47437,STK7,SK8 1LA
14-02-2020 23:00,16.4,60.25787,17.02474,34.15363,STK7,SK8 1LA
15-02-2020 00:00,23.2,46.24194,11.88258,28.02225,STK7,SK8 1LA
15-02-2020 01:00,20.3,38.2551,11.05448,21.30514,STK7,SK8 1LA
15-02-2020 02:00,16.4,19.65887,4.90151,12.14332,STK7,SK8 1LA
15-02-2020 03:00,17.4,17.85238,4.03245,11.66938,STK7,SK8 1LA
15-02-2020 04:00,12.6,13.76121,2.71148,9.60367,STK7,SK8 1LA
15-02-2020 05:00,13.5,14.55819,3.02434,9.92094,STK7,SK8 1LA
15-02-2020 06:00,14.5,24.49389,6.88298,13.94014,STK7,SK8 1LA
15-02-2020 07:00,12.6,32.41058,10.18542,16.79315,STK7,SK8 1LA
15-02-2020 08:00,6.8,30.81661,9.69874,15.94542,STK7,SK8 1LA
15-02-2020 09:00,2.9,38.36137,12.61879,19.01282,STK7,SK8 1LA
15-02-2020 10:00,3.9,49.25345,18.14603,21.42992,STK7,SK8 1LA
15-02-2020 11:00,2.9,45.26854,16.16457,20.48322,STK7,SK8 1LA
15-02-2020 12:00,1,38.46763,14.11358,16.82711,STK7,SK8 1LA
15-02-2020 13:00,1.9,43.56831,15.53884,19.74242,STK7,SK8 1LA
15-02-2020 14:00,1.9,34.80152,13.90501,13.48081,STK7,SK8 1LA
15-02-2020 15:00,4.8,29.91337,10.77638,13.38982,STK7,SK8 1LA
15-02-2020 16:00,4.8,30.23216,10.5678,14.02842,STK7,SK8 1LA
15-02-2020 17:00,2.9,32.72937,11.64544,14.87327,STK7,SK8 1LA
15-02-2020 18:00,1.9,25.82219,9.00349,12.01704,STK7,SK8 1LA
15-02-2020 19:00,1.9,22.74053,7.96062,10.53443,STK7,SK8 1LA
15-02-2020 20:00,2.9,28.10688,10.98495,11.26351,STK7,SK8 1LA
15-02-2020 21:00,2.9,24.28136,9.52493,9.67668,STK7,SK8 1LA
15-02-2020 22:00,4.8,22.58114,6.50059,12.61371,STK7,SK8 1LA
15-02-2020 23:00,5.8,19.92453,6.15297,10.49012,STK7,SK8 1LA
16-02-2020 00:00,5.8,28.21314,8.96873,14.46128,STK7,SK8 1LA
16-02-2020 01:00,4.8,11.59183,3.61719,6.04556,STK7,SK8 1LA
16-02-2020 02:00,2.9,5.68957,1.63469,3.18308,STK7,SK8 1LA
16-02-2020 03:00,1.9,6.16813,1.77381,3.44832,STK7,SK8 1LA
16-02-2020 04:00,2.9,2.8182,0.66083,1.80494,STK7,SK8 1LA
16-02-2020 05:00,1.9,4.89197,1.56513,2.49214,STK7,SK8 1LA
16-02-2020 06:00,1.9,3.56263,0.97386,2.0694,STK7,SK8 1LA
16-02-2020 07:00,1,7.01891,2.05206,3.87246,STK7,SK8 1LA
16-02-2020 08:00,10.6,13.93147,3.61719,8.38519,STK7,SK8 1LA
16-02-2020 09:00,6.8,21.16307,4.66061,14.01691,STK7,SK8 1LA
16-02-2020 10:00,10.6,20.73768,6.15618,11.29835,STK7,SK8 1LA
16-02-2020 11:00,11.6,51.2593,14.88612,28.43423,STK7,SK8 1LA
16-02-2020 12:00,7.7,54.8751,16.69471,29.2769,STK7,SK8 1LA
16-02-2020 13:00,9.7,57.90599,18.57287,29.42799,STK7,SK8 1LA
16-02-2020 14:00,8.7,54.02432,18.43375,25.75964,STK7,SK8 1LA
16-02-2020 15:00,8.7,53.12037,17.84247,25.76229,STK7,SK8 1LA
16-02-2020 16:00,11.6,52.37594,19.96409,21.76476,STK7,SK8 1LA
16-02-2020 17:00,17.4,39.93333,16.72949,14.2818,STK7,SK8 1LA
16-02-2020 18:00,16.4,44.98482,13.98182,23.54632,STK7,SK8 1LA
16-02-2020 19:00,7.7,27.80976,10.05161,12.39751,STK7,SK8 1LA
16-02-2020 20:00,9.7,27.96928,7.33872,16.71674,STK7,SK8 1LA
16-02-2020 21:00,10.6,36.21118,10.50376,20.10565,STK7,SK8 1LA
16-02-2020 22:00,9.7,27.5439,6.60832,17.41127,STK7,SK8 1LA
16-02-2020 23:00,15.5,11.43231,3.89543,5.4594,STK7,SK8 1LA
17-02-2020 00:00,24.2,8.56094,3.4085,3.33464,STK7,SK8 1LA
17-02-2020 01:00,12.6,3.67184,1.32235,1.64426,STK7,SK8 1LA
17-02-2020 02:00,9.7,1.70288,0.66118,0.68909,STK7,SK8 1LA
17-02-2020 03:00,6.8,2.92683,1.18316,1.11267,STK7,SK8 1LA
17-02-2020 04:00,6.8,2.71397,1.07876,1.05989,STK7,SK8 1LA
17-02-2020 05:00,9.7,6.65188,1.77474,3.93065,STK7,SK8 1LA
17-02-2020 06:00,11.6,15.43235,5.7418,6.62838,STK7,SK8 1LA
17-02-2020 07:00,11.6,49.80924,17.57339,22.86375,STK7,SK8 1LA
17-02-2020 08:00,12.6,91.90231,33.58083,40.41241,STK7,SK8 1LA
17-02-2020 09:00,8.7,99.29919,40.4014,37.35125,STK7,SK8 1LA
17-02-2020 10:00,5.8,79.71607,33.72003,28.01275,STK7,SK8 1LA
17-02-2020 11:00,10.6,62.36798,23.80237,25.87152,STK7,SK8 1LA
17-02-2020 12:00,22.2,82.21717,28.56981,38.41075,STK7,SK8 1LA
17-02-2020 13:00,28,97.86238,38.73106,38.4756,STK7,SK8 1LA
17-02-2020 14:00,25.1,69.33915,25.33352,30.49496,STK7,SK8 1LA
17-02-2020 15:00,24.2,78.17284,31.84089,29.35081,STK7,SK8 1LA
17-02-2020 16:00,19.3,65.34802,27.00386,23.94268,STK7,SK8 1LA
17-02-2020 17:00,20.3,93.17947,37.23471,36.08705,STK7,SK8 1LA
17-02-2020 18:00,14.5,105.15284,39.42703,44.6989,STK7,SK8 1LA
17-02-2020 19:00,15.5,91.74266,33.68523,40.09269,STK7,SK8 1LA
17-02-2020 20:00,13.5,61.19725,19.55692,31.21039,STK7,SK8 1LA
17-02-2020 21:00,16.4,45.44561,14.2675,23.56907,STK7,SK8 1LA
17-02-2020 22:00,17.4,31.929,9.50007,17.36243,STK7,SK8 1LA
17-02-2020 23:00,10.6,29.32147,10.89202,12.6206,STK7,SK8 1LA
18-02-2020 00:00,12.6,21.71172,5.6374,13.06782,STK7,SK8 1LA
18-02-2020 01:00,7.7,16.40299,3.30761,11.33139,STK7,SK8 1LA
18-02-2020 02:00,12.6,9.00034,1.39268,6.86493,STK7,SK8 1LA
18-02-2020 03:00,10.6,6.23101,0.97488,4.73622,STK7,SK8 1LA
18-02-2020 04:00,14.5,7.40265,1.98457,4.35969,STK7,SK8 1LA
18-02-2020 05:00,12.6,12.08922,2.85499,7.71163,STK7,SK8 1LA
18-02-2020 06:00,13.5,24.07192,8.25161,11.41962,STK7,SK8 1LA
18-02-2020 07:00,16.4,68.16826,23.77996,31.70616,STK7,SK8 1LA
18-02-2020 08:00,17.4,113.32974,42.26775,48.52009,STK7,SK8 1LA
18-02-2020 09:00,16.4,110.24086,44.07824,42.65518,STK7,SK8 1LA
18-02-2020 10:00,10.6,96.02139,40.24837,34.30808,STK7,SK8 1LA
18-02-2020 11:00,16.4,83.39961,33.21535,32.47011,STK7,SK8 1LA
18-02-2020 12:00,22.2,86.00918,33.94651,33.95859,STK7,SK8 1LA
18-02-2020 13:00,23.2,83.61264,31.71822,34.9787,STK7,SK8 1LA
18-02-2020 14:00,13.5,76.10348,27.50538,33.92915,STK7,SK8 1LA
18-02-2020 15:00,7.7,70.51155,27.15721,28.87108,STK7,SK8 1LA
18-02-2020 16:00,14.5,92.18692,36.34888,36.45276,STK7,SK8 1LA
18-02-2020 17:00,9.7,130.58483,51.49424,51.62809,STK7,SK8 1LA
18-02-2020 18:00,14.5,114.87418,44.14787,47.18172,STK7,SK8 1LA
18-02-2020 19:00,12.6,114.71441,45.43609,45.0467,STK7,SK8 1LA
18-02-2020 20:00,9.7,107.41827,37.35857,50.13593,STK7,SK8 1LA
18-02-2020 21:00,16.4,74.82532,22.56137,40.2317,STK7,SK8 1LA
18-02-2020 22:00,17.4,53.46948,17.30402,26.93703,STK7,SK8 1LA
18-02-2020 23:00,14.5,37.11975,13.96159,15.71228,STK7,SK8 1LA
19-02-2020 00:00,13.5,30.30292,9.01759,16.47615,STK7,SK8 1LA
19-02-2020 01:00,12.6,13.69756,3.58801,8.19602,STK7,SK8 1LA
19-02-2020 02:00,15.5,8.74086,1.74175,6.07021,STK7,SK8 1LA
19-02-2020 03:00,12.6,5.75617,1.56758,3.35259,STK7,SK8 1LA
19-02-2020 04:00,13.5,9.27384,1.81142,6.49636,STK7,SK8 1LA
19-02-2020 05:00,16.4,20.4131,3.86669,14.48425,STK7,SK8 1LA
19-02-2020 06:00,14.5,28.46109,9.47514,13.93274,STK7,SK8 1LA
19-02-2020 07:00,15.5,99.08082,36.57682,42.99714,STK7,SK8 1LA
19-02-2020 08:00,20.3,190.54003,76.11463,73.83256,STK7,SK8 1LA
19-02-2020 09:00,14.5,192.51205,85.83361,60.90235,STK7,SK8 1LA
19-02-2020 10:00,11.6,142.30542,57.23402,54.54781,STK7,SK8 1LA
19-02-2020 11:00,16.4,116.88232,47.09702,44.6679,STK7,SK8 1LA
19-02-2020 12:00,16.4,116.02955,45.3901,46.43237,STK7,SK8 1LA
19-02-2020 13:00,20.3,111.07285,44.51922,42.81099,STK7,SK8 1LA
19-02-2020 14:00,5.8,98.76103,36.54199,42.73076,STK7,SK8 1LA
19-02-2020 15:00,7.7,97.10879,33.82485,45.24474,STK7,SK8 1LA
19-02-2020 16:00,6.8,95.19007,35.00925,41.50997,STK7,SK8 1LA
19-02-2020 17:00,8.7,104.89029,38.80627,45.38817,STK7,SK8 1LA
19-02-2020 18:00,8.7,99.6138,36.36781,43.85059,STK7,SK8 1LA
19-02-2020 19:00,6.8,106.06284,37.41287,48.69725,STK7,SK8 1LA
19-02-2020 20:00,5.8,71.15271,23.26983,35.47281,STK7,SK8 1LA
19-02-2020 21:00,4.8,40.55971,13.13282,20.423,STK7,SK8 1LA
19-02-2020 22:00,2.9,34.48375,10.34602,18.62008,STK7,SK8 1LA
19-02-2020 23:00,1,26.06268,8.98745,12.28212,STK7,SK8 1LA
20-02-2020 00:00,3.9,16.89544,5.05109,9.15055,STK7,SK8 1LA
20-02-2020 01:00,1,6.02735,2.19575,2.66057,STK7,SK8 1LA
20-02-2020 02:00,null,2.987,0.90618,1.59754,STK7,SK8 1LA
20-02-2020 03:00,-1,2.24025,0.87133,0.90423,STK7,SK8 1LA
20-02-2020 04:00,1,2.77365,0.94104,1.33074,STK7,SK8 1LA
20-02-2020 05:00,2.9,5.12058,1.88207,2.23477,STK7,SK8 1LA
20-02-2020 06:00,1,19.62889,6.76152,9.26136,STK7,SK8 1LA
20-02-2020 07:00,0,53.44604,20.14516,22.55724,STK7,SK8 1LA
20-02-2020 08:00,3.9,74.94181,30.11317,28.76892,STK7,SK8 1LA
20-02-2020 09:00,5.8,81.87593,31.15877,34.09981,STK7,SK8 1LA
20-02-2020 10:00,5.8,112.33271,42.8346,46.65391,STK7,SK8 1LA
20-02-2020 11:00,8.7,110.14579,40.70855,47.72689,STK7,SK8 1LA
20-02-2020 12:00,9.7,null,null,null,STK7,SK8 1LA
20-02-2020 13:00,8.7,140.06918,55.90455,54.35006,STK7,SK8 1LA
20-02-2020 14:00,13.5,139.48244,54.58013,55.79408,STK7,SK8 1LA
20-02-2020 15:00,16.4,95.05075,41.02223,32.15088,STK7,SK8 1LA
20-02-2020 16:00,10.6,97.5577,38.30368,38.82621,STK7,SK8 1LA
20-02-2020 17:00,12.6,96.81095,36.66558,40.59118,STK7,SK8 1LA
20-02-2020 18:00,19.3,99.53126,41.89356,35.29536,STK7,SK8 1LA
20-02-2020 19:00,18.4,100.22467,37.01411,43.47049,STK7,SK8 1LA
20-02-2020 20:00,13.5,79.74235,27.42948,37.68441,STK7,SK8 1LA
20-02-2020 21:00,21.3,66.9409,21.26046,34.34199,STK7,SK8 1LA
20-02-2020 22:00,16.4,45.33846,12.47745,26.20664,STK7,SK8 1LA
20-02-2020 23:00,13.5,49.81897,15.05659,26.73252,STK7,SK8 1LA
21-02-2020 00:00,11.6,32.1103,7.94653,19.92579,STK7,SK8 1LA
21-02-2020 01:00,13.5,27.37087,6.23894,17.80464,STK7,SK8 1LA
21-02-2020 02:00,16.4,10.72426,2.40495,7.03672,STK7,SK8 1LA
21-02-2020 03:00,14.5,7.57634,1.84728,4.74388,STK7,SK8 1LA
21-02-2020 04:00,12.6,4.96197,1.46389,2.71738,STK7,SK8 1LA
21-02-2020 05:00,11.6,10.13736,2.92777,5.64818,STK7,SK8 1LA
21-02-2020 06:00,13.5,21.07504,5.71612,12.31044,STK7,SK8 1LA
21-02-2020 07:00,15.5,62.95834,24.29351,25.70881,STK7,SK8 1LA
21-02-2020 08:00,19.3,116.95313,47.05343,44.80553,STK7,SK8 1LA
21-02-2020 09:00,16.4,116.57965,47.08829,44.37861,STK7,SK8 1LA
21-02-2020 10:00,14.5,94.17074,31.22954,46.28612,STK7,SK8 1LA
21-02-2020 11:00,13.5,73.89602,27.95323,31.03501,STK7,SK8 1LA
21-02-2020 12:00,18.4,79.71167,25.79225,40.1641,STK7,SK8 1LA
21-02-2020 13:00,9.7,74.21615,25.86196,34.56169,STK7,SK8 1LA
21-02-2020 14:00,9.7,92.03656,31.92663,43.08308,STK7,SK8 1LA
21-02-2020 15:00,10.6,88.67523,32.06604,39.50798,STK7,SK8 1LA
21-02-2020 16:00,10.6,89.15542,31.75235,40.46915,STK7,SK8 1LA
21-02-2020 17:00,9.7,76.77717,29.52167,31.51123,STK7,SK8 1LA
21-02-2020 18:00,7.7,78.00432,29.38226,32.95216,STK7,SK8 1LA
21-02-2020 19:00,5.8,54.15485,18.15914,26.31122,STK7,SK8 1LA
21-02-2020 20:00,4.8,33.50664,11.78079,15.44302,STK7,SK8 1LA
21-02-2020 21:00,3.9,26.25043,7.52855,14.70681,STK7,SK8 1LA
21-02-2020 22:00,3.9,20.70156,6.06466,11.40253,STK7,SK8 1LA
21-02-2020 23:00,1,18.24725,6.09952,8.89478,STK7,SK8 1LA
22-02-2020 00:00,0,11.31116,3.59,5.80657,STK7,SK8 1LA
22-02-2020 01:00,-1,7.09817,2.43989,3.35706,STK7,SK8 1LA
22-02-2020 02:00,-1,6.61784,2.33532,3.03706,STK7,SK8 1LA
22-02-2020 03:00,1,4.0561,1.63821,1.54421,STK7,SK8 1LA
22-02-2020 04:00,-1,3.41566,1.15023,1.65199,STK7,SK8 1LA
22-02-2020 05:00,1,4.10947,1.53365,1.75791,STK7,SK8 1LA
22-02-2020 06:00,1.9,8.53915,1.98677,5.49282,STK7,SK8 1LA
22-02-2020 07:00,8.7,22.73549,5.92545,13.64993,STK7,SK8 1LA
22-02-2020 08:00,6.8,38.37281,10.87494,21.69813,STK7,SK8 1LA
22-02-2020 09:00,7.7,41.89521,15.47588,18.16586,STK7,SK8 1LA
22-02-2020 10:00,14.5,58.59992,19.79797,28.24346,STK7,SK8 1LA
22-02-2020 11:00,26.1,53.63654,21.54075,20.60785,STK7,SK8 1LA
22-02-2020 12:00,15.5,54.54382,20.07681,23.7598,STK7,SK8 1LA
22-02-2020 13:00,13.5,51.87534,21.95902,18.20532,STK7,SK8 1LA
22-02-2020 14:00,14.5,61.85547,24.67775,24.01678,STK7,SK8 1LA
22-02-2020 15:00,12.6,67.83288,26.97822,26.46685,STK7,SK8 1LA
22-02-2020 16:00,17.4,79.25399,28.61643,35.37608,STK7,SK8 1LA
22-02-2020 17:00,16.4,67.19244,23.80636,30.68986,STK7,SK8 1LA
22-02-2020 18:00,9.7,55.02415,19.03115,25.84347,STK7,SK8 1LA
22-02-2020 19:00,6.8,71.1418,25.72342,31.69977,STK7,SK8 1LA
22-02-2020 20:00,8.7,79.46747,27.36163,37.51355,STK7,SK8 1LA
22-02-2020 21:00,13.5,71.94234,20.21624,40.94455,STK7,SK8 1LA
22-02-2020 22:00,10.6,28.23257,8.46991,15.24556,STK7,SK8 1LA
22-02-2020 23:00,9.7,31.86171,8.78361,18.3937,STK7,SK8 1LA
23-02-2020 00:00,6.8,29.24659,9.13216,15.24414,STK7,SK8 1LA
23-02-2020 01:00,2.9,22.15471,7.21535,11.09133,STK7,SK8 1LA
23-02-2020 02:00,-1,19.16516,4.46167,12.32404,STK7,SK8 1LA
23-02-2020 03:00,0,16.65607,3.90396,10.67009,STK7,SK8 1LA
23-02-2020 04:00,1,11.58451,2.68397,7.46915,STK7,SK8 1LA
23-02-2020 05:00,1,20.17947,4.1131,13.87281,STK7,SK8 1LA
23-02-2020 06:00,0,24.02318,3.13711,19.21302,STK7,SK8 1LA
23-02-2020 07:00,-1.9,50.23515,8.43534,37.30114,STK7,SK8 1LA
23-02-2020 08:00,2.9,102.97938,29.20997,58.19139,STK7,SK8 1LA
23-02-2020 09:00,3.9,59.31057,16.62668,33.81669,STK7,SK8 1LA
23-02-2020 10:00,2.9,53.70516,16.87067,27.83716,STK7,SK8 1LA
23-02-2020 11:00,2.9,54.02547,21.82034,20.56809,STK7,SK8 1LA
23-02-2020 12:00,4.8,71.21539,28.12941,28.08423,STK7,SK8 1LA
23-02-2020 13:00,5.8,65.28968,24.12088,28.30484,STK7,SK8 1LA
23-02-2020 14:00,11.6,50.92915,22.34319,16.67008,STK7,SK8 1LA
23-02-2020 15:00,14.5,64.96937,25.13173,26.43459,STK7,SK8 1LA
23-02-2020 16:00,17.4,77.35465,28.96597,32.94078,STK7,SK8 1LA
23-02-2020 17:00,18.4,84.40145,33.95049,32.34476,STK7,SK8 1LA
23-02-2020 18:00,24.2,93.47688,35.62361,38.85477,STK7,SK8 1LA
23-02-2020 19:00,24.2,115.68498,36.46018,59.78015,STK7,SK8 1LA
23-02-2020 20:00,27.1,128.39057,45.80179,58.16214,STK7,SK8 1LA
23-02-2020 21:00,19.3,84.02776,20.00778,53.34959,STK7,SK8 1LA
23-02-2020 22:00,16.4,67.21153,17.39353,40.54183,STK7,SK8 1LA
23-02-2020 23:00,16.4,54.82624,13.21071,34.5701,STK7,SK8 1LA
24-02-2020 00:00,12.6,32.45799,5.96051,23.31868,STK7,SK8 1LA
24-02-2020 01:00,9.7,23.38921,3.38122,18.20474,STK7,SK8 1LA
24-02-2020 02:00,6.8,14.5248,3.03264,9.87482,STK7,SK8 1LA
24-02-2020 03:00,2.9,3.4176,0.87145,2.0814,STK7,SK8 1LA
24-02-2020 04:00,0,3.204,0.73202,2.08159,STK7,SK8 1LA
24-02-2020 05:00,1.9,8.4372,2.19605,5.06997,STK7,SK8 1LA
24-02-2020 06:00,1.9,19.70461,5.61213,11.09946,STK7,SK8 1LA
24-02-2020 07:00,1,59.27402,19.7296,29.02239,STK7,SK8 1LA
24-02-2020 08:00,1.9,88.05663,37.75116,30.17232,STK7,SK8 1LA
24-02-2020 09:00,1.9,103.96983,44.54846,35.66314,STK7,SK8 1LA
24-02-2020 10:00,1.9,106.05243,46.57022,34.64575,STK7,SK8 1LA
24-02-2020 11:00,1.9,120.15003,53.7161,37.78649,STK7,SK8 1LA
24-02-2020 12:00,4.8,151.38904,69.33246,45.08075,STK7,SK8 1LA
24-02-2020 13:00,3.9,83.30402,32.87105,32.90246,STK7,SK8 1LA
24-02-2020 14:00,7.7,85.92063,32.94076,35.41216,STK7,SK8 1LA
24-02-2020 15:00,12.6,72.30362,33.21963,21.36757,STK7,SK8 1LA
24-02-2020 16:00,13.5,73.21142,30.46585,26.49777,STK7,SK8 1LA
24-02-2020 17:00,18.4,83.30402,35.0671,29.53522,STK7,SK8 1LA
24-02-2020 18:00,18.4,96.38703,37.19343,39.35789,STK7,SK8 1LA
24-02-2020 19:00,15.5,75.29402,28.09551,32.21484,STK7,SK8 1LA
24-02-2020 20:00,15.5,59.96822,21.26335,27.36487,STK7,SK8 1LA
24-02-2020 21:00,12.6,49.71542,16.55753,24.32756,STK7,SK8 1LA
24-02-2020 22:00,14.5,40.31701,13.07173,20.27397,STK7,SK8 1LA
24-02-2020 23:00,11.6,24.08341,7.59903,12.43172,STK7,SK8 1LA
25-02-2020 00:00,9.7,16.2336,3.52065,10.83535,STK7,SK8 1LA
25-02-2020 01:00,10.6,11.91159,2.54472,8.00974,STK7,SK8 1LA
25-02-2020 02:00,9.7,12.87306,2.33556,9.29191,STK7,SK8 1LA
25-02-2020 03:00,9.7,6.57007,0.7669,5.39417,STK7,SK8 1LA
25-02-2020 04:00,5.8,6.78373,0.9412,5.34058,STK7,SK8 1LA
25-02-2020 05:00,3.9,17.57359,5.29859,9.4492,STK7,SK8 1LA
25-02-2020 06:00,5.8,35.09377,11.4338,17.5622,STK7,SK8 1LA
25-02-2020 07:00,5.8,102.55714,35.97463,47.39681,STK7,SK8 1LA
25-02-2020 08:00,8.7,146.67808,57.90102,57.89775,STK7,SK8 1LA
25-02-2020 09:00,16.4,297.14863,136.96154,87.14386,STK7,SK8 1LA
25-02-2020 10:00,12.6,237.00314,101.78867,80.92935,STK7,SK8 1LA
25-02-2020 11:00,17.4,170.23417,71.53095,60.55492,STK7,SK8 1LA
25-02-2020 12:00,10.6,132.62988,55.21687,47.9652,STK7,SK8 1LA
25-02-2020 13:00,13.5,119.97049,47.47814,47.17169,STK7,SK8 1LA
25-02-2020 14:00,8.7,113.88116,44.82885,45.14455,STK7,SK8 1LA
25-02-2020 15:00,11.6,227.22816,98.16332,76.71317,STK7,SK8 1LA
25-02-2020 16:00,13.5,200.9479,91.0172,61.39013,STK7,SK8 1LA
25-02-2020 17:00,10.6,175.9496,71.32179,66.59104,STK7,SK8 1LA
25-02-2020 18:00,9.7,198.75787,79.40911,76.99894,STK7,SK8 1LA
25-02-2020 19:00,14.5,169.6466,62.36299,74.02468,STK7,SK8 1LA
25-02-2020 20:00,7.7,106.08254,37.92674,47.92902,STK7,SK8 1LA
25-02-2020 21:00,7.7,96.73489,28.79365,52.58525,STK7,SK8 1LA
25-02-2020 22:00,12.6,86.10527,29.66512,40.61938,STK7,SK8 1LA
25-02-2020 23:00,6.8,69.65339,21.68238,36.40754,STK7,SK8 1LA
26-02-2020 00:00,5.8,41.82408,10.63204,25.52186,STK7,SK8 1LA
26-02-2020 01:00,3.9,18.80748,4.35754,12.12601,STK7,SK8 1LA
26-02-2020 02:00,11.6,11.64781,2.61452,7.63893,STK7,SK8 1LA
26-02-2020 03:00,8.7,5.61019,0.87151,4.27389,STK7,SK8 1LA
26-02-2020 04:00,10.6,8.70915,1.32469,6.67798,STK7,SK8 1LA
26-02-2020 05:00,7.7,16.88399,3.31173,11.80607,STK7,SK8 1LA
26-02-2020 06:00,6.8,48.7819,13.83955,27.56156,STK7,SK8 1LA
26-02-2020 07:00,6.8,132.82782,50.96579,54.68137,STK7,SK8 1LA
26-02-2020 08:00,17.4,269.23548,116.81693,90.11868,STK7,SK8 1LA
26-02-2020 09:00,17.4,303.16375,138.22117,91.22758,STK7,SK8 1LA
26-02-2020 10:00,13.5,226.06377,89.55616,88.74623,STK7,SK8 1LA
26-02-2020 11:00,11.6,208.32489,85.86097,76.67324,STK7,SK8 1LA
26-02-2020 12:00,9.7,139.50662,56.09026,53.50276,STK7,SK8 1LA
26-02-2020 13:00,9.7,90.24384,37.82345,32.2487,STK7,SK8 1LA
26-02-2020 14:00,19.3,96.3349,37.92803,38.1794,STK7,SK8 1LA
26-02-2020 15:00,27.1,113.0586,46.53853,41.70052,STK7,SK8 1LA
26-02-2020 16:00,26.1,98.47212,39.88021,37.32332,STK7,SK8 1LA
26-02-2020 17:00,20.3,143.30017,63.23662,46.33871,STK7,SK8 1LA
26-02-2020 18:00,25.1,136.8351,54.45182,53.34347,STK7,SK8 1LA
26-02-2020 19:00,32.9,192.08207,76.83215,74.27442,STK7,SK8 1LA
26-02-2020 20:00,30,182.30432,68.57025,77.16474,STK7,SK8 1LA
26-02-2020 21:00,24.2,94.35798,32.28066,44.86166,STK7,SK8 1LA
26-02-2020 22:00,13.5,49.26277,16.07061,24.62152,STK7,SK8 1LA
26-02-2020 23:00,14.5,50.86568,15.96603,26.38478,STK7,SK8 1LA
27-02-2020 00:00,8.7,24.31081,6.86748,13.78081,STK7,SK8 1LA
27-02-2020 01:00,12.6,11.81146,2.99809,7.21445,STK7,SK8 1LA
27-02-2020 02:00,6.8,9.88742,2.05683,6.73366,STK7,SK8 1LA
27-02-2020 03:00,4.8,15.01819,3.1724,10.15391,STK7,SK8 1LA
27-02-2020 04:00,6.8,9.94086,2.40544,6.25257,STK7,SK8 1LA
27-02-2020 05:00,5.8,17.95769,4.2531,11.43635,STK7,SK8 1LA
27-02-2020 06:00,6.8,83.42843,27.7149,40.93285,STK7,SK8 1LA
27-02-2020 07:00,9.7,197.32079,78.08977,77.58481,STK7,SK8 1LA
27-02-2020 08:00,19.3,409.44599,201.18574,100.96548,STK7,SK8 1LA
27-02-2020 09:00,21.3,385.07484,197.17667,82.74149,STK7,SK8 1LA
27-02-2020 10:00,19.3,322.59705,145.99998,98.73353,STK7,SK8 1LA
27-02-2020 11:00,7.7,136.49981,58.56733,46.69783,STK7,SK8 1LA
27-02-2020 12:00,10.6,124.42113,49.39875,48.67743,STK7,SK8 1LA
27-02-2020 13:00,15.5,124.68836,51.42072,45.84435,STK7,SK8 1LA
27-02-2020 14:00,40.6,99.08796,38.45224,40.12868,STK7,SK8 1LA
27-02-2020 15:00,35.7,89.04021,37.16236,32.05871,STK7,SK8 1LA
27-02-2020 16:00,28,105.18075,41.17144,42.05209,STK7,SK8 1LA
27-02-2020 17:00,29,127.46752,54.27936,44.24033,STK7,SK8 1LA
27-02-2020 18:00,24.2,148.4716,62.29751,52.95009,STK7,SK8 1LA
27-02-2020 19:00,26.1,181.50092,74.01098,68.01901,STK7,SK8 1LA
27-02-2020 20:00,28,268.34986,109.3954,100.61259,STK7,SK8 1LA
27-02-2020 21:00,23.2,147.66992,47.41165,74.97308,STK7,SK8 1LA
27-02-2020 22:00,16.4,99.51552,28.13323,56.3785,STK7,SK8 1LA
27-02-2020 23:00,10.6,106.35655,31.5148,58.03453,STK7,SK8 1LA
28-02-2020 00:00,7.7,72.20487,23.32235,36.44444,STK7,SK8 1LA
28-02-2020 01:00,10.6,32.71793,8.47163,19.72827,STK7,SK8 1LA
28-02-2020 02:00,6.8,10.47829,1.67341,7.91243,STK7,SK8 1LA
28-02-2020 03:00,5.8,13.47209,3.86976,7.53854,STK7,SK8 1LA
28-02-2020 04:00,6.8,14.70168,3.8349,8.82159,STK7,SK8 1LA
28-02-2020 05:00,5.8,18.60431,5.02023,10.90674,STK7,SK8 1LA
28-02-2020 06:00,5.8,45.60195,14.50288,23.36451,STK7,SK8 1LA
28-02-2020 07:00,8.7,105.37097,38.3141,46.62351,STK7,SK8 1LA
28-02-2020 08:00,11.6,130.55094,52.18945,50.52824,STK7,SK8 1LA
28-02-2020 09:00,9.7,96.01535,36.98931,39.2992,STK7,SK8 1LA
28-02-2020 10:00,8.7,78.37333,27.50666,36.19704,STK7,SK8 1LA
28-02-2020 11:00,4.8,49.77188,17.74511,22.56309,STK7,SK8 1LA
28-02-2020 12:00,3.9,73.40149,24.43875,35.92927,STK7,SK8 1LA
28-02-2020 13:00,2.9,107.72324,40.23154,46.03573,STK7,SK8 1LA
28-02-2020 14:00,3.9,94.35807,33.78195,42.55981,STK7,SK8 1LA
28-02-2020 15:00,5.8,118.46883,48.73804,43.73821,STK7,SK8 1LA
28-02-2020 16:00,4.8,105.0502,41.38201,41.59867,STK7,SK8 1LA
28-02-2020 17:00,3.9,110.50319,43.61323,43.63051,STK7,SK8 1LA
28-02-2020 18:00,7.7,106.92133,39.08108,46.99785,STK7,SK8 1LA
28-02-2020 19:00,7.7,89.01201,31.8645,40.15379,STK7,SK8 1LA
28-02-2020 20:00,5.8,73.24111,25.79839,33.68413,STK7,SK8 1LA
28-02-2020 21:00,2.9,51.58954,16.3506,26.51897,STK7,SK8 1LA
28-02-2020 22:00,1,37.85015,12.86433,18.12511,STK7,SK8 1LA
28-02-2020 23:00,0,40.73703,13.07351,20.69126,STK7,SK8 1LA
29-02-2020 00:00,-1,26.83725,8.05328,14.48906,STK7,SK8 1LA
29-02-2020 01:00,-1,14.11762,4.56717,7.11473,STK7,SK8 1LA
29-02-2020 02:00,1,12.19249,3.86989,6.25874,STK7,SK8 1LA
29-02-2020 03:00,0,7.11229,1.84779,4.27905,STK7,SK8 1LA
29-02-2020 04:00,-2.9,7.11229,2.37074,3.4772,STK7,SK8 1LA
29-02-2020 05:00,-1.9,5.93582,1.6386,3.42333,STK7,SK8 1LA
29-02-2020 06:00,1.9,24.70583,7.0425,13.90748,STK7,SK8 1LA
29-02-2020 07:00,2.9,52.62021,11.43535,35.08625,STK7,SK8 1LA
29-02-2020 08:00,2.9,49.73252,15.8282,25.46295,STK7,SK8 1LA
29-02-2020 09:00,7.7,102.72706,34.65469,49.59061,STK7,SK8 1LA
29-02-2020 10:00,8.7,112.94095,42.49906,47.77662,STK7,SK8 1LA
29-02-2020 11:00,7.7,69.19772,26.636,28.35642,STK7,SK8 1LA
29-02-2020 12:00,9.7,61.2833,25.10199,22.79412,STK7,SK8 1LA
29-02-2020 13:00,10.6,46.79135,19.5935,16.7484,STK7,SK8 1LA
29-02-2020 14:00,14.5,58.07475,21.92938,24.45017,STK7,SK8 1LA
29-02-2020 15:00,8.7,47.80739,20.77887,15.9469,STK7,SK8 1LA
29-02-2020 16:00,8.7,48.12824,19.41918,18.35259,STK7,SK8 1LA
29-02-2020 17:00,10.6,50.96246,19.07054,21.72138,STK7,SK8 1LA
29-02-2020 18:00,13.5,42.72719,15.72361,18.61799,STK7,SK8 1LA
29-02-2020 19:00,8.7,36.04271,13.00423,16.10317,STK7,SK8 1LA
29-02-2020 20:00,5.8,20.96252,7.39114,9.6296,STK7,SK8 1LA
29-02-2020 21:00,6.8,22.94113,8.26274,10.27177,STK7,SK8 1LA
29-02-2020 22:00,17.4,19.67911,5.99659,10.48447,STK7,SK8 1LA
29-02-2020 23:00,20.3,16.09622,6.03145,6.84813,STK7,SK8 1LA
01-03-2020 00:00,13.5,14.75933,4.91581,7.22186,STK7,SK8 1LA
01-03-2020 01:00,14.5,12.35642,3.97462,6.26209,STK7,SK8 1LA
01-03-2020 02:00,10.6,8.61205,3.20759,3.69382,STK7,SK8 1LA
01-03-2020 03:00,10.6,4.86768,1.81298,2.08781,STK7,SK8 1LA
01-03-2020 04:00,7.7,4.27928,1.4992,1.98054,STK7,SK8 1LA
01-03-2020 05:00,9.7,4.86768,1.56893,2.46202,STK7,SK8 1LA
01-03-2020 06:00,10.6,5.88401,1.4992,3.58527,STK7,SK8 1LA
01-03-2020 07:00,9.7,12.62387,2.92867,8.13332,STK7,SK8 1LA
01-03-2020 08:00,11.6,17.27759,4.70678,10.06062,STK7,SK8 1LA
01-03-2020 09:00,10.6,18.24043,6.24085,8.67126,STK7,SK8 1LA
01-03-2020 10:00,17.4,30.75732,11.43574,13.22276,STK7,SK8 1LA
01-03-2020 11:00,12.6,43.48817,18.1647,15.63603,STK7,SK8 1LA
01-03-2020 12:00,8.7,49.2652,18.26929,21.25268,STK7,SK8 1LA
01-03-2020 13:00,10.6,46.16272,18.23443,18.20366,STK7,SK8 1LA
01-03-2020 14:00,8.7,51.29786,21.82553,17.83252,STK7,SK8 1LA
01-03-2020 15:00,7.7,52.36768,20.53552,20.88032,STK7,SK8 1LA
01-03-2020 16:00,12.6,58.14471,22.03472,24.35861,STK7,SK8 1LA
01-03-2020 17:00,13.5,64.24268,23.39446,28.37168,STK7,SK8 1LA
01-03-2020 18:00,10.6,75.58277,24.37068,38.21492,STK7,SK8 1LA
01-03-2020 19:00,14.5,68.36148,21.99985,34.62885,STK7,SK8 1LA
01-03-2020 20:00,15.5,63.4938,19.76849,33.18254,STK7,SK8 1LA
01-03-2020 21:00,28,48.78378,13.28359,28.4159,STK7,SK8 1LA
01-03-2020 22:00,13.5,34.28772,9.58789,19.5865,STK7,SK8 1LA
01-03-2020 23:00,9.7,31.55968,10.70357,15.14777,STK7,SK8 1LA
02-03-2020 00:00,5.8,22.46622,5.85733,13.4851,STK7,SK8 1LA
02-03-2020 01:00,5.8,19.74377,6.27593,10.12082,STK7,SK8 1LA
02-03-2020 02:00,5.8,16.05185,3.90502,10.06423,STK7,SK8 1LA
02-03-2020 03:00,5.8,20.59987,3.90502,14.61226,STK7,SK8 1LA
02-03-2020 04:00,6.8,22.74012,3.13796,17.92864,STK7,SK8 1LA
02-03-2020 05:00,5.8,28.83982,5.85753,19.8584,STK7,SK8 1LA
02-03-2020 06:00,5.8,46.28282,11.01773,29.3892,STK7,SK8 1LA
02-03-2020 07:00,7.7,95.7225,33.4716,44.40011,STK7,SK8 1LA
02-03-2020 08:00,13.5,223.38818,101.25157,68.13793,STK7,SK8 1LA
02-03-2020 09:00,17.4,235.48057,113.28043,61.78633,STK7,SK8 1LA
02-03-2020 10:00,32.9,198.13328,88.49053,62.44969,STK7,SK8 1LA
02-03-2020 11:00,49.3,126.43503,50.34686,49.2376,STK7,SK8 1LA
02-03-2020 12:00,28,104.44401,42.29276,39.59602,STK7,SK8 1LA
02-03-2020 13:00,30.9,112.2559,41.17704,49.11866,STK7,SK8 1LA
02-03-2020 14:00,30,111.07877,45.77938,40.8847,STK7,SK8 1LA
02-03-2020 15:00,39.6,124.82985,48.08055,51.10737,STK7,SK8 1LA
02-03-2020 16:00,32.9,115.03822,48.08055,41.31574,STK7,SK8 1LA
02-03-2020 17:00,29,159.1808,60.17914,66.90741,STK7,SK8 1LA
02-03-2020 18:00,23.2,133.44434,51.77637,54.05501,STK7,SK8 1LA
02-03-2020 19:00,21.3,175.23264,66.0018,74.03129,STK7,SK8 1LA
02-03-2020 20:00,30,114.12862,38.49233,55.10786,STK7,SK8 1LA
02-03-2020 21:00,23.2,83.79063,28.66005,39.84583,STK7,SK8 1LA
02-03-2020 22:00,28,49.97474,15.37601,26.39852,STK7,SK8 1LA
02-03-2020 23:00,15.5,40.71818,11.19206,23.55726,STK7,SK8 1LA
03-03-2020 00:00,10.6,19.26221,5.19507,11.29655,STK7,SK8 1LA
03-03-2020 01:00,8.7,13.00568,3.13807,8.19404,STK7,SK8 1LA
03-03-2020 02:00,6.8,7.33242,1.18549,5.51469,STK7,SK8 1LA
03-03-2020 03:00,12.6,8.45637,1.4993,6.15747,STK7,SK8 1LA
03-03-2020 04:00,7.7,12.0423,2.61506,8.0326,STK7,SK8 1LA
03-03-2020 05:00,6.8,20.49866,5.29985,12.37234,STK7,SK8 1LA
03-03-2020 06:00,5.8,50.09595,15.2022,26.78623,STK7,SK8 1LA
03-03-2020 07:00,5.8,120.74408,45.46713,51.02879,STK7,SK8 1LA
03-03-2020 08:00,14.5,182.77528,77.54516,63.87436,STK7,SK8 1LA
03-03-2020 09:00,11.6,174.64004,81.17138,50.179,STK7,SK8 1LA
03-03-2020 10:00,11.6,169.98369,75.80179,53.7559,STK7,SK8 1LA
03-03-2020 11:00,9.7,151.25123,61.88969,56.35503,STK7,SK8 1LA
03-03-2020 12:00,null,126.47086,48.7098,51.78354,STK7,SK8 1LA
03-03-2020 13:00,8.7,119.29901,46.09474,48.62139,STK7,SK8 1LA
03-03-2020 14:00,9.7,123.52719,47.87298,50.12298,STK7,SK8 1LA
03-03-2020 15:00,21.3,127.64833,51.67353,48.41669,STK7,SK8 1LA
03-03-2020 16:00,26.1,131.66243,53.87018,49.06264,STK7,SK8 1LA
03-03-2020 17:00,20.3,118.54971,46.82696,46.74937,STK7,SK8 1LA
03-03-2020 18:00,17.4,147.87939,61.64562,53.35743,STK7,SK8 1LA
03-03-2020 19:00,24.2,163.9893,62.09889,68.77233,STK7,SK8 1LA
03-03-2020 20:00,22.2,254.81497,102.05697,98.3298,STK7,SK8 1LA
03-03-2020 21:00,22.2,178.17245,58.61215,88.30174,STK7,SK8 1LA
03-03-2020 22:00,20.3,135.14131,41.56198,71.41384,STK7,SK8 1LA
03-03-2020 23:00,22.2,99.54964,24.12826,62.55349,STK7,SK8 1LA
04-03-2020 00:00,16.4,57.2678,12.16873,38.60934,STK7,SK8 1LA
04-03-2020 01:00,14.5,30.30164,4.49805,23.40473,STK7,SK8 1LA
04-03-2020 02:00,17.4,32.17542,5.26516,24.10229,STK7,SK8 1LA
04-03-2020 03:00,13.5,21.46813,1.7783,18.74144,STK7,SK8 1LA
04-03-2020 04:00,13.5,20.50447,2.23159,17.08275,STK7,SK8 1LA
04-03-2020 05:00,13.5,22.21764,2.9987,17.61969,STK7,SK8 1LA
04-03-2020 06:00,9.7,41.59784,9.554,26.94858,STK7,SK8 1LA
04-03-2020 07:00,9.7,61.67402,15.76061,37.50808,STK7,SK8 1LA
04-03-2020 08:00,21.3,148.34957,63.73983,50.61653,STK7,SK8 1LA
04-03-2020 09:00,12.6,85.87251,23.25737,50.21171,STK7,SK8 1LA
04-03-2020 10:00,19.3,91.86859,26.46528,51.28906,STK7,SK8 1LA
04-03-2020 11:00,18.4,109.10734,37.16994,52.11422,STK7,SK8 1LA
04-03-2020 12:00,56,162.64381,67.3313,59.40393,STK7,SK8 1LA
04-03-2020 13:00,41.5,150.5981,60.28783,58.15805,STK7,SK8 1LA
04-03-2020 14:00,27.1,94.8131,38.98311,35.03983,STK7,SK8 1LA
04-03-2020 15:00,25.1,137.10691,56.76611,50.06677,STK7,SK8 1LA
04-03-2020 16:00,33.8,157.39724,62.76351,61.1612,STK7,SK8 1LA
04-03-2020 17:00,30.9,182.02401,76.04845,65.41802,STK7,SK8 1LA
04-03-2020 18:00,33.8,240.11109,105.02427,79.07613,STK7,SK8 1LA
04-03-2020 19:00,30.9,260.56202,114.09011,85.6263,STK7,SK8 1LA
04-03-2020 20:00,30,198.7274,73.22409,86.45202,STK7,SK8 1LA
04-03-2020 21:00,20.3,116.92366,28.62713,73.02934,STK7,SK8 1LA
04-03-2020 22:00,26.1,155.95175,50.6641,78.26789,STK7,SK8 1LA
04-03-2020 23:00,19.3,130.78961,44.63183,62.3551,STK7,SK8 1LA
05-03-2020 00:00,23.2,176.135,77.23398,57.71122,STK7,SK8 1LA
05-03-2020 01:00,18.4,107.37103,42.22733,42.62337,STK7,SK8 1LA
05-03-2020 02:00,18.4,88.03889,34.20727,35.58847,STK7,SK8 1LA
05-03-2020 03:00,21.3,70.84882,23.53712,34.75908,STK7,SK8 1LA
05-03-2020 04:00,15.5,73.09798,25.03652,34.7092,STK7,SK8 1LA
05-03-2020 05:00,18.4,179.34443,89.09234,42.73809,STK7,SK8 1LA
05-03-2020 06:00,26.1,222.02509,108.16612,56.17269,STK7,SK8 1LA
05-03-2020 07:00,21.3,167.88438,66.0434,66.61925,STK7,SK8 1LA
05-03-2020 08:00,28,216.93768,88.42981,81.3472,STK7,SK8 1LA
05-03-2020 09:00,30,231.50373,97.25187,82.38627,STK7,SK8 1LA
05-03-2020 10:00,26.1,148.60579,56.21012,62.41815,STK7,SK8 1LA
05-03-2020 11:00,26.1,58.10353,20.64292,26.45149,STK7,SK8 1LA
05-03-2020 12:00,30,66.9931,21.30545,34.3252,STK7,SK8 1LA
05-03-2020 13:00,26.1,56.38987,16.49342,31.10032,STK7,SK8 1LA
05-03-2020 14:00,23.2,64.31552,21.27058,31.70109,STK7,SK8 1LA
05-03-2020 15:00,18.4,57.2467,17.7836,29.9789,STK7,SK8 1LA
05-03-2020 16:00,26.1,118.67043,45.74918,48.52267,STK7,SK8 1LA
05-03-2020 17:00,21.3,111.60161,36.99686,54.87389,STK7,SK8 1LA
05-03-2020 18:00,21.3,124.13269,36.54355,68.10003,STK7,SK8 1LA
05-03-2020 19:00,24.2,120.54474,33.26579,69.5379,STK7,SK8 1LA
05-03-2020 20:00,30,90.66292,17.60925,63.66245,STK7,SK8 1LA
05-03-2020 21:00,17.4,47.60741,4.07977,41.35185,STK7,SK8 1LA
05-03-2020 22:00,23.2,49.69592,1.56914,47.28994,STK7,SK8 1LA
05-03-2020 23:00,17.4,62.17345,3.20802,57.25455,STK7,SK8 1LA
06-03-2020 00:00,25.1,87.77113,17.46977,60.98453,STK7,SK8 1LA
06-03-2020 01:00,19.3,62.29819,8.50852,49.25197,STK7,SK8 1LA
06-03-2020 02:00,16.4,56.29871,9.27568,42.07619,STK7,SK8 1LA
06-03-2020 03:00,19.3,50.19209,11.15872,33.0823,STK7,SK8 1LA
06-03-2020 04:00,10.6,39.8537,5.33526,31.67308,STK7,SK8 1LA
06-03-2020 05:00,16.4,39.3716,7.63675,27.66208,STK7,SK8 1LA
06-03-2020 06:00,13.5,87.95668,30.44237,41.27904,STK7,SK8 1LA
06-03-2020 07:00,16.4,93.95617,32.04644,44.81898,STK7,SK8 1LA
06-03-2020 08:00,12.6,101.61622,36.0566,46.33021,STK7,SK8 1LA
06-03-2020 09:00,16.4,133.1135,51.64393,53.92724,STK7,SK8 1LA
06-03-2020 10:00,35.7,157.37926,57.74635,68.83609,STK7,SK8 1LA
06-03-2020 11:00,60.9,215.17783,91.04814,75.57263,STK7,SK8 1LA
06-03-2020 12:00,43.5,140.88068,55.06128,56.45456,STK7,SK8 1LA
06-03-2020 13:00,57,179.44878,76.61155,61.97937,STK7,SK8 1LA
06-03-2020 14:00,55.1,173.9314,69.63736,67.15561,STK7,SK8 1LA
06-03-2020 15:00,50.2,171.41376,67.37074,68.11339,STK7,SK8 1LA
06-03-2020 16:00,36.7,182.23425,71.45065,72.67812,STK7,SK8 1LA
06-03-2020 17:00,50.2,230.5515,96.24392,82.97956,STK7,SK8 1LA
06-03-2020 18:00,30,201.8397,78.56433,81.37608,STK7,SK8 1LA
06-03-2020 19:00,30.9,218.87394,81.91194,93.27738,STK7,SK8 1LA
06-03-2020 20:00,34.8,255.5672,103.21811,97.30163,STK7,SK8 1LA
06-03-2020 21:00,34.8,210.83892,74.13571,97.16575,STK7,SK8 1LA
06-03-2020 22:00,28,118.00766,30.6516,71.0092,STK7,SK8 1LA
06-03-2020 23:00,15.5,93.0991,27.54808,50.8593,STK7,SK8 1LA
07-03-2020 00:00,21.3,90.58146,27.82705,47.91392,STK7,SK8 1LA
07-03-2020 01:00,17.4,53.20689,13.84425,31.97933,STK7,SK8 1LA
07-03-2020 02:00,11.6,24.16547,5.47493,15.77069,STK7,SK8 1LA
07-03-2020 03:00,8.7,17.14623,3.1385,12.33394,STK7,SK8 1LA
07-03-2020 04:00,5.8,18.37861,3.87081,12.44345,STK7,SK8 1LA
07-03-2020 05:00,11.6,16.02101,3.80107,10.19279,STK7,SK8 1LA
07-03-2020 06:00,8.7,19.39667,5.47493,11.00189,STK7,SK8 1LA
07-03-2020 07:00,10.6,39.65065,13.25143,19.33208,STK7,SK8 1LA
07-03-2020 08:00,5.8,54.97509,20.43509,23.64172,STK7,SK8 1LA
07-03-2020 09:00,5.8,68.317,25.42181,29.33743,STK7,SK8 1LA
07-03-2020 10:00,17.4,61.67284,24.23616,24.51125,STK7,SK8 1LA
07-03-2020 11:00,43.5,63.8697,24.89873,25.69218,STK7,SK8 1LA
07-03-2020 12:00,51.2,52.24241,20.71407,20.48128,STK7,SK8 1LA
07-03-2020 13:00,33.8,61.88717,21.79511,28.46847,STK7,SK8 1LA
07-03-2020 14:00,20.3,64.99492,24.37565,27.61945,STK7,SK8 1LA
07-03-2020 15:00,26.1,56.47539,17.01762,30.38207,STK7,SK8 1LA
07-03-2020 16:00,41.5,50.25988,17.36634,23.63186,STK7,SK8 1LA
07-03-2020 17:00,34.8,78.01534,27.54901,35.7741,STK7,SK8 1LA
07-03-2020 18:00,28,46.77705,15.44837,23.08988,STK7,SK8 1LA
07-03-2020 19:00,23.2,38.68618,13.2863,18.31414,STK7,SK8 1LA
07-03-2020 20:00,21.3,35.3641,12.13552,16.75656,STK7,SK8 1LA
07-03-2020 21:00,10.6,19.66458,6.62571,9.5053,STK7,SK8 1LA
07-03-2020 22:00,8.7,22.12935,8.29958,9.40351,STK7,SK8 1LA
07-03-2020 23:00,8.7,18.21787,6.20725,8.70022,STK7,SK8 1LA
08-03-2020 00:00,7.7,16.23534,5.33544,8.05444,STK7,SK8 1LA
08-03-2020 01:00,4.8,12.9705,4.11506,6.66084,STK7,SK8 1LA
08-03-2020 02:00,1.9,9.3795,3.2781,4.35315,STK7,SK8 1LA
08-03-2020 03:00,1.9,7.66439,2.85962,3.27971,STK7,SK8 1LA
08-03-2020 04:00,0,7.61079,2.26677,4.13513,STK7,SK8 1LA
08-03-2020 05:00,-1,8.03957,2.51088,4.18961,STK7,SK8 1LA
08-03-2020 06:00,2.9,7.71799,2.19702,4.34927,STK7,SK8 1LA
08-03-2020 07:00,5.8,14.63202,3.8012,8.8036,STK7,SK8 1LA
08-03-2020 08:00,7.7,49.66667,12.22892,30.91591,STK7,SK8 1LA
08-03-2020 09:00,6.8,null,null,null,STK7,SK8 1LA
08-03-2020 10:00,9.7,null,null,null,STK7,SK8 1LA
08-03-2020 11:00,13.5,null,null,null,STK7,SK8 1LA
08-03-2020 12:00,8.7,null,null,null,STK7,SK8 1LA
08-03-2020 13:00,9.7,null,null,null,STK7,SK8 1LA
08-03-2020 14:00,19.3,null,null,null,STK7,SK8 1LA
08-03-2020 15:00,18.4,null,null,null,STK7,SK8 1LA
08-03-2020 16:00,20.3,null,null,null,STK7,SK8 1LA
08-03-2020 17:00,14.5,null,null,null,STK7,SK8 1LA
08-03-2020 18:00,18.4,null,null,null,STK7,SK8 1LA
08-03-2020 19:00,14.5,null,null,null,STK7,SK8 1LA
08-03-2020 20:00,8.7,null,null,null,STK7,SK8 1LA
08-03-2020 21:00,7.7,null,null,null,STK7,SK8 1LA
08-03-2020 22:00,7.7,null,null,null,STK7,SK8 1LA
08-03-2020 23:00,6.8,null,null,null,STK7,SK8 1LA
09-03-2020 00:00,4.8,null,null,null,STK7,SK8 1LA
09-03-2020 01:00,3.9,null,null,null,STK7,SK8 1LA
09-03-2020 02:00,9.7,null,null,null,STK7,SK8 1LA
09-03-2020 03:00,5.8,null,null,null,STK7,SK8 1LA
09-03-2020 04:00,12.6,null,null,null,STK7,SK8 1LA
09-03-2020 05:00,14.5,null,null,null,STK7,SK8 1LA
09-03-2020 06:00,18.4,null,null,null,STK7,SK8 1LA
09-03-2020 07:00,16.4,null,null,null,STK7,SK8 1LA
09-03-2020 08:00,21.3,null,null,null,STK7,SK8 1LA
09-03-2020 09:00,18.4,null,null,null,STK7,SK8 1LA
09-03-2020 10:00,21.3,null,null,null,STK7,SK8 1LA
09-03-2020 11:00,22.2,null,null,null,STK7,SK8 1LA
09-03-2020 12:00,30.9,null,null,null,STK7,SK8 1LA
09-03-2020 13:00,35.7,null,null,null,STK7,SK8 1LA
09-03-2020 14:00,33.8,null,null,null,STK7,SK8 1LA
09-03-2020 15:00,17.4,null,null,null,STK7,SK8 1LA
09-03-2020 16:00,18.4,null,null,null,STK7,SK8 1LA
09-03-2020 17:00,17.4,null,null,null,STK7,SK8 1LA
09-03-2020 18:00,13.5,null,null,null,STK7,SK8 1LA
09-03-2020 19:00,6.8,null,null,null,STK7,SK8 1LA
09-03-2020 20:00,3.9,null,null,null,STK7,SK8 1LA
09-03-2020 21:00,1.9,null,null,null,STK7,SK8 1LA
09-03-2020 22:00,1,null,null,null,STK7,SK8 1LA
09-03-2020 23:00,4.8,null,null,null,STK7,SK8 1LA
10-03-2020 00:00,3.9,null,null,null,STK7,SK8 1LA
10-03-2020 01:00,1,null,null,null,STK7,SK8 1LA
10-03-2020 02:00,1,null,null,null,STK7,SK8 1LA
10-03-2020 03:00,2.9,null,null,null,STK7,SK8 1LA
10-03-2020 04:00,2.9,null,null,null,STK7,SK8 1LA
10-03-2020 05:00,0,null,null,null,STK7,SK8 1LA
10-03-2020 06:00,0,null,null,null,STK7,SK8 1LA
10-03-2020 07:00,1.9,null,null,null,STK7,SK8 1LA
10-03-2020 08:00,2.9,null,null,null,STK7,SK8 1LA
10-03-2020 09:00,5.8,null,null,null,STK7,SK8 1LA
10-03-2020 10:00,7.7,86.59045,32.55068,36.68011,STK7,SK8 1LA
10-03-2020 11:00,5.8,82.21088,31.4579,33.9761,STK7,SK8 1LA
10-03-2020 12:00,3.9,95.56411,40.69997,33.15836,STK7,SK8 1LA
10-03-2020 13:00,1.9,64.83558,26.33117,24.46168,STK7,SK8 1LA
10-03-2020 14:00,1.9,76.25823,27.76108,33.69184,STK7,SK8 1LA
10-03-2020 15:00,12.6,81.35284,32.36467,31.7277,STK7,SK8 1LA
10-03-2020 16:00,20.3,86.76921,32.29492,37.25102,STK7,SK8 1LA
10-03-2020 17:00,21.3,80.06578,33.4807,28.72943,STK7,SK8 1LA
10-03-2020 18:00,21.3,87.62725,32.36467,38.00211,STK7,SK8 1LA
10-03-2020 19:00,28,98.29911,38.25867,39.63664,STK7,SK8 1LA
10-03-2020 20:00,25.1,105.53882,41.25798,42.27746,STK7,SK8 1LA
10-03-2020 21:00,31.9,79.85127,24.58739,42.15114,STK7,SK8 1LA
10-03-2020 22:00,14.5,59.90186,19.28628,30.32998,STK7,SK8 1LA
10-03-2020 23:00,15.5,38.8799,13.28765,18.50579,STK7,SK8 1LA
11-03-2020 00:00,11.6,38.61176,12.55526,19.36063,STK7,SK8 1LA
11-03-2020 01:00,15.5,19.47227,4.63863,12.3598,STK7,SK8 1LA
11-03-2020 02:00,13.5,12.49873,1.70897,9.87835,STK7,SK8 1LA
11-03-2020 03:00,9.7,16.361,3.73183,10.63894,STK7,SK8 1LA
11-03-2020 04:00,11.6,10.13845,1.77872,7.41112,STK7,SK8 1LA
11-03-2020 05:00,13.5,17.05835,4.91764,9.51807,STK7,SK8 1LA
11-03-2020 06:00,11.6,59.1678,19.39156,29.43449,STK7,SK8 1LA
11-03-2020 07:00,19.3,119.56938,46.80481,47.803,STK7,SK8 1LA
11-03-2020 08:00,18.4,143.81584,62.11577,48.57298,STK7,SK8 1LA
11-03-2020 09:00,31.9,144.94233,62.9877,48.36254,STK7,SK8 1LA
11-03-2020 10:00,20.3,112.97134,44.53781,44.68098,STK7,SK8 1LA
11-03-2020 11:00,14.5,76.70893,27.90153,33.92719,STK7,SK8 1LA
11-03-2020 12:00,9.7,57.02209,22.77462,22.1015,STK7,SK8 1LA
11-03-2020 13:00,17.4,72.6321,25.87867,32.95203,STK7,SK8 1LA
11-03-2020 14:00,12.6,75.31423,27.37837,33.33464,STK7,SK8 1LA
11-03-2020 15:00,16.4,74.88508,27.23887,33.11941,STK7,SK8 1LA
11-03-2020 16:00,11.6,70.05725,25.5299,30.91195,STK7,SK8 1LA
11-03-2020 17:00,14.5,95.16199,34.80716,41.79176,STK7,SK8 1LA
11-03-2020 18:00,11.6,79.39106,30.83119,32.11723,STK7,SK8 1LA
11-03-2020 19:00,6.8,62.92278,23.2629,27.2535,STK7,SK8 1LA
11-03-2020 20:00,5.8,38.99818,13.70663,17.98164,STK7,SK8 1LA
11-03-2020 21:00,5.8,28.53787,9.76554,13.56426,STK7,SK8 1LA
11-03-2020 22:00,6.8,14.69808,4.84789,7.26475,STK7,SK8 1LA
11-03-2020 23:00,6.8,17.59478,5.82444,8.66409,STK7,SK8 1LA
12-03-2020 00:00,7.7,14.10801,5.96395,4.96341,STK7,SK8 1LA
12-03-2020 01:00,7.7,7.67306,2.82513,3.34126,STK7,SK8 1LA
12-03-2020 02:00,5.8,3.97068,1.43,1.77804,STK7,SK8 1LA
12-03-2020 03:00,4.8,3.11215,1.04634,1.50778,STK7,SK8 1LA
12-03-2020 04:00,7.7,5.79504,2.16244,2.47934,STK7,SK8 1LA
12-03-2020 05:00,7.7,14.75589,3.41805,9.51495,STK7,SK8 1LA
12-03-2020 06:00,14.5,26.18499,8.71952,12.81524,STK7,SK8 1LA
12-03-2020 07:00,13.5,92.34503,34.66883,39.1869,STK7,SK8 1LA
12-03-2020 08:00,17.4,173.3146,69.96546,66.03573,STK7,SK8 1LA
12-03-2020 09:00,33.8,148.09545,66.72179,45.79013,STK7,SK8 1LA
12-03-2020 10:00,31.9,78.17937,34.35492,25.50256,STK7,SK8 1LA
12-03-2020 11:00,26.1,58.02194,22.74052,23.15363,STK7,SK8 1LA
12-03-2020 12:00,23.2,75.12088,33.99452,22.99668,STK7,SK8 1LA
12-03-2020 13:00,21.3,52.58462,21.06637,20.2833,STK7,SK8 1LA
12-03-2020 14:00,19.3,47.32616,18.6249,18.76837,STK7,SK8 1LA
12-03-2020 15:00,25.1,78.55498,32.29712,29.03343,STK7,SK8 1LA
12-03-2020 16:00,19.3,73.02823,29.22784,28.21283,STK7,SK8 1LA
12-03-2020 17:00,21.3,61.92107,24.58906,24.21838,STK7,SK8 1LA
12-03-2020 18:00,26.1,80.0574,30.97175,32.56805,STK7,SK8 1LA
12-03-2020 19:00,9.7,80.433,29.89053,34.6015,STK7,SK8 1LA
12-03-2020 20:00,10.6,74.10138,25.49589,35.00824,STK7,SK8 1LA
12-03-2020 21:00,10.6,53.06754,17.54368,26.1676,STK7,SK8 1LA
12-03-2020 22:00,9.7,42.65793,12.34685,23.72636,STK7,SK8 1LA
12-03-2020 23:00,12.6,30.31664,9.03343,16.46558,STK7,SK8 1LA
13-03-2020 00:00,12.6,23.39479,8.02196,11.09462,STK7,SK8 1LA
13-03-2020 01:00,11.6,11.49659,3.56705,6.02718,STK7,SK8 1LA
13-03-2020 02:00,10.6,8.97164,1.60867,6.50504,STK7,SK8 1LA
13-03-2020 03:00,9.7,5.90946,1.25896,3.97908,STK7,SK8 1LA
13-03-2020 04:00,13.5,6.55413,1.43382,4.35564,STK7,SK8 1LA
13-03-2020 05:00,13.5,7.78974,2.37804,4.14348,STK7,SK8 1LA
13-03-2020 06:00,9.7,22.50967,7.97341,10.28395,STK7,SK8 1LA
13-03-2020 07:00,14.5,111.04415,40.77631,48.52135,STK7,SK8 1LA
13-03-2020 08:00,18.4,334.52922,156.91534,93.92906,STK7,SK8 1LA
13-03-2020 09:00,23.2,304.39097,142.47227,85.93653,STK7,SK8 1LA
13-03-2020 10:00,19.3,188.29692,83.65088,60.03403,STK7,SK8 1LA
13-03-2020 11:00,25.1,169.49409,69.87226,62.35811,STK7,SK8 1LA
13-03-2020 12:00,25.1,133.07032,54.86966,48.93802,STK7,SK8 1LA
13-03-2020 13:00,20.3,134.62827,53.89047,51.99737,STK7,SK8 1LA
13-03-2020 14:00,16.4,105.83308,43.67891,38.85969,STK7,SK8 1LA
13-03-2020 15:00,12.6,64.46685,21.22746,31.91853,STK7,SK8 1LA
13-03-2020 16:00,8.7,59.63183,18.25492,31.64135,STK7,SK8 1LA
13-03-2020 17:00,19.3,145.2653,56.12862,59.20262,STK7,SK8 1LA
13-03-2020 18:00,13.5,139.08722,54.79972,55.06216,STK7,SK8 1LA
13-03-2020 19:00,9.7,65.38013,20.03844,34.65495,STK7,SK8 1LA
13-03-2020 20:00,5.8,22.13362,1.36387,20.04238,STK7,SK8 1LA
13-03-2020 21:00,9.7,22.29479,2.83266,17.95144,STK7,SK8 1LA
13-03-2020 22:00,6.8,30.35314,7.76358,18.44914,STK7,SK8 1LA
13-03-2020 23:00,11.6,17.19116,1.04913,15.58251,STK7,SK8 1LA
14-03-2020 00:00,12.6,13.32315,1.15405,11.55364,STK7,SK8 1LA
14-03-2020 01:00,16.4,10.16574,0.45583,9.4668,STK7,SK8 1LA
14-03-2020 02:00,10.6,9.95059,0.4909,9.19789,STK7,SK8 1LA
14-03-2020 03:00,8.7,11.18769,2.17398,7.85431,STK7,SK8 1LA
14-03-2020 04:00,7.7,7.26124,1.19218,5.43326,STK7,SK8 1LA
14-03-2020 05:00,8.7,11.94071,2.52462,8.06969,STK7,SK8 1LA
14-03-2020 06:00,5.8,13.2316,3.68173,7.58635,STK7,SK8 1LA
14-03-2020 07:00,5.8,35.17668,10.37898,19.26247,STK7,SK8 1LA
14-03-2020 08:00,7.7,68.1481,25.1059,29.65292,STK7,SK8 1LA
14-03-2020 09:00,11.6,82.45543,30.71616,35.35798,STK7,SK8 1LA
14-03-2020 10:00,11.6,52.98017,19.28526,23.40985,STK7,SK8 1LA
14-03-2020 11:00,10.6,75.89342,28.43699,32.29064,STK7,SK8 1LA
14-03-2020 12:00,16.4,66.37313,24.96565,28.093,STK7,SK8 1LA
14-03-2020 13:00,16.4,50.45218,18.44372,22.1722,STK7,SK8 1LA
14-03-2020 14:00,17.4,58.95053,21.59949,25.83177,STK7,SK8 1LA
14-03-2020 15:00,18.4,65.02845,25.45654,25.99563,STK7,SK8 1LA
14-03-2020 16:00,10.6,57.92857,20.51251,26.4765,STK7,SK8 1LA
14-03-2020 17:00,11.6,109.88679,38.43027,50.96121,STK7,SK8 1LA
14-03-2020 18:00,7.7,80.19638,26.85911,39.01299,STK7,SK8 1LA
14-03-2020 19:00,7.7,44.21289,15.56847,20.34158,STK7,SK8 1LA
14-03-2020 20:00,3.9,31.46538,10.58936,15.22859,STK7,SK8 1LA
14-03-2020 21:00,6.8,27.00106,9.60757,12.26967,STK7,SK8 1LA
14-03-2020 22:00,10.6,20.49284,6.8375,10.00881,STK7,SK8 1LA
14-03-2020 23:00,13.5,18.9868,6.27648,9.36301,STK7,SK8 1LA
15-03-2020 00:00,11.6,17.58834,5.36481,9.36242,STK7,SK8 1LA
15-03-2020 01:00,11.6,13.4629,4.53527,6.50891,STK7,SK8 1LA
15-03-2020 02:00,6.8,8.72396,3.30477,3.65671,STK7,SK8 1LA
15-03-2020 03:00,4.8,5.1159,1.65238,2.58228,STK7,SK8 1LA
15-03-2020 04:00,4.8,5.81597,1.61723,3.33626,STK7,SK8 1LA
15-03-2020 05:00,4.8,8.40085,2.39068,4.73518,STK7,SK8 1LA
15-03-2020 06:00,1.9,8.23929,2.10943,5.00488,STK7,SK8 1LA
15-03-2020 07:00,1,15.4554,4.21885,8.98658,STK7,SK8 1LA
15-03-2020 08:00,2.9,22.94077,6.6447,12.75238,STK7,SK8 1LA
15-03-2020 09:00,1.9,32.20324,9.56274,17.54059,STK7,SK8 1LA
15-03-2020 10:00,4.8,49.00493,16.41838,23.83044,STK7,SK8 1LA
15-03-2020 11:00,6.8,62.84479,21.7271,29.53037,STK7,SK8 1LA
15-03-2020 12:00,13.5,74.79984,26.6491,33.93846,STK7,SK8 1LA
15-03-2020 13:00,12.6,92.51701,36.0712,37.2086,STK7,SK8 1LA
15-03-2020 14:00,8.7,94.40181,36.70403,38.12308,STK7,SK8 1LA
15-03-2020 15:00,19.3,82.12365,31.88751,33.23016,STK7,SK8 1LA
15-03-2020 16:00,19.3,69.79164,29.25072,24.94116,STK7,SK8 1LA
15-03-2020 17:00,19.3,79.26952,29.39135,34.20341,STK7,SK8 1LA
15-03-2020 18:00,19.3,71.03023,25.20765,32.37903,STK7,SK8 1LA
15-03-2020 19:00,25.1,73.83051,24.53967,36.20354,STK7,SK8 1LA
15-03-2020 20:00,26.1,99.30231,31.57109,50.89397,STK7,SK8 1LA
15-03-2020 21:00,20.3,59.45214,17.12152,33.19951,STK7,SK8 1LA
15-03-2020 22:00,15.5,47.49709,14.37926,25.4492,STK7,SK8 1LA
15-03-2020 23:00,18.4,44.58911,11.98858,26.20688,STK7,SK8 1LA
16-03-2020 00:00,16.4,40.06557,11.46122,22.49195,STK7,SK8 1LA
16-03-2020 01:00,16.4,12.61639,3.52501,7.21144,STK7,SK8 1LA
16-03-2020 02:00,17.4,21.24297,5.14652,13.35176,STK7,SK8 1LA
16-03-2020 03:00,13.5,7.60218,1.37476,5.49425,STK7,SK8 1LA
16-03-2020 04:00,18.4,6.79344,1.128,5.06386,STK7,SK8 1LA
16-03-2020 05:00,15.5,19.30199,4.58252,12.27557,STK7,SK8 1LA
16-03-2020 06:00,20.3,59.90087,19.66957,29.74129,STK7,SK8 1LA
16-03-2020 07:00,25.1,189.56928,77.12728,71.3091,STK7,SK8 1LA
16-03-2020 08:00,31.9,273.46285,121.68344,86.88418,STK7,SK8 1LA
16-03-2020 09:00,37.7,227.3106,101.20311,72.13466,STK7,SK8 1LA
16-03-2020 10:00,36.7,167.94889,67.50399,64.44421,STK7,SK8 1LA
16-03-2020 11:00,28,138.18716,56.7527,51.16756,STK7,SK8 1LA
16-03-2020 12:00,23.2,95.6473,37.36513,38.35489,STK7,SK8 1LA
16-03-2020 13:00,17.4,82.22217,29.92736,36.3342,STK7,SK8 1LA
16-03-2020 14:00,23.2,72.03201,27.03685,30.57609,STK7,SK8 1LA
16-03-2020 15:00,16.4,87.02071,34.58038,33.99821,STK7,SK8 1LA
16-03-2020 16:00,17.4,79.84986,29.29286,34.93477,STK7,SK8 1LA
16-03-2020 17:00,16.4,95.86296,35.28538,41.75947,STK7,SK8 1LA
16-03-2020 18:00,14.5,89.50085,30.27986,43.07238,STK7,SK8 1LA
16-03-2020 19:00,13.5,66.10123,22.56008,31.50959,STK7,SK8 1LA
16-03-2020 20:00,10.6,52.6761,18.61207,24.138,STK7,SK8 1LA
16-03-2020 21:00,18.4,27.659,8.42478,14.74118,STK7,SK8 1LA
16-03-2020 22:00,12.6,20.59598,6.27452,10.97518,STK7,SK8 1LA
16-03-2020 23:00,11.6,19.14024,5.56952,10.60043,STK7,SK8 1LA
17-03-2020 00:00,12.6,10.29799,2.53801,6.40643,STK7,SK8 1LA
17-03-2020 01:00,10.6,5.02021,1.44907,2.79834,STK7,SK8 1LA
17-03-2020 02:00,8.7,2.48312,0.60083,1.56185,STK7,SK8 1LA
17-03-2020 03:00,4.8,2.15923,0.77755,0.96701,STK7,SK8 1LA
17-03-2020 04:00,1.9,3.40079,1.06029,1.77503,STK7,SK8 1LA
17-03-2020 05:00,1.9,9.87848,3.28691,4.83862,STK7,SK8 1LA
17-03-2020 06:00,2.9,20.89056,6.7152,10.59407,STK7,SK8 1LA
17-03-2020 07:00,6.8,67.63792,29.26412,22.7669,STK7,SK8 1LA
17-03-2020 08:00,14.5,129.176,54.46377,45.66605,STK7,SK8 1LA
17-03-2020 09:00,14.5,116.43654,48.24338,42.46439,STK7,SK8 1LA
17-03-2020 10:00,13.5,68.50161,25.80049,28.94141,STK7,SK8 1LA
17-03-2020 11:00,8.7,69.79715,29.54686,24.49259,STK7,SK8 1LA
17-03-2020 12:00,13.5,71.79444,27.67367,29.36206,STK7,SK8 1LA
17-03-2020 13:00,11.6,57.81341,22.79632,22.85954,STK7,SK8 1LA
17-03-2020 14:00,10.6,48.96057,19.04995,19.75105,STK7,SK8 1LA
17-03-2020 15:00,13.5,55.27632,20.46368,23.89912,STK7,SK8 1LA
17-03-2020 16:00,8.7,46.9093,18.16637,19.05458,STK7,SK8 1LA
17-03-2020 17:00,7.7,41.5652,16.9647,15.55301,STK7,SK8 1LA
17-03-2020 18:00,9.7,44.31822,16.61127,18.84796,STK7,SK8 1LA
17-03-2020 19:00,7.7,31.25487,12.22873,12.50442,STK7,SK8 1LA
17-03-2020 20:00,6.8,24.9931,7.42206,13.61277,STK7,SK8 1LA
17-03-2020 21:00,5.8,16.62608,6.32642,6.9257,STK7,SK8 1LA
17-03-2020 22:00,5.8,12.41558,4.27652,5.85834,STK7,SK8 1LA
17-03-2020 23:00,4.8,8.63693,2.89814,4.19318,STK7,SK8 1LA
18-03-2020 00:00,5.8,5.45206,1.51976,3.1218,STK7,SK8 1LA
18-03-2020 01:00,2.9,3.56699,1.52375,1.2306,STK7,SK8 1LA
18-03-2020 02:00,5.8,1.29709,0.53154,0.48207,STK7,SK8 1LA
18-03-2020 03:00,1.9,4.6479,0.81503,3.39821,STK7,SK8 1LA
18-03-2020 04:00,1,10.32267,2.48053,6.51924,STK7,SK8 1LA
18-03-2020 05:00,3.9,27.23887,4.71301,20.01236,STK7,SK8 1LA
18-03-2020 06:00,4.8,42.1554,11.83567,24.00762,STK7,SK8 1LA
18-03-2020 07:00,9.7,124.62865,47.23638,52.20054,STK7,SK8 1LA
18-03-2020 08:00,18.4,322.70496,146.6702,97.8138,STK7,SK8 1LA
18-03-2020 09:00,16.4,248.66279,114.91941,72.45548,STK7,SK8 1LA
18-03-2020 10:00,10.6,194.56337,82.88514,67.47459,STK7,SK8 1LA
18-03-2020 11:00,9.7,176.13389,70.90772,67.41023,STK7,SK8 1LA
18-03-2020 12:00,10.6,172.83712,68.1437,68.35157,STK7,SK8 1LA
18-03-2020 13:00,9.7,137.11313,55.17408,52.51406,STK7,SK8 1LA
18-03-2020 14:00,10.6,138.19404,55.06777,53.75797,STK7,SK8 1LA
18-03-2020 15:00,14.5,170.7834,68.10827,66.35218,STK7,SK8 1LA
18-03-2020 16:00,17.4,189.59119,74.62852,75.16239,STK7,SK8 1LA
18-03-2020 17:00,27.1,186.99701,74.62852,72.56822,STK7,SK8 1LA
18-03-2020 18:00,30.9,161.64973,62.58023,65.69472,STK7,SK8 1LA
18-03-2020 19:00,26.1,147.21961,54.81971,63.16389,STK7,SK8 1LA
18-03-2020 20:00,27.1,129.76296,47.27182,57.28052,STK7,SK8 1LA
18-03-2020 21:00,22.2,120.57524,38.94432,60.86145,STK7,SK8 1LA
18-03-2020 22:00,30,136.51863,43.01948,70.55635,STK7,SK8 1LA
18-03-2020 23:00,28,148.08434,49.6106,72.01581,STK7,SK8 1LA
19-03-2020 00:00,21.3,92.09333,18.00156,64.49132,STK7,SK8 1LA
19-03-2020 01:00,20.3,71.91217,16.27235,46.96157,STK7,SK8 1LA
19-03-2020 02:00,15.5,50.05173,5.57808,41.4988,STK7,SK8 1LA
19-03-2020 03:00,12.6,34.19751,1.20799,32.34528,STK7,SK8 1LA
19-03-2020 04:00,17.4,41.44825,4.90302,33.93038,STK7,SK8 1LA
19-03-2020 05:00,18.4,56.59904,13.85637,35.3529,STK7,SK8 1LA
19-03-2020 06:00,16.4,77.91837,30.48401,31.17687,STK7,SK8 1LA
19-03-2020 07:00,20.3,62.82169,20.14503,31.93307,STK7,SK8 1LA
19-03-2020 08:00,19.3,86.14309,31.97624,37.11355,STK7,SK8 1LA
19-03-2020 09:00,30.9,129.91806,51.94362,50.27229,STK7,SK8 1LA
19-03-2020 10:00,38.6,196.52745,86.76219,63.49395,STK7,SK8 1LA
19-03-2020 11:00,23.2,84.62801,25.01252,46.27601,STK7,SK8 1LA
19-03-2020 12:00,30.9,null,null,null,STK7,SK8 1LA
19-03-2020 13:00,19.3,91.17532,28.81414,46.99425,STK7,SK8 1LA
19-03-2020 14:00,19.3,101.18567,38.12278,42.73155,STK7,SK8 1LA
19-03-2020 15:00,18.4,102.59252,38.90442,42.93991,STK7,SK8 1LA
19-03-2020 16:00,15.5,73.48135,27.71274,30.98908,STK7,SK8 1LA
19-03-2020 17:00,8.7,63.20046,17.76458,35.96182,STK7,SK8 1LA
19-03-2020 18:00,10.6,34.19751,4.83196,26.7886,STK7,SK8 1LA
19-03-2020 19:00,13.5,31.32968,1.91857,28.38791,STK7,SK8 1LA
19-03-2020 20:00,34.8,209.29741,73.11899,97.18318,STK7,SK8 1LA
19-03-2020 21:00,31.9,127.53723,35.45809,73.16891,STK7,SK8 1LA
19-03-2020 22:00,33.8,93.12328,16.59211,67.68239,STK7,SK8 1LA
19-03-2020 23:00,24.2,95.82878,22.24125,61.726,STK7,SK8 1LA
20-03-2020 00:00,20.3,50.64694,4.29903,44.05519,STK7,SK8 1LA
20-03-2020 01:00,17.4,26.24492,0.71069,25.15521,STK7,SK8 1LA
20-03-2020 02:00,23.2,35.93119,2.73617,31.73579,STK7,SK8 1LA
20-03-2020 03:00,27.1,24.08039,0.9239,22.66376,STK7,SK8 1LA
20-03-2020 04:00,14.5,12.98718,1.49246,10.69878,STK7,SK8 1LA
20-03-2020 05:00,11.6,10.44386,0.9239,9.02723,STK7,SK8 1LA
20-03-2020 06:00,13.5,20.29247,2.77171,16.04257,STK7,SK8 1LA
20-03-2020 07:00,17.4,49.78418,12.22394,31.04107,STK7,SK8 1LA
20-03-2020 08:00,15.5,48.75603,11.01576,31.86543,STK7,SK8 1LA
20-03-2020 09:00,16.4,46.26682,14.42709,24.14559,STK7,SK8 1LA
20-03-2020 10:00,16.4,30.46576,8.63494,17.22571,STK7,SK8 1LA
20-03-2020 11:00,13.5,17.58681,5.04593,9.84982,STK7,SK8 1LA
20-03-2020 12:00,8.7,19.91367,5.82769,10.978,STK7,SK8 1LA
20-03-2020 13:00,12.6,16.23397,4.86826,8.76942,STK7,SK8 1LA
20-03-2020 14:00,7.7,15.63873,4.1931,9.2094,STK7,SK8 1LA
20-03-2020 15:00,5.8,19.48077,5.29467,11.36238,STK7,SK8 1LA
20-03-2020 16:00,6.8,16.01752,4.2997,9.42474,STK7,SK8 1LA
20-03-2020 17:00,12.6,24.02628,5.18807,16.07135,STK7,SK8 1LA
20-03-2020 18:00,11.6,20.13013,3.23366,15.17192,STK7,SK8 1LA
20-03-2020 19:00,12.6,33.55021,4.72612,26.3036,STK7,SK8 1LA
20-03-2020 20:00,13.5,16.99156,1.38585,14.86661,STK7,SK8 1LA
20-03-2020 21:00,10.6,16.66688,1.52799,14.32399,STK7,SK8 1LA
20-03-2020 22:00,15.5,16.12575,1.13711,14.3822,STK7,SK8 1LA
20-03-2020 23:00,12.6,9.63216,0.60409,8.7059,STK7,SK8 1LA
21-03-2020 00:00,12.6,6.98061,0.53302,6.16332,STK7,SK8 1LA
21-03-2020 01:00,10.6,6.65633,0.49756,5.89341,STK7,SK8 1LA
21-03-2020 02:00,9.7,3.30111,0.28432,2.86515,STK7,SK8 1LA
21-03-2020 03:00,8.7,3.08464,0.46202,2.37621,STK7,SK8 1LA
21-03-2020 04:00,9.7,2.21878,0.28432,1.78282,STK7,SK8 1LA
21-03-2020 05:00,11.6,1.78585,0.28432,1.34989,STK7,SK8 1LA
21-03-2020 06:00,12.6,2.43524,0.39094,1.83581,STK7,SK8 1LA
21-03-2020 07:00,16.4,4.65402,0.67527,3.61863,STK7,SK8 1LA
21-03-2020 08:00,8.7,6.00693,1.06621,4.3721,STK7,SK8 1LA
21-03-2020 09:00,13.5,8.87511,2.06134,5.71444,STK7,SK8 1LA
21-03-2020 10:00,16.4,12.50091,3.37633,7.32395,STK7,SK8 1LA
21-03-2020 11:00,13.5,16.18084,5.61536,7.57073,STK7,SK8 1LA
21-03-2020 12:00,9.7,12.66326,4.40699,5.90597,STK7,SK8 1LA
21-03-2020 13:00,9.7,13.09619,5.18888,5.14002,STK7,SK8 1LA
21-03-2020 14:00,10.6,18.3455,6.82373,7.88259,STK7,SK8 1LA
21-03-2020 15:00,9.7,23.37833,9.8802,8.22891,STK7,SK8 1LA
21-03-2020 16:00,15.5,10.87742,3.37633,5.70046,STK7,SK8 1LA
21-03-2020 17:00,15.5,7.25161,1.17283,5.4533,STK7,SK8 1LA
21-03-2020 18:00,13.5,8.49629,1.35053,6.42551,STK7,SK8 1LA
21-03-2020 19:00,12.6,11.95975,1.56377,9.562,STK7,SK8 1LA
21-03-2020 20:00,13.5,10.98565,1.03067,9.40532,STK7,SK8 1LA
21-03-2020 21:00,12.6,8.65864,0.74635,7.51426,STK7,SK8 1LA
21-03-2020 22:00,16.4,16.83023,2.62998,12.79765,STK7,SK8 1LA
21-03-2020 23:00,14.5,15.47732,2.7366,11.28126,STK7,SK8 1LA
22-03-2020 00:00,16.4,8.38806,0.3554,7.84312,STK7,SK8 1LA
22-03-2020 01:00,12.6,10.01216,0.95974,8.54058,STK7,SK8 1LA
22-03-2020 02:00,17.4,7.03557,0.35546,6.49054,STK7,SK8 1LA
22-03-2020 03:00,18.4,14.2335,0.39101,13.63397,STK7,SK8 1LA
22-03-2020 04:00,9.7,21.75615,0.53319,20.93861,STK7,SK8 1LA
22-03-2020 05:00,17.4,21.32319,1.03083,19.74261,STK7,SK8 1LA
22-03-2020 06:00,12.6,19.91608,1.59956,17.46345,STK7,SK8 1LA
22-03-2020 07:00,22.2,83.45268,29.57414,38.10631,STK7,SK8 1LA
22-03-2020 08:00,13.5,23.70446,2.84367,19.34423,STK7,SK8 1LA
22-03-2020 09:00,12.6,14.7747,4.12332,8.45237,STK7,SK8 1LA
22-03-2020 10:00,8.7,14.88294,4.54987,7.90657,STK7,SK8 1LA
22-03-2020 11:00,10.6,12.98874,4.47878,6.12139,STK7,SK8 1LA
22-03-2020 12:00,13.5,11.20279,3.12803,6.40654,STK7,SK8 1LA
22-03-2020 13:00,16.4,15.91121,5.18969,7.9538,STK7,SK8 1LA
22-03-2020 14:00,17.4,22.51382,7.85563,10.46869,STK7,SK8 1LA
22-03-2020 15:00,14.5,27.00576,9.81065,11.96298,STK7,SK8 1LA
22-03-2020 16:00,12.6,24.3539,7.60681,12.69029,STK7,SK8 1LA
22-03-2020 17:00,15.5,16.99361,3.8034,11.1618,STK7,SK8 1LA
22-03-2020 18:00,17.4,15.74885,2.31048,12.20617,STK7,SK8 1LA
22-03-2020 19:00,14.5,17.96776,0.8531,16.6597,STK7,SK8 1LA
22-03-2020 20:00,22.2,38.96623,8.63764,25.72204,STK7,SK8 1LA
22-03-2020 21:00,20.3,53.57857,11.62349,35.75614,STK7,SK8 1LA
22-03-2020 22:00,28,22.18911,4.19441,15.75777,STK7,SK8 1LA
22-03-2020 23:00,15.5,16.01945,3.19913,11.1142,STK7,SK8 1LA
23-03-2020 00:00,14.5,11.36515,1.59956,8.91252,STK7,SK8 1LA
23-03-2020 01:00,17.4,8.11846,1.10209,6.4286,STK7,SK8 1LA
23-03-2020 02:00,14.5,7.5231,0.71103,6.43287,STK7,SK8 1LA
23-03-2020 03:00,24.2,23.21878,3.91065,17.22253,STK7,SK8 1LA
23-03-2020 04:00,20.3,49.68494,10.27435,33.93115,STK7,SK8 1LA
23-03-2020 05:00,26.1,86.92159,26.37914,46.47414,STK7,SK8 1LA
23-03-2020 06:00,19.3,74.85215,20.58426,43.29006,STK7,SK8 1LA
23-03-2020 07:00,36.7,223.474,104.52111,63.21054,STK7,SK8 1LA
23-03-2020 08:00,24.2,87.13808,29.29435,42.2207,STK7,SK8 1LA
23-03-2020 09:00,24.2,89.79011,31.42744,41.60205,STK7,SK8 1LA
23-03-2020 10:00,23.2,77.88304,31.49854,29.58596,STK7,SK8 1LA
23-03-2020 11:00,28,92.76688,36.54684,36.72918,STK7,SK8 1LA
23-03-2020 12:00,20.3,93.63284,37.22231,36.55943,STK7,SK8 1LA
23-03-2020 13:00,20.3,90.06073,33.95158,38.00236,STK7,SK8 1LA
23-03-2020 14:00,20.3,84.16131,33.45386,32.8661,STK7,SK8 1LA
23-03-2020 15:00,20.3,78.9655,30.53865,32.14023,STK7,SK8 1LA
23-03-2020 16:00,30,85.24378,30.5742,38.36399,STK7,SK8 1LA
23-03-2020 17:00,19.3,76.09698,25.06374,37.66646,STK7,SK8 1LA
23-03-2020 18:00,18.4,56.77506,15.18045,33.4987,STK7,SK8 1LA
23-03-2020 19:00,21.3,37.34489,6.15039,27.91442,STK7,SK8 1LA
23-03-2020 20:00,21.3,30.25478,2.20419,26.87507,STK7,SK8 1LA
23-03-2020 21:00,29,96.44724,28.15671,53.27423,STK7,SK8 1LA
23-03-2020 22:00,18.4,28.03573,5.08385,20.2406,STK7,SK8 1LA
23-03-2020 23:00,17.4,22.13632,2.38194,18.48406,STK7,SK8 1LA
24-03-2020 00:00,25.1,22.35281,1.77757,19.62724,STK7,SK8 1LA
24-03-2020 01:00,26.1,21.05513,1.77785,18.32913,STK7,SK8 1LA
24-03-2020 02:00,19.3,17.04978,0.88893,15.68679,STK7,SK8 1LA
24-03-2020 03:00,19.3,17.04978,1.03115,15.46871,STK7,SK8 1LA
24-03-2020 04:00,19.3,20.83862,2.84456,16.47703,STK7,SK8 1LA
24-03-2020 05:00,23.2,29.33645,5.29799,21.21299,STK7,SK8 1LA
24-03-2020 06:00,15.5,29.17407,6.3647,19.41501,STK7,SK8 1LA
24-03-2020 07:00,30,73.50351,23.07647,38.12009,STK7,SK8 1LA
24-03-2020 08:00,38.6,113.71934,41.56608,49.98557,STK7,SK8 1LA
24-03-2020 09:00,32.9,84.76178,29.6545,39.29217,STK7,SK8 1LA
24-03-2020 10:00,36.7,67.9285,24.85431,29.81908,STK7,SK8 1LA
24-03-2020 11:00,30.9,73.93652,27.48553,31.79263,STK7,SK8 1LA
24-03-2020 12:00,32.9,50.49983,19.52077,20.5684,STK7,SK8 1LA
24-03-2020 13:00,30,36.91413,11.20044,19.74036,STK7,SK8 1LA
24-03-2020 14:00,39.6,62.84063,23.85872,26.25777,STK7,SK8 1LA
24-03-2020 15:00,31.9,42.32676,13.2983,21.93632,STK7,SK8 1LA
24-03-2020 16:00,31.9,39.45807,12.48049,20.32158,STK7,SK8 1LA
24-03-2020 17:00,29,43.40929,12.97829,23.50952,STK7,SK8 1LA
24-03-2020 18:00,38.6,46.60274,11.7338,28.61117,STK7,SK8 1LA
24-03-2020 19:00,34.8,42.86803,12.26715,24.05866,STK7,SK8 1LA
24-03-2020 20:00,33.8,34.47845,7.43141,23.08379,STK7,SK8 1LA
24-03-2020 21:00,32.9,28.03742,5.79578,19.15068,STK7,SK8 1LA
24-03-2020 22:00,35.7,29.11995,5.93801,20.01512,STK7,SK8 1LA
24-03-2020 23:00,33.8,21.75877,3.09346,17.01554,STK7,SK8 1LA
25-03-2020 00:00,28,19.16071,2.59566,15.18076,STK7,SK8 1LA
25-03-2020 01:00,26.1,13.04522,0.99575,11.51843,STK7,SK8 1LA
25-03-2020 02:00,29,13.04522,0.88906,11.68201,STK7,SK8 1LA
25-03-2020 03:00,24.2,14.18195,1.31581,12.16439,STK7,SK8 1LA
25-03-2020 04:00,24.2,12.39567,0.96019,10.9234,STK7,SK8 1LA
25-03-2020 05:00,20.3,18.18753,2.31156,14.64318,STK7,SK8 1LA
25-03-2020 06:00,20.3,16.02235,0.99575,14.49555,STK7,SK8 1LA
25-03-2020 07:00,23.2,64.0894,19.1682,34.69857,STK7,SK8 1LA
25-03-2020 08:00,27.1,64.73895,15.32745,41.2372,STK7,SK8 1LA
25-03-2020 09:00,33.8,105.22786,36.66496,49.00904,STK7,SK8 1LA
25-03-2020 10:00,26.1,69.71887,21.94207,36.07483,STK7,SK8 1LA
25-03-2020 11:00,27.1,84.49624,29.58802,39.12858,STK7,SK8 1LA
25-03-2020 12:00,32.9,67.60782,21.37307,34.83623,STK7,SK8 1LA
25-03-2020 13:00,29,63.11507,19.55939,33.12442,STK7,SK8 1LA
25-03-2020 14:00,32.9,63.49397,18.24357,35.52088,STK7,SK8 1LA
25-03-2020 15:00,36.7,78.75851,25.46276,39.71615,STK7,SK8 1LA
25-03-2020 16:00,22.2,57.59385,17.10557,31.36567,STK7,SK8 1LA
25-03-2020 17:00,23.2,62.14073,18.10132,34.38576,STK7,SK8 1LA
25-03-2020 18:00,20.3,62.57377,15.25632,39.18107,STK7,SK8 1LA
25-03-2020 19:00,26.1,41.51737,6.93469,30.88433,STK7,SK8 1LA
25-03-2020 20:00,26.1,57.21494,8.07269,44.83699,STK7,SK8 1LA
25-03-2020 21:00,33.8,57.97276,2.91613,53.50142,STK7,SK8 1LA
25-03-2020 22:00,38.6,77.4594,11.52226,59.79218,STK7,SK8 1LA
25-03-2020 23:00,41.5,41.08434,2.52494,37.21282,STK7,SK8 1LA
26-03-2020 00:00,39.6,46.44316,5.04988,38.70012,STK7,SK8 1LA
26-03-2020 01:00,44.4,48.28648,5.29964,40.16047,STK7,SK8 1LA
26-03-2020 02:00,58.9,46.82489,5.69089,38.09898,STK7,SK8 1LA
26-03-2020 03:00,52.2,47.63688,7.04248,36.83856,STK7,SK8 1LA
26-03-2020 04:00,42.5,39.46283,5.37078,31.22774,STK7,SK8 1LA
26-03-2020 05:00,39.6,40.70788,7.50487,29.20058,STK7,SK8 1LA
26-03-2020 06:00,33.8,53.75389,14.44064,31.61188,STK7,SK8 1LA
26-03-2020 07:00,36.7,80.27897,26.00027,40.41245,STK7,SK8 1LA
26-03-2020 08:00,42.5,99.71266,32.43809,49.97495,STK7,SK8 1LA
26-03-2020 09:00,58,146.32101,55.62848,61.0252,STK7,SK8 1LA
26-03-2020 10:00,50.2,125.42575,47.34112,52.83705,STK7,SK8 1LA
26-03-2020 11:00,39.6,107.12885,35.81706,52.21013,STK7,SK8 1LA
26-03-2020 12:00,34.8,85.85465,27.06731,44.35202,STK7,SK8 1LA
26-03-2020 13:00,14.5,43.63105,12.66224,24.2159,STK7,SK8 1LA
26-03-2020 14:00,12.6,40.27482,13.30246,19.87799,STK7,SK8 1LA
26-03-2020 15:00,19.3,49.09847,15.152,25.86572,STK7,SK8 1LA
26-03-2020 16:00,15.5,36.53965,8.32293,23.778,STK7,SK8 1LA
26-03-2020 17:00,35.7,36.53965,6.08214,27.21383,STK7,SK8 1LA
26-03-2020 18:00,36.7,31.07224,2.38306,27.41826,STK7,SK8 1LA
26-03-2020 19:00,44.4,44.93024,2.24079,41.49441,STK7,SK8 1LA
26-03-2020 20:00,44.4,61.65728,2.63204,57.62155,STK7,SK8 1LA
26-03-2020 21:00,45.4,81.68643,8.78532,68.2158,STK7,SK8 1LA
26-03-2020 22:00,41.5,55.75681,3.30783,50.68487,STK7,SK8 1LA
26-03-2020 23:00,43.5,43.68519,2.48977,39.8676,STK7,SK8 1LA
27-03-2020 00:00,34.8,39.19216,3.69908,33.52032,STK7,SK8 1LA
27-03-2020 01:00,39.6,44.87881,4.41113,38.11517,STK7,SK8 1LA
27-03-2020 02:00,36.7,36.92081,3.69966,31.24808,STK7,SK8 1LA
27-03-2020 03:00,33.8,31.56134,1.77868,28.83406,STK7,SK8 1LA
27-03-2020 04:00,30,29.17935,1.74311,26.50662,STK7,SK8 1LA
27-03-2020 05:00,38.6,57.38425,15.61683,33.43878,STK7,SK8 1LA
27-03-2020 06:00,43.5,44.77054,7.18588,33.75235,STK7,SK8 1LA
27-03-2020 07:00,46.4,58.52111,9.67603,43.68473,STK7,SK8 1LA
27-03-2020 08:00,49.3,70.2145,13.94487,48.83267,STK7,SK8 1LA
27-03-2020 09:00,30,34.48469,7.79063,22.53922,STK7,SK8 1LA
27-03-2020 10:00,24.2,16.02428,2.66802,11.93337,STK7,SK8 1LA
27-03-2020 11:00,26.1,19.38072,2.88147,14.96253,STK7,SK8 1LA
27-03-2020 12:00,30.9,31.56134,7.07916,20.70679,STK7,SK8 1LA
27-03-2020 13:00,21.3,22.30407,5.2649,14.23133,STK7,SK8 1LA
27-03-2020 14:00,26.1,30.53275,5.76293,21.69638,STK7,SK8 1LA
27-03-2020 15:00,30,20.2469,3.59294,14.7378,STK7,SK8 1LA
27-03-2020 16:00,30.9,15.91601,2.13442,12.64328,STK7,SK8 1LA
27-03-2020 17:00,26.1,17.75664,2.09885,14.53845,STK7,SK8 1LA
27-03-2020 18:00,23.2,14.77915,1.2095,12.9246,STK7,SK8 1LA
27-03-2020 19:00,25.1,23.27852,1.3518,21.20579,STK7,SK8 1LA
27-03-2020 20:00,29,19.32658,0.92492,17.9084,STK7,SK8 1LA
27-03-2020 21:00,27.1,18.94763,0.81819,17.69308,STK7,SK8 1LA
27-03-2020 22:00,26.1,16.61978,0.64033,15.63796,STK7,SK8 1LA
27-03-2020 23:00,26.1,19.00177,0.71147,17.91086,STK7,SK8 1LA
28-03-2020 00:00,32.9,12.55957,0.46246,11.85048,STK7,SK8 1LA
28-03-2020 01:00,36.7,12.82985,1.06738,11.19323,STK7,SK8 1LA
28-03-2020 02:00,28,6.60439,0.1779,6.33163,STK7,SK8 1LA
28-03-2020 03:00,18.4,4.27662,0.24906,3.89474,STK7,SK8 1LA
28-03-2020 04:00,13.5,3.95181,0.35579,3.40627,STK7,SK8 1LA
28-03-2020 05:00,8.7,4.27662,0.78274,3.07643,STK7,SK8 1LA
28-03-2020 06:00,11.6,6.87507,0.96064,5.40211,STK7,SK8 1LA
28-03-2020 07:00,7.7,17.10647,3.91371,11.10552,STK7,SK8 1LA
28-03-2020 08:00,10.6,11.69303,2.27707,8.20157,STK7,SK8 1LA
28-03-2020 09:00,9.7,9.20285,1.45875,6.96613,STK7,SK8 1LA
28-03-2020 10:00,14.5,10.17726,1.74338,7.50412,STK7,SK8 1LA
28-03-2020 11:00,6.8,11.9637,2.41939,8.25403,STK7,SK8 1LA
28-03-2020 12:00,9.7,8.98631,1.7078,6.36772,STK7,SK8 1LA
28-03-2020 13:00,6.8,11.53062,2.52612,7.65729,STK7,SK8 1LA
28-03-2020 14:00,11.6,9.90659,2.20591,6.52424,STK7,SK8 1LA
28-03-2020 15:00,15.5,10.44794,2.24149,7.01103,STK7,SK8 1LA
28-03-2020 16:00,18.4,9.52765,1.85012,6.69084,STK7,SK8 1LA
28-03-2020 17:00,13.5,10.44794,2.41939,6.73826,STK7,SK8 1LA
28-03-2020 18:00,13.5,9.04044,1.31643,7.02194,STK7,SK8 1LA
28-03-2020 19:00,13.5,11.31409,1.92128,8.36817,STK7,SK8 1LA
28-03-2020 20:00,12.6,12.50504,2.52612,8.63171,STK7,SK8 1LA
28-03-2020 21:00,14.5,9.58179,1.95686,6.58132,STK7,SK8 1LA
28-03-2020 22:00,16.4,8.60737,1.74338,5.93422,STK7,SK8 1LA
28-03-2020 23:00,16.4,7.74122,1.45875,5.5045,STK7,SK8 1LA
29-03-2020 00:00,13.5,4.70969,0.42695,4.05504,STK7,SK8 1LA
29-03-2020 01:00,16.4,2.86956,0.24909,2.48762,STK7,SK8 1LA
29-03-2020 02:00,17.4,2.5447,0.32026,2.05364,STK7,SK8 1LA
29-03-2020 03:00,17.4,3.46513,0.24909,3.08319,STK7,SK8 1LA
29-03-2020 04:00,12.6,2.5447,0.32026,2.05364,STK7,SK8 1LA
29-03-2020 05:00,13.5,5.14355,0.99637,3.6158,STK7,SK8 1LA
29-03-2020 06:00,9.7,6.93025,1.60132,4.47494,STK7,SK8 1LA
29-03-2020 07:00,13.5,5.90155,1.45898,3.66448,STK7,SK8 1LA
29-03-2020 08:00,11.6,7.14683,1.70807,4.52782,STK7,SK8 1LA
29-03-2020 09:00,15.5,7.41754,1.95716,4.4166,STK7,SK8 1LA
29-03-2020 10:00,11.6,6.82197,1.60132,4.36665,STK7,SK8 1LA
29-03-2020 11:00,10.6,5.73912,1.60132,3.2838,STK7,SK8 1LA
29-03-2020 12:00,8.7,10.6661,2.52652,6.79215,STK7,SK8 1LA
29-03-2020 13:00,13.5,9.25839,2.27743,5.76638,STK7,SK8 1LA
29-03-2020 14:00,16.4,10.44952,2.52652,6.57558,STK7,SK8 1LA
29-03-2020 15:00,13.5,10.50367,2.74003,6.30235,STK7,SK8 1LA
29-03-2020 16:00,10.6,8.71696,2.20626,5.33408,STK7,SK8 1LA
29-03-2020 17:00,9.7,8.06725,1.77924,5.33912,STK7,SK8 1LA
29-03-2020 18:00,9.7,10.34124,1.95716,7.3403,STK7,SK8 1LA
29-03-2020 19:00,12.6,13.69808,2.5621,9.76958,STK7,SK8 1LA
29-03-2020 20:00,12.6,14.45608,1.92158,11.5097,STK7,SK8 1LA
29-03-2020 21:00,15.5,21.49462,2.5621,17.56611,STK7,SK8 1LA
29-03-2020 22:00,14.5,41.0401,3.66523,35.42016,STK7,SK8 1LA
29-03-2020 23:00,18.4,41.90638,3.38055,36.72294,STK7,SK8 1LA
30-03-2020 00:00,13.5,37.84568,2.84678,33.48068,STK7,SK8 1LA
30-03-2020 01:00,12.6,27.66854,1.63716,25.15827,STK7,SK8 1LA
30-03-2020 02:00,11.6,22.9037,1.31684,20.88458,STK7,SK8 1LA
30-03-2020 03:00,13.5,21.17104,0.71181,20.07962,STK7,SK8 1LA
30-03-2020 04:00,17.4,31.89192,3.84376,25.99824,STK7,SK8 1LA
30-03-2020 05:00,11.6,26.42319,1.74393,23.7492,STK7,SK8 1LA
30-03-2020 06:00,15.5,59.50631,10.64151,43.18956,STK7,SK8 1LA
30-03-2020 07:00,21.3,88.31192,27.72486,45.80105,STK7,SK8 1LA
30-03-2020 08:00,25.1,151.17527,62.14071,55.89418,STK7,SK8 1LA
30-03-2020 09:00,31.9,168.61024,66.83863,66.12577,STK7,SK8 1LA
30-03-2020 10:00,19.3,99.41182,34.09553,47.13273,STK7,SK8 1LA
30-03-2020 11:00,18.4,49.97664,16.51391,24.65566,STK7,SK8 1LA
30-03-2020 12:00,12.6,27.45196,9.36026,13.09976,STK7,SK8 1LA
30-03-2020 13:00,12.6,20.08812,5.8724,11.08389,STK7,SK8 1LA
30-03-2020 14:00,16.4,29.56365,7.54515,17.99458,STK7,SK8 1LA
30-03-2020 15:00,21.3,34.92409,8.25696,22.2636,STK7,SK8 1LA
30-03-2020 16:00,14.5,25.50271,6.6198,15.35249,STK7,SK8 1LA
30-03-2020 17:00,8.7,14.56524,3.3099,9.49013,STK7,SK8 1LA
30-03-2020 18:00,7.7,13.42818,2.954,8.89878,STK7,SK8 1LA
30-03-2020 19:00,5.8,10.88332,2.38455,7.22706,STK7,SK8 1LA
30-03-2020 20:00,6.8,13.64476,2.31337,10.09764,STK7,SK8 1LA
30-03-2020 21:00,6.8,17.7057,3.73698,11.97574,STK7,SK8 1LA
30-03-2020 22:00,12.6,18.13887,2.42014,14.42803,STK7,SK8 1LA
30-03-2020 23:00,11.6,15.21499,1.70834,12.59558,STK7,SK8 1LA
31-03-2020 00:00,14.5,9.63797,0.7474,8.49197,STK7,SK8 1LA
31-03-2020 01:00,12.6,7.31013,0.96109,5.83648,STK7,SK8 1LA
31-03-2020 02:00,8.7,7.95992,1.17467,6.1588,STK7,SK8 1LA
31-03-2020 03:00,4.8,8.28482,1.63741,5.77416,STK7,SK8 1LA
31-03-2020 04:00,5.8,6.76864,0.99669,5.24041,STK7,SK8 1LA
31-03-2020 05:00,5.8,7.25599,0.81871,6.00065,STK7,SK8 1LA
31-03-2020 06:00,13.5,128.60419,45.74072,58.46941,STK7,SK8 1LA
31-03-2020 07:00,15.5,64.70822,13.41965,44.13171,STK7,SK8 1LA
31-03-2020 08:00,11.6,93.678,28.86827,49.41395,STK7,SK8 1LA
31-03-2020 09:00,10.6,19.76444,3.02565,15.12517,STK7,SK8 1LA
31-03-2020 10:00,8.7,17.97751,3.52399,12.57413,STK7,SK8 1LA
31-03-2020 11:00,12.6,23.17583,5.09021,15.37095,STK7,SK8 1LA
31-03-2020 12:00,7.7,18.35656,4.16472,11.97074,STK7,SK8 1LA
31-03-2020 13:00,10.6,9.80099,1.95777,6.79912,STK7,SK8 1LA
31-03-2020 14:00,6.8,14.89101,3.23923,9.92427,STK7,SK8 1LA
31-03-2020 15:00,8.7,18.30241,3.52399,12.89903,STK7,SK8 1LA
31-03-2020 16:00,6.8,26.09988,8.36503,13.27368,STK7,SK8 1LA
31-03-2020 17:00,12.6,80.57391,24.66795,42.75025,STK7,SK8 1LA
31-03-2020 18:00,23.2,96.92695,32.10749,47.69615,STK7,SK8 1LA
31-03-2020 19:00,19.3,73.85942,19.47095,44.00438,STK7,SK8 1LA
31-03-2020 20:00,18.4,75.75464,16.08934,51.08466,STK7,SK8 1LA
31-03-2020 21:00,15.5,55.12382,11.31949,37.76751,STK7,SK8 1LA
31-03-2020 22:00,14.5,54.41988,9.46851,39.90171,STK7,SK8 1LA
31-03-2020 23:00,10.6,36.33407,7.19037,25.30899,STK7,SK8 1LA
