timestamp,PM₁₀ level  (µg/m³),NO₂ level  (µg/m³),NO level  (µg/m³),NOx level  (µg/m³),StationName,PostCodes
01-02-2020 00:00,5.8,7.09614,2.39085,10.76205,TRAF,M32 9HR
01-02-2020 01:00,9.7,5.74618,1.90429,8.66604,TRAF,M32 9HR
01-02-2020 02:00,15.5,4.15655,1.59429,6.60109,TRAF,M32 9HR
01-02-2020 03:00,24.2,3.75228,1.1625,5.53476,TRAF,M32 9HR
01-02-2020 04:00,23.2,4.31234,0.83036,5.58554,TRAF,M32 9HR
01-02-2020 05:00,23.2,4.61746,0.73072,5.73787,TRAF,M32 9HR
01-02-2020 06:00,19.3,5.12538,0.6975,6.19487,TRAF,M32 9HR
01-02-2020 07:00,13.5,6.69919,0.76393,7.87053,TRAF,M32 9HR
01-02-2020 08:00,17.4,7.76522,0.83036,9.03841,TRAF,M32 9HR
01-02-2020 09:00,15.5,17.51332,1.09607,19.19394,TRAF,M32 9HR
01-02-2020 10:00,12.6,11.4182,1.49465,13.70996,TRAF,M32 9HR
01-02-2020 11:00,11.6,11.52156,1.09607,13.20218,TRAF,M32 9HR
01-02-2020 12:00,11.6,11.82622,1.09607,13.50684,TRAF,M32 9HR
01-02-2020 13:00,12.6,8.32137,1.36179,10.40941,TRAF,M32 9HR
01-02-2020 14:00,10.6,5.48143,0.56464,6.3472,TRAF,M32 9HR
01-02-2020 15:00,15.5,6.90275,0.66429,7.92131,TRAF,M32 9HR
01-02-2020 16:00,5.8,7.20696,0.76393,8.37831,TRAF,M32 9HR
01-02-2020 17:00,8.7,13.30088,0.63107,14.26851,TRAF,M32 9HR
01-02-2020 18:00,7.7,13.60539,0.66429,14.62395,TRAF,M32 9HR
01-02-2020 19:00,8.7,12.23425,0.6975,13.30373,TRAF,M32 9HR
01-02-2020 20:00,9.7,12.74217,0.66429,13.76073,TRAF,M32 9HR
01-02-2020 21:00,14.5,16.19385,0.93,17.61983,TRAF,M32 9HR
01-02-2020 22:00,14.5,18.52376,2.22536,21.93593,TRAF,M32 9HR
01-02-2020 23:00,11.6,18.72551,2.52429,22.59604,TRAF,M32 9HR
02-02-2020 00:00,11.6,21.05557,3.78643,26.86136,TRAF,M32 9HR
02-02-2020 01:00,17.4,23.00584,4.29677,29.59413,TRAF,M32 9HR
02-02-2020 02:00,7.7,14.61221,3.45514,19.91001,TRAF,M32 9HR
02-02-2020 03:00,6.8,10.4508,2.69102,14.57697,TRAF,M32 9HR
02-02-2020 04:00,8.7,7.51002,1.56146,9.90421,TRAF,M32 9HR
02-02-2020 05:00,5.8,8.57258,2.45846,12.34218,TRAF,M32 9HR
02-02-2020 06:00,2.9,7.86091,2.59135,11.83427,TRAF,M32 9HR
02-02-2020 07:00,1.9,8.47504,1.56146,10.86924,TRAF,M32 9HR
02-02-2020 08:00,1.9,11.97856,1.79401,14.72934,TRAF,M32 9HR
02-02-2020 09:00,1.9,13.29733,2.19268,16.6594,TRAF,M32 9HR
02-02-2020 10:00,3.9,18.83144,2.6578,22.90667,TRAF,M32 9HR
02-02-2020 11:00,5.8,22.1291,3.48836,27.47785,TRAF,M32 9HR
02-02-2020 12:00,5.8,15.52629,3.48836,20.87504,TRAF,M32 9HR
02-02-2020 13:00,3.9,15.3176,4.71759,22.55114,TRAF,M32 9HR
02-02-2020 14:00,5.8,14.25742,3.28903,19.30052,TRAF,M32 9HR
02-02-2020 15:00,12.6,10.55702,1.66112,13.10404,TRAF,M32 9HR
02-02-2020 16:00,22.2,9.03269,1.79401,11.78348,TRAF,M32 9HR
02-02-2020 17:00,18.4,12.08104,1.59468,14.52618,TRAF,M32 9HR
02-02-2020 18:00,14.5,9.74287,1.99335,12.79929,TRAF,M32 9HR
02-02-2020 19:00,19.3,9.99787,1.76079,12.69771,TRAF,M32 9HR
02-02-2020 20:00,21.3,9.13487,1.66112,11.68189,TRAF,M32 9HR
02-02-2020 21:00,16.4,7.25711,1.3289,9.29473,TRAF,M32 9HR
02-02-2020 22:00,16.4,7.51091,1.36212,9.59947,TRAF,M32 9HR
02-02-2020 23:00,14.5,6.74845,1.49501,9.04077,TRAF,M32 9HR
03-02-2020 00:00,15.5,5.123,1.52823,7.46626,TRAF,M32 9HR
03-02-2020 01:00,16.4,5.81998,1.24061,7.72222,TRAF,M32 9HR
03-02-2020 02:00,10.6,8.8855,1.16307,10.66886,TRAF,M32 9HR
03-02-2020 03:00,8.7,1.87782,0.432,2.5402,TRAF,M32 9HR
03-02-2020 04:00,8.7,2.89345,0.53169,3.7087,TRAF,M32 9HR
03-02-2020 05:00,15.5,5.02797,0.36554,5.58845,TRAF,M32 9HR
03-02-2020 06:00,10.6,5.33324,0.26585,5.74086,TRAF,M32 9HR
03-02-2020 07:00,9.7,9.39652,0.49846,10.16082,TRAF,M32 9HR
03-02-2020 08:00,11.6,14.78176,0.49846,15.54605,TRAF,M32 9HR
03-02-2020 09:00,16.4,19.40284,0.96369,20.88048,TRAF,M32 9HR
03-02-2020 10:00,19.3,20.11216,1.39569,22.25219,TRAF,M32 9HR
03-02-2020 11:00,19.3,12.84763,1.296,14.83479,TRAF,M32 9HR
03-02-2020 12:00,19.3,8.98667,1.26276,10.92288,TRAF,M32 9HR
03-02-2020 13:00,15.5,8.27556,1.22953,10.16082,TRAF,M32 9HR
03-02-2020 14:00,16.4,9.4956,1.06338,11.12609,TRAF,M32 9HR
03-02-2020 15:00,11.6,12.18747,1.22953,14.07273,TRAF,M32 9HR
03-02-2020 16:00,12.6,12.44224,1.06338,14.07273,TRAF,M32 9HR
03-02-2020 17:00,16.4,16.81139,1.06338,18.44188,TRAF,M32 9HR
03-02-2020 18:00,11.6,21.68932,0.89723,23.06505,TRAF,M32 9HR
03-02-2020 19:00,6.8,15.38977,0.864,16.71454,TRAF,M32 9HR
03-02-2020 20:00,11.6,18.33715,0.69784,19.40716,TRAF,M32 9HR
03-02-2020 21:00,9.7,17.88006,0.66461,18.89912,TRAF,M32 9HR
03-02-2020 22:00,11.6,6.45063,0.33231,6.96016,TRAF,M32 9HR
03-02-2020 23:00,9.7,6.50144,0.33231,7.01096,TRAF,M32 9HR
04-02-2020 00:00,11.6,5.28169,0.432,5.94408,TRAF,M32 9HR
04-02-2020 01:00,26.1,7.45183,0.31023,7.9275,TRAF,M32 9HR
04-02-2020 02:00,10.6,2.58991,0.39887,3.20149,TRAF,M32 9HR
04-02-2020 03:00,null,1.82868,0.16619,2.08351,TRAF,M32 9HR
04-02-2020 04:00,null,1.37162,0.09972,1.52452,TRAF,M32 9HR
04-02-2020 05:00,null,1.5746,0.16619,1.82942,TRAF,M32 9HR
04-02-2020 06:00,null,2.43849,0.16619,2.69332,TRAF,M32 9HR
04-02-2020 07:00,null,4.26747,0.26591,4.67519,TRAF,M32 9HR
04-02-2020 08:00,null,7.62141,0.26591,8.02914,TRAF,M32 9HR
04-02-2020 09:00,null,9.14549,0.36563,9.70611,TRAF,M32 9HR
04-02-2020 10:00,null,10.61845,0.53182,11.4339,TRAF,M32 9HR
04-02-2020 11:00,null,10.56748,0.56506,11.4339,TRAF,M32 9HR
04-02-2020 12:00,null,11.58279,0.79773,12.80596,TRAF,M32 9HR
04-02-2020 13:00,null,11.63109,1.36279,13.72068,TRAF,M32 9HR
04-02-2020 14:00,null,11.0721,1.36279,13.16169,TRAF,M32 9HR
04-02-2020 15:00,null,11.62858,1.92785,14.58457,TRAF,M32 9HR
04-02-2020 16:00,null,16.35414,2.02757,19.46303,TRAF,M32 9HR
04-02-2020 17:00,null,19.76112,1.52898,22.10553,TRAF,M32 9HR
04-02-2020 18:00,null,30.38254,1.39603,32.52308,TRAF,M32 9HR
04-02-2020 19:00,null,29.21389,1.36279,31.30347,TRAF,M32 9HR
04-02-2020 20:00,null,30.33127,1.49575,32.62472,TRAF,M32 9HR
04-02-2020 21:00,null,31.80364,1.7949,34.55578,TRAF,M32 9HR
04-02-2020 22:00,null,28.34703,2.02757,31.45592,TRAF,M32 9HR
04-02-2020 23:00,null,25.03961,2.99149,29.6265,TRAF,M32 9HR
05-02-2020 00:00,null,31.43444,4.81963,38.82443,TRAF,M32 9HR
05-02-2020 01:00,null,27.15873,4.21128,33.61594,TRAF,M32 9HR
05-02-2020 02:00,null,21.12547,4.52159,28.05847,TRAF,M32 9HR
05-02-2020 03:00,null,21.98914,4.62133,29.07508,TRAF,M32 9HR
05-02-2020 04:00,null,20.87102,4.58808,27.90597,TRAF,M32 9HR
05-02-2020 05:00,null,19.65285,4.18911,26.07607,TRAF,M32 9HR
05-02-2020 06:00,null,22.29707,3.95639,28.36345,TRAF,M32 9HR
05-02-2020 07:00,null,37.76443,12.06864,56.26942,TRAF,M32 9HR
05-02-2020 08:00,null,51.96024,54.75772,135.9209,TRAF,M32 9HR
05-02-2020 09:00,null,48.69279,57.98267,137.59831,TRAF,M32 9HR
05-02-2020 10:00,null,null,null,null,TRAF,M32 9HR
05-02-2020 11:00,20.3,null,null,null,TRAF,M32 9HR
05-02-2020 12:00,34.8,null,null,null,TRAF,M32 9HR
05-02-2020 13:00,38.6,null,null,null,TRAF,M32 9HR
05-02-2020 14:00,29,null,null,null,TRAF,M32 9HR
05-02-2020 15:00,29,null,null,null,TRAF,M32 9HR
05-02-2020 16:00,27.1,null,null,null,TRAF,M32 9HR
05-02-2020 17:00,30,null,null,null,TRAF,M32 9HR
05-02-2020 18:00,27.1,null,null,null,TRAF,M32 9HR
05-02-2020 19:00,35.7,null,null,null,TRAF,M32 9HR
05-02-2020 20:00,40.6,null,null,null,TRAF,M32 9HR
05-02-2020 21:00,40.6,null,null,null,TRAF,M32 9HR
05-02-2020 22:00,49.3,null,null,null,TRAF,M32 9HR
05-02-2020 23:00,37.7,null,null,null,TRAF,M32 9HR
06-02-2020 00:00,41.5,null,null,null,TRAF,M32 9HR
06-02-2020 01:00,37.7,null,null,null,TRAF,M32 9HR
06-02-2020 02:00,32.9,null,null,null,TRAF,M32 9HR
06-02-2020 03:00,27.1,null,null,null,TRAF,M32 9HR
06-02-2020 04:00,23.2,null,null,null,TRAF,M32 9HR
06-02-2020 05:00,24.2,null,null,null,TRAF,M32 9HR
06-02-2020 06:00,21.3,null,null,null,TRAF,M32 9HR
06-02-2020 07:00,21.3,null,null,null,TRAF,M32 9HR
06-02-2020 08:00,27.1,null,null,null,TRAF,M32 9HR
06-02-2020 09:00,30.9,null,null,null,TRAF,M32 9HR
06-02-2020 10:00,30.9,null,null,null,TRAF,M32 9HR
06-02-2020 11:00,30.9,null,null,null,TRAF,M32 9HR
06-02-2020 12:00,31.9,null,null,null,TRAF,M32 9HR
06-02-2020 13:00,36.7,null,null,null,TRAF,M32 9HR
06-02-2020 14:00,27.1,null,null,null,TRAF,M32 9HR
06-02-2020 15:00,25.1,null,null,null,TRAF,M32 9HR
06-02-2020 16:00,29,null,null,null,TRAF,M32 9HR
06-02-2020 17:00,19.3,null,null,null,TRAF,M32 9HR
06-02-2020 18:00,26.1,null,null,null,TRAF,M32 9HR
06-02-2020 19:00,41.5,null,null,null,TRAF,M32 9HR
06-02-2020 20:00,50.2,null,null,null,TRAF,M32 9HR
06-02-2020 21:00,48.3,null,null,null,TRAF,M32 9HR
06-02-2020 22:00,25.1,null,null,null,TRAF,M32 9HR
06-02-2020 23:00,32.9,null,null,null,TRAF,M32 9HR
07-02-2020 00:00,33.8,null,null,null,TRAF,M32 9HR
07-02-2020 01:00,29,null,null,null,TRAF,M32 9HR
07-02-2020 02:00,32.9,null,null,null,TRAF,M32 9HR
07-02-2020 03:00,26.1,null,null,null,TRAF,M32 9HR
07-02-2020 04:00,31.9,null,null,null,TRAF,M32 9HR
07-02-2020 05:00,33.8,null,null,null,TRAF,M32 9HR
07-02-2020 06:00,33.8,null,null,null,TRAF,M32 9HR
07-02-2020 07:00,28,null,null,null,TRAF,M32 9HR
07-02-2020 08:00,24.2,null,null,null,TRAF,M32 9HR
07-02-2020 09:00,30,null,null,null,TRAF,M32 9HR
07-02-2020 10:00,35.7,null,null,null,TRAF,M32 9HR
07-02-2020 11:00,30.9,null,null,null,TRAF,M32 9HR
07-02-2020 12:00,26.1,null,null,null,TRAF,M32 9HR
07-02-2020 13:00,28,null,null,null,TRAF,M32 9HR
07-02-2020 14:00,17.4,null,null,null,TRAF,M32 9HR
07-02-2020 15:00,26.1,null,null,null,TRAF,M32 9HR
07-02-2020 16:00,28,null,null,null,TRAF,M32 9HR
07-02-2020 17:00,23.2,null,null,null,TRAF,M32 9HR
07-02-2020 18:00,27.1,null,null,null,TRAF,M32 9HR
07-02-2020 19:00,20.3,null,null,null,TRAF,M32 9HR
07-02-2020 20:00,20.3,null,null,null,TRAF,M32 9HR
07-02-2020 21:00,18.4,null,null,null,TRAF,M32 9HR
07-02-2020 22:00,21.3,null,null,null,TRAF,M32 9HR
07-02-2020 23:00,23.2,null,null,null,TRAF,M32 9HR
08-02-2020 00:00,24.2,null,null,null,TRAF,M32 9HR
08-02-2020 01:00,21.3,null,null,null,TRAF,M32 9HR
08-02-2020 02:00,11.6,null,null,null,TRAF,M32 9HR
08-02-2020 03:00,10.6,null,null,null,TRAF,M32 9HR
08-02-2020 04:00,16.4,null,null,null,TRAF,M32 9HR
08-02-2020 05:00,11.6,null,null,null,TRAF,M32 9HR
08-02-2020 06:00,8.7,null,null,null,TRAF,M32 9HR
08-02-2020 07:00,7.7,null,null,null,TRAF,M32 9HR
08-02-2020 08:00,9.7,null,null,null,TRAF,M32 9HR
08-02-2020 09:00,8.7,null,null,null,TRAF,M32 9HR
08-02-2020 10:00,7.7,null,null,null,TRAF,M32 9HR
08-02-2020 11:00,12.6,null,null,null,TRAF,M32 9HR
08-02-2020 12:00,11.6,null,null,null,TRAF,M32 9HR
08-02-2020 13:00,12.6,null,null,null,TRAF,M32 9HR
08-02-2020 14:00,11.6,null,null,null,TRAF,M32 9HR
08-02-2020 15:00,13.5,null,null,null,TRAF,M32 9HR
08-02-2020 16:00,16.4,null,null,null,TRAF,M32 9HR
08-02-2020 17:00,8.7,null,null,null,TRAF,M32 9HR
08-02-2020 18:00,8.7,null,null,null,TRAF,M32 9HR
08-02-2020 19:00,10.6,null,null,null,TRAF,M32 9HR
08-02-2020 20:00,12.6,null,null,null,TRAF,M32 9HR
08-02-2020 21:00,9.7,null,null,null,TRAF,M32 9HR
08-02-2020 22:00,6.8,null,null,null,TRAF,M32 9HR
08-02-2020 23:00,7.7,null,null,null,TRAF,M32 9HR
09-02-2020 00:00,6.8,null,null,null,TRAF,M32 9HR
09-02-2020 01:00,3.9,null,null,null,TRAF,M32 9HR
09-02-2020 02:00,1,null,null,null,TRAF,M32 9HR
09-02-2020 03:00,2.9,null,null,null,TRAF,M32 9HR
09-02-2020 04:00,2.9,null,null,null,TRAF,M32 9HR
09-02-2020 05:00,1,null,null,null,TRAF,M32 9HR
09-02-2020 06:00,0,null,null,null,TRAF,M32 9HR
09-02-2020 07:00,-1.9,null,null,null,TRAF,M32 9HR
09-02-2020 08:00,0,null,null,null,TRAF,M32 9HR
09-02-2020 09:00,1,null,null,null,TRAF,M32 9HR
09-02-2020 10:00,-1,null,null,null,TRAF,M32 9HR
09-02-2020 11:00,0,null,null,null,TRAF,M32 9HR
09-02-2020 12:00,3.9,null,null,null,TRAF,M32 9HR
09-02-2020 13:00,2.9,null,null,null,TRAF,M32 9HR
09-02-2020 14:00,10.6,null,null,null,TRAF,M32 9HR
09-02-2020 15:00,15.5,null,null,null,TRAF,M32 9HR
09-02-2020 16:00,15.5,null,null,null,TRAF,M32 9HR
09-02-2020 17:00,15.5,null,null,null,TRAF,M32 9HR
09-02-2020 18:00,7.7,null,null,null,TRAF,M32 9HR
09-02-2020 19:00,9.7,null,null,null,TRAF,M32 9HR
09-02-2020 20:00,8.7,null,null,null,TRAF,M32 9HR
09-02-2020 21:00,6.8,null,null,null,TRAF,M32 9HR
09-02-2020 22:00,5.8,null,null,null,TRAF,M32 9HR
09-02-2020 23:00,7.7,null,null,null,TRAF,M32 9HR
10-02-2020 00:00,12.6,null,null,null,TRAF,M32 9HR
10-02-2020 01:00,12.6,null,null,null,TRAF,M32 9HR
10-02-2020 02:00,15.5,null,null,null,TRAF,M32 9HR
10-02-2020 03:00,12.6,null,null,null,TRAF,M32 9HR
10-02-2020 04:00,16.4,null,null,null,TRAF,M32 9HR
10-02-2020 05:00,13.5,null,null,null,TRAF,M32 9HR
10-02-2020 06:00,13.5,null,null,null,TRAF,M32 9HR
10-02-2020 07:00,9.7,null,null,null,TRAF,M32 9HR
10-02-2020 08:00,14.5,null,null,null,TRAF,M32 9HR
10-02-2020 09:00,8.7,null,null,null,TRAF,M32 9HR
10-02-2020 10:00,11.6,null,null,null,TRAF,M32 9HR
10-02-2020 11:00,26.1,null,null,null,TRAF,M32 9HR
10-02-2020 12:00,19.3,null,null,null,TRAF,M32 9HR
10-02-2020 13:00,8.7,null,null,null,TRAF,M32 9HR
10-02-2020 14:00,8.7,null,null,null,TRAF,M32 9HR
10-02-2020 15:00,6.8,null,null,null,TRAF,M32 9HR
10-02-2020 16:00,6.8,null,null,null,TRAF,M32 9HR
10-02-2020 17:00,7.7,null,null,null,TRAF,M32 9HR
10-02-2020 18:00,5.8,null,null,null,TRAF,M32 9HR
10-02-2020 19:00,6.8,null,null,null,TRAF,M32 9HR
10-02-2020 20:00,12.6,null,null,null,TRAF,M32 9HR
10-02-2020 21:00,15.5,null,null,null,TRAF,M32 9HR
10-02-2020 22:00,20.3,null,null,null,TRAF,M32 9HR
10-02-2020 23:00,17.4,null,null,null,TRAF,M32 9HR
11-02-2020 00:00,9.7,null,null,null,TRAF,M32 9HR
11-02-2020 01:00,16.4,null,null,null,TRAF,M32 9HR
11-02-2020 02:00,12.6,null,null,null,TRAF,M32 9HR
11-02-2020 03:00,20.3,null,null,null,TRAF,M32 9HR
11-02-2020 04:00,20.3,null,null,null,TRAF,M32 9HR
11-02-2020 05:00,20.3,null,null,null,TRAF,M32 9HR
11-02-2020 06:00,21.3,null,null,null,TRAF,M32 9HR
11-02-2020 07:00,15.5,null,null,null,TRAF,M32 9HR
11-02-2020 08:00,16.4,null,null,null,TRAF,M32 9HR
11-02-2020 09:00,15.5,null,null,null,TRAF,M32 9HR
11-02-2020 10:00,14.5,null,null,null,TRAF,M32 9HR
11-02-2020 11:00,13.5,null,null,null,TRAF,M32 9HR
11-02-2020 12:00,10.6,null,null,null,TRAF,M32 9HR
11-02-2020 13:00,15.5,null,null,null,TRAF,M32 9HR
11-02-2020 14:00,15.5,null,null,null,TRAF,M32 9HR
11-02-2020 15:00,14.5,null,null,null,TRAF,M32 9HR
11-02-2020 16:00,11.6,null,null,null,TRAF,M32 9HR
11-02-2020 17:00,11.6,null,null,null,TRAF,M32 9HR
11-02-2020 18:00,13.5,null,null,null,TRAF,M32 9HR
11-02-2020 19:00,11.6,null,null,null,TRAF,M32 9HR
11-02-2020 20:00,8.7,null,null,null,TRAF,M32 9HR
11-02-2020 21:00,11.6,null,null,null,TRAF,M32 9HR
11-02-2020 22:00,11.6,null,null,null,TRAF,M32 9HR
11-02-2020 23:00,11.6,null,null,null,TRAF,M32 9HR
12-02-2020 00:00,16.4,null,null,null,TRAF,M32 9HR
12-02-2020 01:00,11.6,null,null,null,TRAF,M32 9HR
12-02-2020 02:00,13.5,null,null,null,TRAF,M32 9HR
12-02-2020 03:00,9.7,null,null,null,TRAF,M32 9HR
12-02-2020 04:00,11.6,null,null,null,TRAF,M32 9HR
12-02-2020 05:00,10.6,null,null,null,TRAF,M32 9HR
12-02-2020 06:00,7.7,null,null,null,TRAF,M32 9HR
12-02-2020 07:00,9.7,null,null,null,TRAF,M32 9HR
12-02-2020 08:00,6.8,null,null,null,TRAF,M32 9HR
12-02-2020 09:00,6.8,null,null,null,TRAF,M32 9HR
12-02-2020 10:00,7.7,null,null,null,TRAF,M32 9HR
12-02-2020 11:00,9.7,null,null,null,TRAF,M32 9HR
12-02-2020 12:00,10.6,null,null,null,TRAF,M32 9HR
12-02-2020 13:00,8.7,null,null,null,TRAF,M32 9HR
12-02-2020 14:00,12.6,null,null,null,TRAF,M32 9HR
12-02-2020 15:00,10.6,null,null,null,TRAF,M32 9HR
12-02-2020 16:00,16.4,null,null,null,TRAF,M32 9HR
12-02-2020 17:00,10.6,null,null,null,TRAF,M32 9HR
12-02-2020 18:00,10.6,null,null,null,TRAF,M32 9HR
12-02-2020 19:00,17.4,null,null,null,TRAF,M32 9HR
12-02-2020 20:00,15.5,null,null,null,TRAF,M32 9HR
12-02-2020 21:00,13.5,null,null,null,TRAF,M32 9HR
12-02-2020 22:00,17.4,null,null,null,TRAF,M32 9HR
12-02-2020 23:00,12.6,null,null,null,TRAF,M32 9HR
13-02-2020 00:00,10.6,null,null,null,TRAF,M32 9HR
13-02-2020 01:00,10.6,null,null,null,TRAF,M32 9HR
13-02-2020 02:00,5.8,null,null,null,TRAF,M32 9HR
13-02-2020 03:00,1,null,null,null,TRAF,M32 9HR
13-02-2020 04:00,-1,null,null,null,TRAF,M32 9HR
13-02-2020 05:00,1,null,null,null,TRAF,M32 9HR
13-02-2020 06:00,1,null,null,null,TRAF,M32 9HR
13-02-2020 07:00,1.9,null,null,null,TRAF,M32 9HR
13-02-2020 08:00,2.9,null,null,null,TRAF,M32 9HR
13-02-2020 09:00,3.9,null,null,null,TRAF,M32 9HR
13-02-2020 10:00,7.7,null,null,null,TRAF,M32 9HR
13-02-2020 11:00,7.7,null,null,null,TRAF,M32 9HR
13-02-2020 12:00,6.8,null,null,null,TRAF,M32 9HR
13-02-2020 13:00,4.8,null,null,null,TRAF,M32 9HR
13-02-2020 14:00,14.5,null,null,null,TRAF,M32 9HR
13-02-2020 15:00,22.2,null,null,null,TRAF,M32 9HR
13-02-2020 16:00,5.8,null,null,null,TRAF,M32 9HR
13-02-2020 17:00,9.7,null,null,null,TRAF,M32 9HR
13-02-2020 18:00,12.6,null,null,null,TRAF,M32 9HR
13-02-2020 19:00,15.5,null,null,null,TRAF,M32 9HR
13-02-2020 20:00,8.7,null,null,null,TRAF,M32 9HR
13-02-2020 21:00,21.3,null,null,null,TRAF,M32 9HR
13-02-2020 22:00,27.1,null,null,null,TRAF,M32 9HR
13-02-2020 23:00,24.2,null,null,null,TRAF,M32 9HR
14-02-2020 00:00,23.2,null,null,null,TRAF,M32 9HR
14-02-2020 01:00,24.2,null,null,null,TRAF,M32 9HR
14-02-2020 02:00,19.3,null,null,null,TRAF,M32 9HR
14-02-2020 03:00,22.2,null,null,null,TRAF,M32 9HR
14-02-2020 04:00,17.4,null,null,null,TRAF,M32 9HR
14-02-2020 05:00,17.4,null,null,null,TRAF,M32 9HR
14-02-2020 06:00,16.4,null,null,null,TRAF,M32 9HR
14-02-2020 07:00,6.8,null,null,null,TRAF,M32 9HR
14-02-2020 08:00,12.6,null,null,null,TRAF,M32 9HR
14-02-2020 09:00,9.7,null,null,null,TRAF,M32 9HR
14-02-2020 10:00,8.7,null,null,null,TRAF,M32 9HR
14-02-2020 11:00,8.7,22.96437,3.29871,28.02233,TRAF,M32 9HR
14-02-2020 12:00,14.5,19.39845,3.16543,24.25205,TRAF,M32 9HR
14-02-2020 13:00,13.5,14.81509,2.66563,18.90233,TRAF,M32 9HR
14-02-2020 14:00,9.7,13.84972,2.03254,16.96624,TRAF,M32 9HR
14-02-2020 15:00,8.7,16.14105,2.36574,19.76848,TRAF,M32 9HR
14-02-2020 16:00,6.8,23.72749,3.56528,29.19417,TRAF,M32 9HR
14-02-2020 17:00,8.7,24.89412,4.79813,32.25115,TRAF,M32 9HR
14-02-2020 18:00,8.7,27.13365,5.33126,35.30813,TRAF,M32 9HR
14-02-2020 19:00,14.5,22.90694,4.83145,30.31506,TRAF,M32 9HR
14-02-2020 20:00,15.5,16.13542,3.69856,21.80646,TRAF,M32 9HR
14-02-2020 21:00,19.3,18.58115,3.66524,24.2011,TRAF,M32 9HR
14-02-2020 22:00,17.4,15.31882,4.03176,21.50077,TRAF,M32 9HR
14-02-2020 23:00,19.3,17.353,4.93141,24.91439,TRAF,M32 9HR
15-02-2020 00:00,19.3,15.51628,5.53118,23.9973,TRAF,M32 9HR
15-02-2020 01:00,14.5,23.81105,9.42086,38.25616,TRAF,M32 9HR
15-02-2020 02:00,18.4,10.10204,5.377,18.34665,TRAF,M32 9HR
15-02-2020 03:00,17.4,8.79796,4.43269,15.59465,TRAF,M32 9HR
15-02-2020 04:00,16.4,9.71151,5.33256,17.88798,TRAF,M32 9HR
15-02-2020 05:00,12.6,9.617,3.56615,15.08502,TRAF,M32 9HR
15-02-2020 06:00,12.6,12.77208,4.66599,19.9265,TRAF,M32 9HR
15-02-2020 07:00,9.7,12.01198,3.63281,17.58221,TRAF,M32 9HR
15-02-2020 08:00,5.8,10.63935,2.83292,14.9831,TRAF,M32 9HR
15-02-2020 09:00,2.9,13.39232,2.59962,17.37835,TRAF,M32 9HR
15-02-2020 10:00,1,14.3595,2.86625,18.75435,TRAF,M32 9HR
15-02-2020 11:00,0,9.21252,2.79959,13.50517,TRAF,M32 9HR
15-02-2020 12:00,1,8.90689,2.76627,13.14843,TRAF,M32 9HR
15-02-2020 13:00,1.9,8.85536,2.89958,13.30132,TRAF,M32 9HR
15-02-2020 14:00,0,7.73544,2.59962,11.72147,TRAF,M32 9HR
15-02-2020 15:00,0,6.56525,2.13302,9.83584,TRAF,M32 9HR
15-02-2020 16:00,0,6.05702,1.79974,8.81659,TRAF,M32 9HR
15-02-2020 17:00,-1,8.29911,1.8664,11.16088,TRAF,M32 9HR
15-02-2020 18:00,-1,7.687,1.99971,10.75318,TRAF,M32 9HR
15-02-2020 19:00,1,6.16063,1.3998,8.30696,TRAF,M32 9HR
15-02-2020 20:00,1.9,6.16231,0.99985,7.6954,TRAF,M32 9HR
15-02-2020 21:00,1.9,5.65058,1.49978,7.95022,TRAF,M32 9HR
15-02-2020 22:00,4.8,4.88334,2.16635,8.20503,TRAF,M32 9HR
15-02-2020 23:00,2.9,5.74704,2.79959,10.0397,TRAF,M32 9HR
16-02-2020 00:00,1.9,5.6447,2.89958,10.09066,TRAF,M32 9HR
16-02-2020 01:00,1,4.54402,2.35579,8.15619,TRAF,M32 9HR
16-02-2020 02:00,1.9,3.40607,2.23356,6.8308,TRAF,M32 9HR
16-02-2020 03:00,1.9,3.05021,2.0002,6.11714,TRAF,M32 9HR
16-02-2020 04:00,1,2.74616,1.56682,5.14859,TRAF,M32 9HR
16-02-2020 05:00,2.9,3.15383,1.60016,5.60738,TRAF,M32 9HR
16-02-2020 06:00,1.9,2.18863,0.80008,3.4154,TRAF,M32 9HR
16-02-2020 07:00,2.9,4.12447,1.10011,5.81128,TRAF,M32 9HR
16-02-2020 08:00,8.7,4.88995,0.90009,6.27007,TRAF,M32 9HR
16-02-2020 09:00,12.6,7.89698,1.03344,9.48157,TRAF,M32 9HR
16-02-2020 10:00,16.4,7.38499,1.56682,9.78742,TRAF,M32 9HR
16-02-2020 11:00,10.6,4.99037,1.26679,6.93276,TRAF,M32 9HR
16-02-2020 12:00,10.6,5.7039,1.30013,7.6974,TRAF,M32 9HR
16-02-2020 13:00,12.6,6.01115,0.96676,7.49349,TRAF,M32 9HR
16-02-2020 14:00,13.5,5.65348,1.16678,7.44252,TRAF,M32 9HR
16-02-2020 15:00,7.7,5.55194,1.06677,7.18764,TRAF,M32 9HR
16-02-2020 16:00,9.7,5.24511,1.30013,7.23861,TRAF,M32 9HR
16-02-2020 17:00,16.4,5.70459,1.13345,7.44252,TRAF,M32 9HR
16-02-2020 18:00,9.7,5.55264,0.90009,6.93276,TRAF,M32 9HR
16-02-2020 19:00,5.8,4.84023,0.60006,5.76031,TRAF,M32 9HR
16-02-2020 20:00,7.7,4.63674,0.50005,5.40347,TRAF,M32 9HR
16-02-2020 21:00,14.5,5.40097,0.60006,6.32104,TRAF,M32 9HR
16-02-2020 22:00,12.6,4.38102,0.70007,5.45445,TRAF,M32 9HR
16-02-2020 23:00,16.4,3.61666,0.6334,4.58785,TRAF,M32 9HR
17-02-2020 00:00,19.3,2.9555,0.26669,3.36443,TRAF,M32 9HR
17-02-2020 01:00,16.4,3.19423,0.26676,3.60325,TRAF,M32 9HR
17-02-2020 02:00,11.6,1.8855,0.26676,2.29452,TRAF,M32 9HR
17-02-2020 03:00,13.5,1.68085,0.43348,2.34551,TRAF,M32 9HR
17-02-2020 04:00,9.7,1.88495,0.40014,2.49848,TRAF,M32 9HR
17-02-2020 05:00,13.5,2.19102,0.36679,2.75343,TRAF,M32 9HR
17-02-2020 06:00,15.5,3.41463,0.40014,4.02816,TRAF,M32 9HR
17-02-2020 07:00,10.6,6.42203,0.63355,7.39346,TRAF,M32 9HR
17-02-2020 08:00,6.8,8.30808,0.76693,9.48403,TRAF,M32 9HR
17-02-2020 09:00,4.8,14.1677,1.76727,16.87749,TRAF,M32 9HR
17-02-2020 10:00,6.8,13.8583,2.6009,17.84629,TRAF,M32 9HR
17-02-2020 11:00,6.8,13.2474,2.36748,16.87749,TRAF,M32 9HR
17-02-2020 12:00,8.7,14.31943,2.06738,17.48936,TRAF,M32 9HR
17-02-2020 13:00,20.3,8.81562,1.33379,10.86074,TRAF,M32 9HR
17-02-2020 14:00,16.4,6.67324,1.53386,9.02512,TRAF,M32 9HR
17-02-2020 15:00,14.5,7.18327,1.50052,9.48403,TRAF,M32 9HR
17-02-2020 16:00,15.5,10.75142,1.76727,13.4612,TRAF,M32 9HR
17-02-2020 17:00,9.7,16.66577,1.86731,19.52894,TRAF,M32 9HR
17-02-2020 18:00,10.6,14.52629,1.36714,16.62254,TRAF,M32 9HR
17-02-2020 19:00,15.5,25.58822,2.03403,28.70703,TRAF,M32 9HR
17-02-2020 20:00,8.7,19.21427,2.10072,22.43533,TRAF,M32 9HR
17-02-2020 21:00,11.6,15.29086,1.43383,17.48936,TRAF,M32 9HR
17-02-2020 22:00,10.6,13.55902,1.00035,15.09286,TRAF,M32 9HR
17-02-2020 23:00,11.6,5.96285,0.70024,7.03654,TRAF,M32 9HR
18-02-2020 00:00,11.6,3.61844,0.43348,4.28311,TRAF,M32 9HR
18-02-2020 01:00,11.6,10.74125,0.80047,11.96862,TRAF,M32 9HR
18-02-2020 02:00,12.6,11.00664,2.40141,14.68876,TRAF,M32 9HR
18-02-2020 03:00,15.5,6.9296,1.6343,9.43549,TRAF,M32 9HR
18-02-2020 04:00,12.6,8.04918,2.23465,11.47559,TRAF,M32 9HR
18-02-2020 05:00,8.7,8.00121,1.50088,10.30253,TRAF,M32 9HR
18-02-2020 06:00,11.6,8.50986,1.83441,11.32258,TRAF,M32 9HR
18-02-2020 07:00,8.7,10.39971,1.16735,12.18963,TRAF,M32 9HR
18-02-2020 08:00,15.5,13.76602,1.134,15.5048,TRAF,M32 9HR
18-02-2020 09:00,6.8,12.99864,1.701,15.6068,TRAF,M32 9HR
18-02-2020 10:00,7.7,17.4327,2.46812,21.21709,TRAF,M32 9HR
18-02-2020 11:00,11.6,17.32766,3.20189,22.23714,TRAF,M32 9HR
18-02-2020 12:00,10.6,8.91898,1.56759,11.32258,TRAF,M32 9HR
18-02-2020 13:00,8.7,9.37732,1.73435,12.03662,TRAF,M32 9HR
18-02-2020 14:00,9.7,8.41006,1.30077,10.40454,TRAF,M32 9HR
18-02-2020 15:00,5.8,10.39737,1.73435,13.05667,TRAF,M32 9HR
18-02-2020 16:00,5.8,14.63031,1.80106,17.39189,TRAF,M32 9HR
18-02-2020 17:00,6.8,13.9692,1.33412,16.01482,TRAF,M32 9HR
18-02-2020 18:00,13.5,13.51101,1.134,15.24979,TRAF,M32 9HR
18-02-2020 19:00,6.8,9.78768,1.16735,11.5776,TRAF,M32 9HR
18-02-2020 20:00,3.9,20.59679,2.00118,23.66522,TRAF,M32 9HR
18-02-2020 21:00,12.6,16.57075,1.23406,18.46295,TRAF,M32 9HR
18-02-2020 22:00,18.4,8.05566,0.66706,9.07847,TRAF,M32 9HR
18-02-2020 23:00,14.5,6.06711,0.53365,6.88535,TRAF,M32 9HR
19-02-2020 00:00,12.6,4.84332,0.46694,5.55929,TRAF,M32 9HR
19-02-2020 01:00,15.5,4.6909,0.62274,5.64576,TRAF,M32 9HR
19-02-2020 02:00,18.4,3.87583,0.33361,4.38737,TRAF,M32 9HR
19-02-2020 03:00,16.4,3.26323,0.4337,3.92822,TRAF,M32 9HR
19-02-2020 04:00,15.5,3.31411,0.46706,4.03025,TRAF,M32 9HR
19-02-2020 05:00,16.4,7.34176,1.10092,9.02981,TRAF,M32 9HR
19-02-2020 06:00,19.3,9.5353,1.13428,11.27451,TRAF,M32 9HR
19-02-2020 07:00,16.4,13.00315,1.43453,15.20273,TRAF,M32 9HR
19-02-2020 08:00,16.4,25.8516,3.26939,30.8646,TRAF,M32 9HR
19-02-2020 09:00,20.3,31.50394,5.80483,40.40456,TRAF,M32 9HR
19-02-2020 10:00,12.6,19.01273,3.93661,25.04879,TRAF,M32 9HR
19-02-2020 11:00,13.5,18.35049,3.70308,24.02847,TRAF,M32 9HR
19-02-2020 12:00,11.6,18.9118,3.66972,24.53863,TRAF,M32 9HR
19-02-2020 13:00,11.6,19.21844,3.53628,24.64066,TRAF,M32 9HR
19-02-2020 14:00,9.7,17.58635,3.4362,22.85511,TRAF,M32 9HR
19-02-2020 15:00,4.8,19.93212,3.66972,25.55895,TRAF,M32 9HR
19-02-2020 16:00,3.9,18.19785,3.603,23.72238,TRAF,M32 9HR
19-02-2020 17:00,3.9,21.21026,3.0025,25.81403,TRAF,M32 9HR
19-02-2020 18:00,2.9,20.90581,2.60217,24.89574,TRAF,M32 9HR
19-02-2020 19:00,5.8,20.95806,2.30192,24.48761,TRAF,M32 9HR
19-02-2020 20:00,4.8,19.37629,2.36864,23.00815,TRAF,M32 9HR
19-02-2020 21:00,3.9,13.71353,2.36864,17.34539,TRAF,M32 9HR
19-02-2020 22:00,4.8,9.63185,2.46872,13.41717,TRAF,M32 9HR
19-02-2020 23:00,1.9,8.61044,2.73561,12.80498,TRAF,M32 9HR
20-02-2020 00:00,-2.9,5.60173,2.43536,9.3359,TRAF,M32 9HR
20-02-2020 01:00,-1.9,4.82221,2.09114,8.02858,TRAF,M32 9HR
20-02-2020 02:00,0,4.9385,2.76965,9.18524,TRAF,M32 9HR
20-02-2020 03:00,-1,4.83508,3.10334,9.59347,TRAF,M32 9HR
20-02-2020 04:00,1.9,4.47992,2.6028,8.47083,TRAF,M32 9HR
20-02-2020 05:00,1.9,5.09241,2.56943,9.03215,TRAF,M32 9HR
20-02-2020 06:00,-1,6.67335,2.80302,10.97126,TRAF,M32 9HR
20-02-2020 07:00,-1.9,9.83716,2.80302,14.13506,TRAF,M32 9HR
20-02-2020 08:00,-1,12.2358,2.73628,16.43137,TRAF,M32 9HR
20-02-2020 09:00,-1,12.95116,2.5027,16.78857,TRAF,M32 9HR
20-02-2020 10:00,1,12.59791,1.53499,14.95153,TRAF,M32 9HR
20-02-2020 11:00,2.9,16.62771,1.90205,19.54415,TRAF,M32 9HR
20-02-2020 12:00,5.8,10.30201,1.43488,12.50213,TRAF,M32 9HR
20-02-2020 13:00,7.7,13.61768,1.7352,16.27828,TRAF,M32 9HR
20-02-2020 14:00,11.6,14.02332,2.36922,17.65607,TRAF,M32 9HR
20-02-2020 15:00,11.6,7.44343,1.66846,10.0017,TRAF,M32 9HR
20-02-2020 16:00,10.6,8.1079,1.40151,10.25685,TRAF,M32 9HR
20-02-2020 17:00,10.6,8.36386,1.2013,10.20582,TRAF,M32 9HR
20-02-2020 18:00,14.5,11.32491,0.8676,12.65522,TRAF,M32 9HR
20-02-2020 19:00,8.7,12.80448,0.93434,14.23712,TRAF,M32 9HR
20-02-2020 20:00,15.5,15.71287,1.00108,17.24784,TRAF,M32 9HR
20-02-2020 21:00,14.5,10.25371,0.76749,11.43052,TRAF,M32 9HR
20-02-2020 22:00,11.6,8.2633,0.83423,9.54244,TRAF,M32 9HR
20-02-2020 23:00,14.5,11.17169,0.90097,12.55316,TRAF,M32 9HR
21-02-2020 00:00,9.7,13.51371,2.20237,16.89063,TRAF,M32 9HR
21-02-2020 01:00,12.6,15.78059,2.09165,18.98775,TRAF,M32 9HR
21-02-2020 02:00,16.4,6.73017,1.82463,9.5279,TRAF,M32 9HR
21-02-2020 03:00,13.5,5.35293,1.60212,7.80948,TRAF,M32 9HR
21-02-2020 04:00,11.6,4.33399,1.13483,6.07404,TRAF,M32 9HR
21-02-2020 05:00,9.7,5.60964,1.23497,7.50322,TRAF,M32 9HR
21-02-2020 06:00,15.5,5.15148,0.93457,6.58446,TRAF,M32 9HR
21-02-2020 07:00,15.5,9.43863,1.0347,11.02514,TRAF,M32 9HR
21-02-2020 08:00,15.5,9.99941,1.20159,11.84182,TRAF,M32 9HR
21-02-2020 09:00,11.6,13.16255,1.56874,15.56791,TRAF,M32 9HR
21-02-2020 10:00,8.7,8.82558,1.16821,10.61681,TRAF,M32 9HR
21-02-2020 11:00,11.6,6.83574,0.96795,8.3199,TRAF,M32 9HR
21-02-2020 12:00,8.7,7.09081,1.00132,8.62616,TRAF,M32 9HR
21-02-2020 13:00,11.6,7.49875,1.10146,9.18762,TRAF,M32 9HR
21-02-2020 14:00,9.7,8.2132,1.13483,9.95325,TRAF,M32 9HR
21-02-2020 15:00,7.7,7.75328,1.26834,9.69804,TRAF,M32 9HR
21-02-2020 16:00,7.7,8.00768,1.46861,10.25951,TRAF,M32 9HR
21-02-2020 17:00,11.6,10.96664,1.83576,13.78143,TRAF,M32 9HR
21-02-2020 18:00,9.7,15.04894,2.10278,18.27316,TRAF,M32 9HR
21-02-2020 19:00,7.7,13.82284,2.3698,17.45648,TRAF,M32 9HR
21-02-2020 20:00,5.8,11.9336,2.53669,15.82312,TRAF,M32 9HR
21-02-2020 21:00,4.8,8.5143,2.40318,12.19912,TRAF,M32 9HR
21-02-2020 22:00,3.9,6.93253,2.26967,10.41264,TRAF,M32 9HR
21-02-2020 23:00,1.9,6.42224,2.23629,9.85117,TRAF,M32 9HR
22-02-2020 00:00,0,5.91264,2.03602,9.03449,TRAF,M32 9HR
22-02-2020 01:00,-1,4.62112,1.95862,7.6243,TRAF,M32 9HR
22-02-2020 02:00,2.9,3.92399,1.80282,6.68828,TRAF,M32 9HR
22-02-2020 03:00,2.9,2.90477,1.33542,4.95239,TRAF,M32 9HR
22-02-2020 04:00,-1,2.14015,1.03495,3.72706,TRAF,M32 9HR
22-02-2020 05:00,1,3.36535,1.06834,5.00345,TRAF,M32 9HR
22-02-2020 06:00,3.9,7.34863,0.83464,8.62839,TRAF,M32 9HR
22-02-2020 07:00,14.5,3.51987,0.73448,4.64606,TRAF,M32 9HR
22-02-2020 08:00,8.7,5.10164,0.96818,6.58617,TRAF,M32 9HR
22-02-2020 09:00,7.7,6.37749,1.10172,8.06678,TRAF,M32 9HR
22-02-2020 10:00,8.7,6.47826,1.43558,8.67945,TRAF,M32 9HR
22-02-2020 11:00,10.6,4.99872,1.1685,6.79039,TRAF,M32 9HR
22-02-2020 12:00,10.6,8.46929,1.46897,10.72167,TRAF,M32 9HR
22-02-2020 13:00,8.7,6.27471,1.26865,8.21995,TRAF,M32 9HR
22-02-2020 14:00,5.8,4.79545,0.9348,6.22878,TRAF,M32 9HR
22-02-2020 15:00,7.7,5.66379,0.83464,6.94356,TRAF,M32 9HR
22-02-2020 16:00,12.6,19.29185,1.76944,22.00495,TRAF,M32 9HR
22-02-2020 17:00,13.5,13.6779,1.23527,15.57195,TRAF,M32 9HR
22-02-2020 18:00,12.6,15.15797,1.36881,17.25678,TRAF,M32 9HR
22-02-2020 19:00,8.7,13.11669,1.13511,14.85717,TRAF,M32 9HR
22-02-2020 20:00,8.7,17.09565,1.96975,20.1159,TRAF,M32 9HR
22-02-2020 21:00,8.7,14.79532,2.67085,18.89056,TRAF,M32 9HR
22-02-2020 22:00,10.6,9.18379,1.53574,11.53856,TRAF,M32 9HR
22-02-2020 23:00,8.7,11.99361,1.10172,13.68289,TRAF,M32 9HR
23-02-2020 00:00,3.9,6.98679,1.93637,9.95584,TRAF,M32 9HR
23-02-2020 01:00,2.9,6.59559,2.3153,10.14567,TRAF,M32 9HR
23-02-2020 02:00,1.9,8.56757,2.98318,13.14171,TRAF,M32 9HR
23-02-2020 03:00,3.9,8.00572,3.00544,12.614,TRAF,M32 9HR
23-02-2020 04:00,1.9,6.57633,2.87186,10.97979,TRAF,M32 9HR
23-02-2020 05:00,1,8.05478,3.50634,13.4311,TRAF,M32 9HR
23-02-2020 06:00,2.9,11.41593,5.84391,20.37645,TRAF,M32 9HR
23-02-2020 07:00,5.8,16.82331,7.31323,28.03678,TRAF,M32 9HR
23-02-2020 08:00,5.8,25.35073,7.58038,36.97382,TRAF,M32 9HR
23-02-2020 09:00,4.8,17.75638,3.87368,23.69593,TRAF,M32 9HR
23-02-2020 10:00,3.9,6.73451,1.63629,9.24346,TRAF,M32 9HR
23-02-2020 11:00,3.9,6.88758,1.66969,9.44773,TRAF,M32 9HR
23-02-2020 12:00,7.7,5.71313,1.63629,8.22208,TRAF,M32 9HR
23-02-2020 13:00,6.8,5.50751,1.97023,8.52849,TRAF,M32 9HR
23-02-2020 14:00,7.7,4.33535,1.36914,6.43467,TRAF,M32 9HR
23-02-2020 15:00,14.5,5.45846,1.46932,7.71139,TRAF,M32 9HR
23-02-2020 16:00,16.4,5.86781,1.26896,7.81353,TRAF,M32 9HR
23-02-2020 17:00,19.3,8.72659,1.53611,11.08193,TRAF,M32 9HR
23-02-2020 18:00,18.4,10.76867,1.70308,13.38003,TRAF,M32 9HR
23-02-2020 19:00,20.3,15.56834,1.90344,18.48691,TRAF,M32 9HR
23-02-2020 20:00,20.3,17.15013,2.23738,20.58073,TRAF,M32 9HR
23-02-2020 21:00,19.3,29.49925,4.60834,36.56527,TRAF,M32 9HR
23-02-2020 22:00,15.5,29.85512,5.00906,37.53557,TRAF,M32 9HR
23-02-2020 23:00,12.6,26.58618,5.14264,34.47145,TRAF,M32 9HR
24-02-2020 00:00,10.6,16.32256,4.84209,23.74699,TRAF,M32 9HR
24-02-2020 01:00,6.8,17.96486,4.00823,24.11073,TRAF,M32 9HR
24-02-2020 02:00,5.8,9.31604,3.74101,15.05217,TRAF,M32 9HR
24-02-2020 03:00,2.9,4.07775,2.20453,7.45798,TRAF,M32 9HR
24-02-2020 04:00,1.9,3.00997,0.96866,4.49522,TRAF,M32 9HR
24-02-2020 05:00,1.9,5.46204,0.93525,6.89608,TRAF,M32 9HR
24-02-2020 06:00,1,7.65857,0.93525,9.0926,TRAF,M32 9HR
24-02-2020 07:00,2.9,14.65267,1.97071,17.67439,TRAF,M32 9HR
24-02-2020 08:00,4.8,22.77218,2.60535,26.76699,TRAF,M32 9HR
24-02-2020 09:00,1.9,17.81522,3.10638,22.57826,TRAF,M32 9HR
24-02-2020 10:00,-1,17.56074,2.87256,21.96528,TRAF,M32 9HR
24-02-2020 11:00,0,15.92705,2.63875,19.97308,TRAF,M32 9HR
24-02-2020 12:00,-1,7.65296,2.33813,11.23805,TRAF,M32 9HR
24-02-2020 13:00,-1.9,10.0006,2.87256,14.40514,TRAF,M32 9HR
24-02-2020 14:00,-1,8.52189,2.20453,11.90212,TRAF,M32 9HR
24-02-2020 15:00,7.7,12.04722,2.03752,15.17137,TRAF,M32 9HR
24-02-2020 16:00,11.6,8.57511,1.6701,11.13589,TRAF,M32 9HR
24-02-2020 17:00,11.6,7.34927,1.63669,9.85883,TRAF,M32 9HR
24-02-2020 18:00,12.6,8.9859,1.13566,10.72723,TRAF,M32 9HR
24-02-2020 19:00,11.6,9.70105,1.13566,11.44238,TRAF,M32 9HR
24-02-2020 20:00,10.6,7.40329,0.90185,8.78611,TRAF,M32 9HR
24-02-2020 21:00,11.6,6.94409,0.76824,8.12205,TRAF,M32 9HR
24-02-2020 22:00,11.6,6.12691,0.73484,7.25365,TRAF,M32 9HR
24-02-2020 23:00,9.7,4.28902,0.46763,5.00604,TRAF,M32 9HR
25-02-2020 00:00,9.7,4.13431,0.83505,5.4147,TRAF,M32 9HR
25-02-2020 01:00,7.7,4.28882,0.80184,5.51829,TRAF,M32 9HR
25-02-2020 02:00,12.6,4.90103,1.03571,6.4891,TRAF,M32 9HR
25-02-2020 03:00,9.7,6.12705,1.10253,7.81758,TRAF,M32 9HR
25-02-2020 04:00,5.8,7.65872,1.40322,9.81029,TRAF,M32 9HR
25-02-2020 05:00,4.8,9.49257,2.80645,13.79573,TRAF,M32 9HR
25-02-2020 06:00,4.8,9.90266,2.47234,13.69353,TRAF,M32 9HR
25-02-2020 07:00,3.9,15.57583,2.07142,18.75197,TRAF,M32 9HR
25-02-2020 08:00,5.8,19.10074,2.23847,22.53302,TRAF,M32 9HR
25-02-2020 09:00,5.8,29.67547,2.73963,33.87617,TRAF,M32 9HR
25-02-2020 10:00,5.8,22.88113,2.40552,26.56955,TRAF,M32 9HR
25-02-2020 11:00,13.5,16.18565,2.90667,20.64249,TRAF,M32 9HR
25-02-2020 12:00,8.7,11.69086,2.50576,15.53297,TRAF,M32 9HR
25-02-2020 13:00,6.8,9.4939,2.47234,13.28477,TRAF,M32 9HR
25-02-2020 14:00,5.8,11.48807,2.10483,14.71544,TRAF,M32 9HR
25-02-2020 15:00,5.8,12.35391,2.80645,16.65706,TRAF,M32 9HR
25-02-2020 16:00,10.6,10.56836,2.10483,13.79573,TRAF,M32 9HR
25-02-2020 17:00,7.7,18.89516,2.53916,22.7885,TRAF,M32 9HR
25-02-2020 18:00,6.8,34.16602,4.20967,40.62075,TRAF,M32 9HR
25-02-2020 19:00,12.6,40.04025,4.644,47.16094,TRAF,M32 9HR
25-02-2020 20:00,7.7,14.55552,1.6705,17.11692,TRAF,M32 9HR
25-02-2020 21:00,8.7,18.02641,2.57257,21.97097,TRAF,M32 9HR
25-02-2020 22:00,8.7,9.6521,1.23617,11.54753,TRAF,M32 9HR
25-02-2020 23:00,4.8,7.60842,1.20276,9.45263,TRAF,M32 9HR
26-02-2020 00:00,6.8,5.87211,0.96889,7.35772,TRAF,M32 9HR
26-02-2020 01:00,9.7,4.69829,0.93571,6.13302,TRAF,M32 9HR
26-02-2020 02:00,10.6,3.62422,1.13622,5.3664,TRAF,M32 9HR
26-02-2020 03:00,11.6,2.5516,0.96913,4.03757,TRAF,M32 9HR
26-02-2020 04:00,7.7,2.50141,0.7352,3.62871,TRAF,M32 9HR
26-02-2020 05:00,4.8,3.77781,1.06938,5.4175,TRAF,M32 9HR
26-02-2020 06:00,5.8,7.04638,1.67091,9.6084,TRAF,M32 9HR
26-02-2020 07:00,9.7,13.69088,1.57066,16.09918,TRAF,M32 9HR
26-02-2020 08:00,5.8,16.91151,1.37015,19.01237,TRAF,M32 9HR
26-02-2020 09:00,10.6,26.25776,3.04106,30.92065,TRAF,M32 9HR
26-02-2020 10:00,7.7,18.08357,2.23902,21.51669,TRAF,M32 9HR
26-02-2020 11:00,5.8,13.48169,2.77371,17.73466,TRAF,M32 9HR
26-02-2020 12:00,4.8,11.84886,2.10535,15.07701,TRAF,M32 9HR
26-02-2020 13:00,10.6,7.96554,1.87142,10.83501,TRAF,M32 9HR
26-02-2020 14:00,11.6,5.61626,1.43698,7.8196,TRAF,M32 9HR
26-02-2020 15:00,13.5,7.09735,1.70433,9.71062,TRAF,M32 9HR
26-02-2020 16:00,11.6,8.98863,1.63749,11.49942,TRAF,M32 9HR
26-02-2020 17:00,17.4,11.74796,1.77117,14.46371,TRAF,M32 9HR
26-02-2020 18:00,16.4,17.93104,2.03851,21.05671,TRAF,M32 9HR
26-02-2020 19:00,15.5,26.41043,3.20815,31.32952,TRAF,M32 9HR
26-02-2020 20:00,16.4,37.59395,5.54742,46.09988,TRAF,M32 9HR
26-02-2020 21:00,13.5,33.30295,5.01273,40.98903,TRAF,M32 9HR
26-02-2020 22:00,12.6,20.83815,3.57575,26.32089,TRAF,M32 9HR
26-02-2020 23:00,10.6,14.19549,3.20815,19.11459,TRAF,M32 9HR
27-02-2020 00:00,12.6,10.36434,2.70688,14.51482,TRAF,M32 9HR
27-02-2020 01:00,12.6,9.1229,2.76325,13.35982,TRAF,M32 9HR
27-02-2020 02:00,8.7,7.21558,2.45127,10.97414,TRAF,M32 9HR
27-02-2020 03:00,4.8,7.81204,2.44012,11.55352,TRAF,M32 9HR
27-02-2020 04:00,4.8,6.7904,2.23957,10.22435,TRAF,M32 9HR
27-02-2020 05:00,3.9,8.7304,2.90809,13.18941,TRAF,M32 9HR
27-02-2020 06:00,5.8,14.70626,4.27858,21.26665,TRAF,M32 9HR
27-02-2020 07:00,4.8,23.85285,5.34822,32.05334,TRAF,M32 9HR
27-02-2020 08:00,8.7,47.49465,12.36776,66.45828,TRAF,M32 9HR
27-02-2020 09:00,10.6,51.59573,22.49594,86.08903,TRAF,M32 9HR
27-02-2020 10:00,6.8,32.67473,10.99727,49.53698,TRAF,M32 9HR
27-02-2020 11:00,5.8,13.12464,3.47634,18.45495,TRAF,M32 9HR
27-02-2020 12:00,8.7,10.41978,2.30642,13.95624,TRAF,M32 9HR
27-02-2020 13:00,5.8,9.65413,2.00558,12.72932,TRAF,M32 9HR
27-02-2020 14:00,3.9,7.91691,1.7716,10.63332,TRAF,M32 9HR
27-02-2020 15:00,7.7,8.68361,1.80502,11.45127,TRAF,M32 9HR
27-02-2020 16:00,11.6,9.96152,1.83845,12.78044,TRAF,M32 9HR
27-02-2020 17:00,12.6,12.67058,1.93873,15.64326,TRAF,M32 9HR
27-02-2020 18:00,14.5,16.19864,1.7716,18.91505,TRAF,M32 9HR
27-02-2020 19:00,16.4,24.63084,2.50698,28.47482,TRAF,M32 9HR
27-02-2020 20:00,17.4,35.81849,4.54599,42.78891,TRAF,M32 9HR
27-02-2020 21:00,12.6,35.40952,4.54599,42.37993,TRAF,M32 9HR
27-02-2020 22:00,7.7,24.82508,5.11423,32.6668,TRAF,M32 9HR
27-02-2020 23:00,14.5,34.68725,6.2173,44.22031,TRAF,M32 9HR
28-02-2020 00:00,15.5,38.92589,7.3538,50.20156,TRAF,M32 9HR
28-02-2020 01:00,9.7,19.33857,6.28569,28.97649,TRAF,M32 9HR
28-02-2020 02:00,10.6,15.17025,4.31305,21.78351,TRAF,M32 9HR
28-02-2020 03:00,11.6,11.08206,3.64436,16.67001,TRAF,M32 9HR
28-02-2020 04:00,8.7,8.83473,2.97567,13.39737,TRAF,M32 9HR
28-02-2020 05:00,4.8,8.12198,2.17324,11.45424,TRAF,M32 9HR
28-02-2020 06:00,6.8,13.54477,1.53799,15.90298,TRAF,M32 9HR
28-02-2020 07:00,8.7,21.11131,1.90577,24.03345,TRAF,M32 9HR
28-02-2020 08:00,5.8,20.18944,2.27355,23.6755,TRAF,M32 9HR
28-02-2020 09:00,4.8,26.52757,2.94224,31.03894,TRAF,M32 9HR
28-02-2020 10:00,2.9,25.50513,2.87537,29.91397,TRAF,M32 9HR
28-02-2020 11:00,1,18.04504,1.43768,20.24945,TRAF,M32 9HR
28-02-2020 12:00,-1,20.9579,1.90577,23.88004,TRAF,M32 9HR
28-02-2020 13:00,-1.9,21.7231,2.37385,25.36295,TRAF,M32 9HR
28-02-2020 14:00,-1.9,23.6147,2.47415,27.40835,TRAF,M32 9HR
28-02-2020 15:00,5.8,22.18162,2.8085,26.48792,TRAF,M32 9HR
28-02-2020 16:00,2.9,20.28714,3.44376,25.56749,TRAF,M32 9HR
28-02-2020 17:00,1,19.92998,3.24315,24.90274,TRAF,M32 9HR
28-02-2020 18:00,1.9,21.36137,3.34345,26.48792,TRAF,M32 9HR
28-02-2020 19:00,3.9,24.63114,4.07901,30.88553,TRAF,M32 9HR
28-02-2020 20:00,4.8,18.64717,4.37992,25.36295,TRAF,M32 9HR
28-02-2020 21:00,3.9,10.00757,3.81154,15.85185,TRAF,M32 9HR
28-02-2020 22:00,3.9,12.50993,4.6474,19.63584,TRAF,M32 9HR
28-02-2020 23:00,2.9,10.92317,5.04861,18.66427,TRAF,M32 9HR
29-02-2020 00:00,1,7.4473,4.71427,14.67574,TRAF,M32 9HR
29-02-2020 01:00,2.9,6.25739,4.32525,12.88935,TRAF,M32 9HR
29-02-2020 02:00,2.9,4.96164,4.32525,11.5936,TRAF,M32 9HR
29-02-2020 03:00,0,4.89491,3.94624,10.94572,TRAF,M32 9HR
29-02-2020 04:00,-1.9,4.89517,3.87935,10.84342,TRAF,M32 9HR
29-02-2020 05:00,3.9,3.92842,2.57509,7.87683,TRAF,M32 9HR
29-02-2020 06:00,5.8,4.79651,2.94296,9.30898,TRAF,M32 9HR
29-02-2020 07:00,3.9,14.75107,7.92591,26.90397,TRAF,M32 9HR
29-02-2020 08:00,7.7,11.03283,3.91279,17.03236,TRAF,M32 9HR
29-02-2020 09:00,8.7,13.63996,4.28066,20.20355,TRAF,M32 9HR
29-02-2020 10:00,7.7,18.08661,5.11673,25.93215,TRAF,M32 9HR
29-02-2020 11:00,7.7,13.48768,3.97968,19.58977,TRAF,M32 9HR
29-02-2020 12:00,10.6,6.84659,1.87279,9.71816,TRAF,M32 9HR
29-02-2020 13:00,7.7,6.17816,2.77574,10.43424,TRAF,M32 9HR
29-02-2020 14:00,7.7,5.05303,2.7423,9.25783,TRAF,M32 9HR
29-02-2020 15:00,4.8,6.02536,2.60853,10.02505,TRAF,M32 9HR
29-02-2020 16:00,1.9,5.87218,2.54164,9.76931,TRAF,M32 9HR
29-02-2020 17:00,7.7,7.61174,2.40787,11.30376,TRAF,M32 9HR
29-02-2020 18:00,9.7,6.89839,1.70558,9.51357,TRAF,M32 9HR
29-02-2020 19:00,6.8,6.54295,1.03672,8.13257,TRAF,M32 9HR
29-02-2020 20:00,6.8,5.41912,0.66885,6.44468,TRAF,M32 9HR
29-02-2020 21:00,6.8,5.62371,0.66885,6.64927,TRAF,M32 9HR
29-02-2020 22:00,20.3,3.37384,0.50164,4.14301,TRAF,M32 9HR
29-02-2020 23:00,19.3,3.88558,0.43476,4.55219,TRAF,M32 9HR
01-03-2020 00:00,16.4,3.6793,0.86951,5.01253,TRAF,M32 9HR
01-03-2020 01:00,15.5,2.79356,0.84742,4.09292,TRAF,M32 9HR
01-03-2020 02:00,11.6,2.50355,0.86972,3.83711,TRAF,M32 9HR
01-03-2020 03:00,11.6,2.75975,0.76937,3.93943,TRAF,M32 9HR
01-03-2020 04:00,10.6,2.65601,1.13733,4.39989,TRAF,M32 9HR
01-03-2020 05:00,11.6,2.40123,0.86972,3.73479,TRAF,M32 9HR
01-03-2020 06:00,10.6,2.81065,0.83627,4.09292,TRAF,M32 9HR
01-03-2020 07:00,11.6,4.24266,0.97007,5.73008,TRAF,M32 9HR
01-03-2020 08:00,9.7,5.06163,0.86972,6.39518,TRAF,M32 9HR
01-03-2020 09:00,11.6,4.65118,1.17078,6.44634,TRAF,M32 9HR
01-03-2020 10:00,9.7,4.65169,1.03698,6.2417,TRAF,M32 9HR
01-03-2020 11:00,11.6,5.21344,1.30458,7.21377,TRAF,M32 9HR
01-03-2020 12:00,6.8,4.95621,1.67254,7.52073,TRAF,M32 9HR
01-03-2020 13:00,5.8,4.95582,1.77289,7.67422,TRAF,M32 9HR
01-03-2020 14:00,4.8,4.64911,1.70599,7.26493,TRAF,M32 9HR
01-03-2020 15:00,7.7,5.05892,1.57219,7.46957,TRAF,M32 9HR
01-03-2020 16:00,8.7,5.10943,1.73944,7.77654,TRAF,M32 9HR
01-03-2020 17:00,9.7,7.77035,1.60564,10.23229,TRAF,M32 9HR
01-03-2020 18:00,15.5,8.9477,1.43839,11.1532,TRAF,M32 9HR
01-03-2020 19:00,15.5,9.61087,1.94015,12.58572,TRAF,M32 9HR
01-03-2020 20:00,9.7,11.09339,2.24121,14.52986,TRAF,M32 9HR
01-03-2020 21:00,9.7,16.20734,2.80987,20.51575,TRAF,M32 9HR
01-03-2020 22:00,9.7,13.70198,2.40846,17.3949,TRAF,M32 9HR
01-03-2020 23:00,5.8,12.01455,2.17431,15.34844,TRAF,M32 9HR
02-03-2020 00:00,5.8,9.19912,2.57571,13.1485,TRAF,M32 9HR
02-03-2020 01:00,5.8,8.51902,2.63211,12.55486,TRAF,M32 9HR
02-03-2020 02:00,7.7,8.4333,2.74364,12.64015,TRAF,M32 9HR
02-03-2020 03:00,9.7,10.83338,4.082,17.09235,TRAF,M32 9HR
02-03-2020 04:00,7.7,15.38484,4.88501,22.87509,TRAF,M32 9HR
02-03-2020 05:00,12.6,19.73302,5.31998,27.89021,TRAF,M32 9HR
02-03-2020 06:00,10.6,29.03886,7.39444,40.37684,TRAF,M32 9HR
02-03-2020 07:00,8.7,43.02055,17.8671,70.41638,TRAF,M32 9HR
02-03-2020 08:00,16.4,45.99856,55.3077,130.80253,TRAF,M32 9HR
02-03-2020 09:00,20.3,55.98563,79.90006,178.49734,TRAF,M32 9HR
02-03-2020 10:00,20.3,38.74725,24.59235,76.455,TRAF,M32 9HR
02-03-2020 11:00,13.5,22.99729,8.16399,35.51524,TRAF,M32 9HR
02-03-2020 12:00,13.5,13.44483,3.68049,19.08816,TRAF,M32 9HR
02-03-2020 13:00,9.7,7.87179,2.37559,11.51431,TRAF,M32 9HR
02-03-2020 14:00,8.7,8.43625,1.97408,11.46313,TRAF,M32 9HR
02-03-2020 15:00,9.7,8.8958,2.24175,12.3331,TRAF,M32 9HR
02-03-2020 16:00,14.5,11.91331,2.71018,16.06886,TRAF,M32 9HR
02-03-2020 17:00,12.6,11.60754,2.37559,15.25006,TRAF,M32 9HR
02-03-2020 18:00,7.7,17.13544,2.10792,20.36753,TRAF,M32 9HR
02-03-2020 19:00,7.7,27.77015,4.61734,34.84997,TRAF,M32 9HR
02-03-2020 20:00,17.4,26.95071,4.78464,34.28705,TRAF,M32 9HR
02-03-2020 21:00,10.6,19.17485,4.082,25.43383,TRAF,M32 9HR
02-03-2020 22:00,14.5,20.30275,3.54665,25.74087,TRAF,M32 9HR
02-03-2020 23:00,12.6,17.28408,3.37936,22.46569,TRAF,M32 9HR
03-03-2020 00:00,7.7,12.32117,3.11169,17.09235,TRAF,M32 9HR
03-03-2020 01:00,7.7,10.9075,3.30209,15.97064,TRAF,M32 9HR
03-03-2020 02:00,6.8,7.9229,2.94511,12.43867,TRAF,M32 9HR
03-03-2020 03:00,5.8,7.76831,3.21285,12.69461,TRAF,M32 9HR
03-03-2020 04:00,8.7,6.69388,3.07898,11.41491,TRAF,M32 9HR
03-03-2020 05:00,7.7,10.73479,3.84872,16.63608,TRAF,M32 9HR
03-03-2020 06:00,4.8,13.75513,3.78179,19.55379,TRAF,M32 9HR
03-03-2020 07:00,3.9,19.54179,3.14591,24.36546,TRAF,M32 9HR
03-03-2020 08:00,7.7,29.26316,4.28379,35.83155,TRAF,M32 9HR
03-03-2020 09:00,7.7,33.35181,5.95715,42.48599,TRAF,M32 9HR
03-03-2020 10:00,6.8,27.46648,5.62248,36.08749,TRAF,M32 9HR
03-03-2020 11:00,4.8,20.91978,4.21686,27.38555,TRAF,M32 9HR
03-03-2020 12:00,4.8,10.68985,2.20883,14.07668,TRAF,M32 9HR
03-03-2020 13:00,4.8,11.91709,2.5435,15.81707,TRAF,M32 9HR
03-03-2020 14:00,11.6,10.07713,1.80723,12.84817,TRAF,M32 9HR
03-03-2020 15:00,21.3,10.23108,1.70682,12.84817,TRAF,M32 9HR
03-03-2020 16:00,23.2,8.03102,1.43909,10.23759,TRAF,M32 9HR
03-03-2020 17:00,15.5,9.00384,1.37215,11.10778,TRAF,M32 9HR
03-03-2020 18:00,15.5,14.12251,1.40562,16.27776,TRAF,M32 9HR
03-03-2020 19:00,20.3,23.99961,1.97456,27.02723,TRAF,M32 9HR
03-03-2020 20:00,17.4,35.35095,5.22087,43.35618,TRAF,M32 9HR
03-03-2020 21:00,21.3,35.91338,5.38821,44.17519,TRAF,M32 9HR
03-03-2020 22:00,18.4,43.83487,8.70146,57.17692,TRAF,M32 9HR
03-03-2020 23:00,17.4,41.88769,9.23693,56.05079,TRAF,M32 9HR
04-03-2020 00:00,13.5,41.27611,8.53412,54.36159,TRAF,M32 9HR
04-03-2020 01:00,20.3,32.86738,9.99796,48.19737,TRAF,M32 9HR
04-03-2020 02:00,18.4,27.13725,8.83748,40.68786,TRAF,M32 9HR
04-03-2020 03:00,16.4,21.21803,8.03407,33.53677,TRAF,M32 9HR
04-03-2020 04:00,12.6,24.60023,7.26414,35.73842,TRAF,M32 9HR
04-03-2020 05:00,12.6,21.32208,7.59889,32.97355,TRAF,M32 9HR
04-03-2020 06:00,13.5,25.72817,6.86244,36.25043,TRAF,M32 9HR
04-03-2020 07:00,10.6,34.49163,18.24404,62.46543,TRAF,M32 9HR
04-03-2020 08:00,14.5,46.72997,44.92385,115.61224,TRAF,M32 9HR
04-03-2020 09:00,17.4,52.90538,50.17947,129.84617,TRAF,M32 9HR
04-03-2020 10:00,40.6,52.65814,47.86967,126.05728,TRAF,M32 9HR
04-03-2020 11:00,18.4,49.6978,31.90196,98.61345,TRAF,M32 9HR
04-03-2020 12:00,21.3,44.76263,23.63356,81.00025,TRAF,M32 9HR
04-03-2020 13:00,13.5,22.44013,9.80826,37.47926,TRAF,M32 9HR
04-03-2020 14:00,8.7,17.43434,6.66158,27.64863,TRAF,M32 9HR
04-03-2020 15:00,9.7,13.39364,5.5569,21.9141,TRAF,M32 9HR
04-03-2020 16:00,11.6,18.71831,5.62385,27.34143,TRAF,M32 9HR
04-03-2020 17:00,15.5,25.7264,7.33109,36.96724,TRAF,M32 9HR
04-03-2020 18:00,13.5,33.50644,8.0006,45.77385,TRAF,M32 9HR
04-03-2020 19:00,19.3,41.07698,9.90869,56.27009,TRAF,M32 9HR
04-03-2020 20:00,17.4,49.50918,14.12658,71.16963,TRAF,M32 9HR
04-03-2020 21:00,10.6,51.90637,16.57027,77.31377,TRAF,M32 9HR
04-03-2020 22:00,17.4,57.42734,18.88007,86.37637,TRAF,M32 9HR
04-03-2020 23:00,20.3,59.34779,39.0322,119.19632,TRAF,M32 9HR
05-03-2020 00:00,20.3,54.8108,60.79114,148.02258,TRAF,M32 9HR
05-03-2020 01:00,25.1,53.15763,82.32465,179.38699,TRAF,M32 9HR
05-03-2020 02:00,27.1,48.67721,75.30428,164.14217,TRAF,M32 9HR
05-03-2020 03:00,33.8,45.21582,83.27335,172.89983,TRAF,M32 9HR
05-03-2020 04:00,19.3,44.87777,64.25474,143.40034,TRAF,M32 9HR
05-03-2020 05:00,15.5,44.15083,26.11709,84.19648,TRAF,M32 9HR
05-03-2020 06:00,22.2,40.96457,15.43587,64.63258,TRAF,M32 9HR
05-03-2020 07:00,28,49.55737,18.4159,77.79468,TRAF,M32 9HR
05-03-2020 08:00,23.2,53.24492,31.9767,102.27517,TRAF,M32 9HR
05-03-2020 09:00,26.1,47.42502,27.05463,88.90821,TRAF,M32 9HR
05-03-2020 10:00,17.4,36.62485,11.85314,54.79941,TRAF,M32 9HR
05-03-2020 11:00,19.3,29.20999,8.87312,42.81524,TRAF,M32 9HR
05-03-2020 12:00,20.3,26.03217,9.54278,40.66424,TRAF,M32 9HR
05-03-2020 13:00,16.4,22.66035,7.33288,33.90394,TRAF,M32 9HR
05-03-2020 14:00,16.4,15.85691,5.18994,23.8147,TRAF,M32 9HR
05-03-2020 15:00,13.5,14.27103,4.72117,21.51005,TRAF,M32 9HR
05-03-2020 16:00,14.5,16.62639,4.8551,24.07077,TRAF,M32 9HR
05-03-2020 17:00,12.6,19.74933,5.15645,27.65578,TRAF,M32 9HR
05-03-2020 18:00,11.6,29.88461,6.52927,39.89602,TRAF,M32 9HR
05-03-2020 19:00,25.1,35.66591,8.103,48.09033,TRAF,M32 9HR
05-03-2020 20:00,34.8,47.58562,11.61876,65.4008,TRAF,M32 9HR
05-03-2020 21:00,39.6,56.80118,12.42236,75.84854,TRAF,M32 9HR
05-03-2020 22:00,27.1,55.93748,10.58077,72.1611,TRAF,M32 9HR
05-03-2020 23:00,20.3,57.61796,13.12551,77.74347,TRAF,M32 9HR
06-03-2020 00:00,21.3,58.89088,15.10104,82.04548,TRAF,M32 9HR
06-03-2020 01:00,20.3,58.46688,18.48737,86.81378,TRAF,M32 9HR
06-03-2020 02:00,14.5,47.76413,12.90543,67.55218,TRAF,M32 9HR
06-03-2020 03:00,20.3,48.51513,12.99474,68.44013,TRAF,M32 9HR
06-03-2020 04:00,16.4,46.84549,21.09971,79.19794,TRAF,M32 9HR
06-03-2020 05:00,16.4,42.31839,26.19044,82.4765,TRAF,M32 9HR
06-03-2020 06:00,17.4,41.4837,30.20943,87.80418,TRAF,M32 9HR
06-03-2020 07:00,16.4,42.6174,42.09895,107.16823,TRAF,M32 9HR
06-03-2020 08:00,15.5,47.89395,69.4281,154.34888,TRAF,M32 9HR
06-03-2020 09:00,19.3,61.13912,89.18815,197.89238,TRAF,M32 9HR
06-03-2020 10:00,23.2,53.99965,53.18467,135.54834,TRAF,M32 9HR
06-03-2020 11:00,32.9,46.84215,35.66856,101.53319,TRAF,M32 9HR
06-03-2020 12:00,44.4,38.59897,20.79829,70.48924,TRAF,M32 9HR
06-03-2020 13:00,38.6,24.91111,9.81304,39.95756,TRAF,M32 9HR
06-03-2020 14:00,37.7,47.09937,21.70256,80.37617,TRAF,M32 9HR
06-03-2020 15:00,34.8,38.11417,13.46363,58.75811,TRAF,M32 9HR
06-03-2020 16:00,30.9,38.03028,8.50687,51.07396,TRAF,M32 9HR
06-03-2020 17:00,12.6,25.13709,4.18645,31.55623,TRAF,M32 9HR
06-03-2020 18:00,9.7,19.65712,3.81804,25.51137,TRAF,M32 9HR
06-03-2020 19:00,11.6,31.48342,5.76056,40.31615,TRAF,M32 9HR
06-03-2020 20:00,12.6,43.40629,9.27718,57.6311,TRAF,M32 9HR
06-03-2020 21:00,17.4,52.98135,10.48287,69.05486,TRAF,M32 9HR
06-03-2020 22:00,17.4,47.55423,9.67907,62.39527,TRAF,M32 9HR
06-03-2020 23:00,16.4,39.30118,11.11921,56.35041,TRAF,M32 9HR
07-03-2020 00:00,21.3,43.45288,10.51637,59.57775,TRAF,M32 9HR
07-03-2020 01:00,13.5,33.30615,9.2906,47.55154,TRAF,M32 9HR
07-03-2020 02:00,12.6,24.69735,9.37993,39.07971,TRAF,M32 9HR
07-03-2020 03:00,11.6,15.50117,6.66645,25.72292,TRAF,M32 9HR
07-03-2020 04:00,11.6,12.17288,6.02996,21.41869,TRAF,M32 9HR
07-03-2020 05:00,7.7,11.35951,4.28797,17.93431,TRAF,M32 9HR
07-03-2020 06:00,9.7,11.92466,3.88597,17.88307,TRAF,M32 9HR
07-03-2020 07:00,6.8,10.08148,3.48398,15.4235,TRAF,M32 9HR
07-03-2020 08:00,4.8,11.61784,3.71847,17.31942,TRAF,M32 9HR
07-03-2020 09:00,4.8,13.92156,4.28797,20.49635,TRAF,M32 9HR
07-03-2020 10:00,9.7,11.20616,4.18747,17.62686,TRAF,M32 9HR
07-03-2020 11:00,7.7,9.62069,3.38348,14.80861,TRAF,M32 9HR
07-03-2020 12:00,9.7,9.87477,3.95297,15.93591,TRAF,M32 9HR
07-03-2020 13:00,12.6,8.39041,3.51748,13.7838,TRAF,M32 9HR
07-03-2020 14:00,13.5,11.77069,3.95297,17.83183,TRAF,M32 9HR
07-03-2020 15:00,10.6,9.51684,3.75197,15.26978,TRAF,M32 9HR
07-03-2020 16:00,10.6,8.69798,3.48398,14.04,TRAF,M32 9HR
07-03-2020 17:00,12.6,8.64649,3.55098,14.09124,TRAF,M32 9HR
07-03-2020 18:00,12.6,8.69948,3.08198,13.42511,TRAF,M32 9HR
07-03-2020 19:00,16.4,9.16027,3.18248,14.04,TRAF,M32 9HR
07-03-2020 20:00,12.6,6.75482,2.41198,10.45314,TRAF,M32 9HR
07-03-2020 21:00,8.7,6.65283,2.27798,10.14569,TRAF,M32 9HR
07-03-2020 22:00,8.7,6.95953,2.47898,10.76058,TRAF,M32 9HR
07-03-2020 23:00,7.7,6.19142,2.34498,9.78701,TRAF,M32 9HR
08-03-2020 00:00,5.8,6.19005,2.71348,10.35066,TRAF,M32 9HR
08-03-2020 01:00,4.8,6.27709,2.72531,10.45584,TRAF,M32 9HR
08-03-2020 02:00,1.9,5.93568,2.64713,9.99455,TRAF,M32 9HR
08-03-2020 03:00,1,6.08883,2.81467,10.40459,TRAF,M32 9HR
08-03-2020 04:00,1.9,4.60184,2.9822,9.17449,TRAF,M32 9HR
08-03-2020 05:00,2.9,5.57294,3.71938,11.27591,TRAF,M32 9HR
08-03-2020 06:00,1.9,4.91122,2.47959,8.7132,TRAF,M32 9HR
08-03-2020 07:00,2.9,7.672,4.35603,14.35115,TRAF,M32 9HR
08-03-2020 08:00,5.8,14.42725,7.13719,25.37079,TRAF,M32 9HR
08-03-2020 09:00,3.9,12.07415,5.89739,21.1167,TRAF,M32 9HR
08-03-2020 10:00,10.6,9.10538,4.82514,16.50383,TRAF,M32 9HR
08-03-2020 11:00,8.7,5.98471,3.25027,10.96838,TRAF,M32 9HR
08-03-2020 12:00,8.7,7.62397,3.48482,12.96729,TRAF,M32 9HR
08-03-2020 13:00,8.7,6.80415,3.41781,12.04472,TRAF,M32 9HR
08-03-2020 14:00,5.8,5.5259,2.58011,9.48201,TRAF,M32 9HR
08-03-2020 15:00,7.7,7.1144,2.68063,11.22465,TRAF,M32 9HR
08-03-2020 16:00,10.6,7.11676,2.04398,10.25082,TRAF,M32 9HR
08-03-2020 17:00,9.7,8.75292,3.11624,13.53109,TRAF,M32 9HR
08-03-2020 18:00,11.6,10.18779,3.18325,15.06871,TRAF,M32 9HR
08-03-2020 19:00,6.8,10.13939,2.41257,13.83861,TRAF,M32 9HR
08-03-2020 20:00,4.8,24.05906,8.20944,36.64669,TRAF,M32 9HR
08-03-2020 21:00,6.8,23.75067,8.444,36.69795,TRAF,M32 9HR
08-03-2020 22:00,2.9,12.64129,4.99268,20.29663,TRAF,M32 9HR
08-03-2020 23:00,3.9,9.97459,5.39478,18.24646,TRAF,M32 9HR
09-03-2020 00:00,7.7,7.92827,4.35603,14.60742,TRAF,M32 9HR
09-03-2020 01:00,9.7,5.6611,3.3963,10.86868,TRAF,M32 9HR
09-03-2020 02:00,7.7,4.98246,2.05565,8.13442,TRAF,M32 9HR
09-03-2020 03:00,9.7,2.86678,1.13955,4.61406,TRAF,M32 9HR
09-03-2020 04:00,11.6,4.45681,0.93845,5.89575,TRAF,M32 9HR
09-03-2020 05:00,16.4,4.71339,0.87142,6.04955,TRAF,M32 9HR
09-03-2020 06:00,16.4,4.45619,1.10603,6.15208,TRAF,M32 9HR
09-03-2020 07:00,17.4,8.35103,1.50822,10.66361,TRAF,M32 9HR
09-03-2020 08:00,null,12.75941,1.6758,15.32894,TRAF,M32 9HR
09-03-2020 09:00,21.3,17.06266,2.54722,20.96835,TRAF,M32 9HR
09-03-2020 10:00,15.5,12.39795,2.37964,16.04668,TRAF,M32 9HR
09-03-2020 11:00,null,8.70719,2.24558,12.15036,TRAF,M32 9HR
09-03-2020 12:00,24.2,11.1154,2.61425,15.12387,TRAF,M32 9HR
09-03-2020 13:00,16.4,10.80657,2.94941,15.32894,TRAF,M32 9HR
09-03-2020 14:00,15.5,9.16564,3.04996,13.84219,TRAF,M32 9HR
09-03-2020 15:00,null,8.44778,3.08348,13.17571,TRAF,M32 9HR
09-03-2020 16:00,14.5,17.51593,4.75928,24.8134,TRAF,M32 9HR
09-03-2020 17:00,12.6,19.36156,4.75928,26.65902,TRAF,M32 9HR
09-03-2020 18:00,8.7,15.21396,3.38512,20.40441,TRAF,M32 9HR
09-03-2020 19:00,null,12.09059,2.31261,15.63654,TRAF,M32 9HR
09-03-2020 20:00,3.9,10.91218,2.11151,14.14979,TRAF,M32 9HR
09-03-2020 21:00,null,9.57911,2.14503,12.86811,TRAF,M32 9HR
09-03-2020 22:00,null,7.37437,2.21206,10.76614,TRAF,M32 9HR
09-03-2020 23:00,null,5.47797,2.078,8.66418,TRAF,M32 9HR
10-03-2020 00:00,null,4.19616,2.11151,7.43377,TRAF,M32 9HR
10-03-2020 01:00,null,5.86874,3.12893,10.66636,TRAF,M32 9HR
10-03-2020 02:00,null,3.06393,3.53122,8.47839,TRAF,M32 9HR
10-03-2020 03:00,null,4.1416,3.3189,9.23051,TRAF,M32 9HR
10-03-2020 04:00,null,5.21849,3.3189,10.3074,TRAF,M32 9HR
10-03-2020 05:00,null,4.44242,5.19626,12.4099,TRAF,M32 9HR
10-03-2020 06:00,null,5.41332,6.13493,14.82009,TRAF,M32 9HR
10-03-2020 07:00,null,7.05785,5.16273,14.97393,TRAF,M32 9HR
10-03-2020 08:00,null,9.98293,4.59282,17.02516,TRAF,M32 9HR
10-03-2020 09:00,null,11.47092,4.35815,18.15333,TRAF,M32 9HR
10-03-2020 10:00,null,9.0627,3.82176,14.92265,TRAF,M32 9HR
10-03-2020 11:00,null,null,null,null,TRAF,M32 9HR
10-03-2020 12:00,null,10.86658,1.34097,12.92271,TRAF,M32 9HR
10-03-2020 13:00,null,8.86505,1.77678,11.58941,TRAF,M32 9HR
10-03-2020 14:00,null,11.17292,1.70974,13.79448,TRAF,M32 9HR
10-03-2020 15:00,null,7.83932,1.81031,10.61508,TRAF,M32 9HR
10-03-2020 16:00,null,9.06931,2.01145,12.1535,TRAF,M32 9HR
10-03-2020 17:00,null,8.81365,1.81031,11.58941,TRAF,M32 9HR
10-03-2020 18:00,null,9.83987,1.64269,12.35862,TRAF,M32 9HR
10-03-2020 19:00,null,11.01847,1.87736,13.89704,TRAF,M32 9HR
10-03-2020 20:00,null,13.47932,2.04498,16.61491,TRAF,M32 9HR
10-03-2020 21:00,null,13.42731,2.24612,16.87131,TRAF,M32 9HR
10-03-2020 22:00,null,16.70338,3.85529,22.61474,TRAF,M32 9HR
10-03-2020 23:00,null,12.24748,2.3467,15.8457,TRAF,M32 9HR
11-03-2020 00:00,null,11.2204,2.74899,15.43546,TRAF,M32 9HR
11-03-2020 01:00,null,12.64333,3.57781,18.12923,TRAF,M32 9HR
11-03-2020 02:00,null,13.52198,6.54069,23.55089,TRAF,M32 9HR
11-03-2020 03:00,null,13.30135,10.80052,29.86192,TRAF,M32 9HR
11-03-2020 04:00,null,7.36416,6.74194,17.70165,TRAF,M32 9HR
11-03-2020 05:00,null,6.38553,7.78174,18.31736,TRAF,M32 9HR
11-03-2020 06:00,null,9.67222,6.97673,20.36973,TRAF,M32 9HR
11-03-2020 07:00,null,20.65553,6.10464,30.01585,TRAF,M32 9HR
11-03-2020 08:00,null,23.42307,6.97673,34.12058,TRAF,M32 9HR
11-03-2020 09:00,null,18.08958,6.23881,27.65563,TRAF,M32 9HR
11-03-2020 10:00,null,12.24725,4.32692,18.88176,TRAF,M32 9HR
11-03-2020 11:00,null,7.47877,3.42128,12.72467,TRAF,M32 9HR
11-03-2020 12:00,null,5.17398,2.28086,8.67124,TRAF,M32 9HR
11-03-2020 13:00,null,5.22396,2.64982,9.28696,TRAF,M32 9HR
11-03-2020 14:00,null,5.63431,2.68336,9.74874,TRAF,M32 9HR
11-03-2020 15:00,null,8.35176,3.22003,13.28907,TRAF,M32 9HR
11-03-2020 16:00,null,5.99493,2.28086,9.49219,TRAF,M32 9HR
11-03-2020 17:00,null,6.30315,2.18023,9.64612,TRAF,M32 9HR
11-03-2020 18:00,null,6.91631,2.88461,11.33932,TRAF,M32 9HR
11-03-2020 19:00,null,8.55711,3.18649,13.443,TRAF,M32 9HR
11-03-2020 20:00,null,7.37882,2.68336,11.49325,TRAF,M32 9HR
11-03-2020 21:00,null,5.84039,2.44857,9.59481,TRAF,M32 9HR
11-03-2020 22:00,null,3.38059,1.61002,5.84924,TRAF,M32 9HR
11-03-2020 23:00,null,5.74347,0.87209,7.08066,TRAF,M32 9HR
12-03-2020 00:00,null,3.64065,0.6373,4.61782,TRAF,M32 9HR
12-03-2020 01:00,null,2.53106,0.44746,3.21716,TRAF,M32 9HR
12-03-2020 02:00,null,1.64153,0.35797,2.19041,TRAF,M32 9HR
12-03-2020 03:00,null,1.12799,0.40272,1.74548,TRAF,M32 9HR
12-03-2020 04:00,null,1.53821,0.53696,2.36153,TRAF,M32 9HR
12-03-2020 05:00,null,2.10197,0.80543,3.33695,TRAF,M32 9HR
12-03-2020 06:00,null,6.92483,1.61087,9.3948,TRAF,M32 9HR
12-03-2020 07:00,null,9.02908,1.77867,11.75633,TRAF,M32 9HR
12-03-2020 08:00,null,16.41571,3.45665,21.71584,TRAF,M32 9HR
12-03-2020 09:00,null,13.74256,4.46345,20.58641,TRAF,M32 9HR
12-03-2020 10:00,null,7.43402,2.78546,11.70499,TRAF,M32 9HR
12-03-2020 11:00,null,5.99872,2.18138,9.34346,TRAF,M32 9HR
12-03-2020 12:00,null,5.48582,2.04715,8.62473,TRAF,M32 9HR
12-03-2020 13:00,null,5.48582,2.04715,8.62473,TRAF,M32 9HR
12-03-2020 14:00,null,4.40761,2.08071,7.59798,TRAF,M32 9HR
12-03-2020 15:00,null,5.02486,1.74511,7.70065,TRAF,M32 9HR
12-03-2020 16:00,null,5.84446,2.2485,9.29212,TRAF,M32 9HR
12-03-2020 17:00,null,8.15562,1.98003,11.19162,TRAF,M32 9HR
12-03-2020 18:00,null,8.82565,1.24171,10.72958,TRAF,M32 9HR
12-03-2020 19:00,null,9.03148,1.10747,10.72958,TRAF,M32 9HR
12-03-2020 20:00,null,11.59824,1.14103,13.3478,TRAF,M32 9HR
12-03-2020 21:00,null,8.46772,0.83899,9.75416,TRAF,M32 9HR
12-03-2020 22:00,null,7.18464,0.73831,8.31671,TRAF,M32 9HR
12-03-2020 23:00,null,6.92783,0.77187,8.11135,TRAF,M32 9HR
13-03-2020 00:00,null,5.9012,0.73831,7.03326,TRAF,M32 9HR
13-03-2020 01:00,null,4.24438,0.53724,5.06814,TRAF,M32 9HR
13-03-2020 02:00,null,5.44293,0.53724,6.26668,TRAF,M32 9HR
13-03-2020 03:00,null,5.6994,0.63797,6.67761,TRAF,M32 9HR
13-03-2020 04:00,null,3.49018,0.77228,4.67433,TRAF,M32 9HR
13-03-2020 05:00,null,3.33644,0.67155,4.36613,TRAF,M32 9HR
13-03-2020 06:00,null,3.38768,0.70513,4.46886,TRAF,M32 9HR
13-03-2020 07:00,null,11.65658,1.00733,13.20112,TRAF,M32 9HR
13-03-2020 08:00,null,21.97764,2.01465,25.06672,TRAF,M32 9HR
13-03-2020 09:00,null,20.74058,3.22344,25.68312,TRAF,M32 9HR
13-03-2020 10:00,null,15.29362,3.82784,21.16289,TRAF,M32 9HR
13-03-2020 11:00,null,7.99997,3.7271,13.71479,TRAF,M32 9HR
13-03-2020 12:00,null,9.07594,4.49939,15.9749,TRAF,M32 9HR
13-03-2020 13:00,null,8.55765,5.80891,17.46452,TRAF,M32 9HR
13-03-2020 14:00,null,12.20086,6.88339,22.75524,TRAF,M32 9HR
13-03-2020 15:00,null,11.32514,7.58852,22.96071,TRAF,M32 9HR
13-03-2020 16:00,null,17.54093,7.45421,28.97056,TRAF,M32 9HR
13-03-2020 17:00,null,24.4233,7.65567,36.16183,TRAF,M32 9HR
13-03-2020 18:00,null,21.2883,8.12576,33.74762,TRAF,M32 9HR
13-03-2020 19:00,null,28.84483,6.51404,38.83288,TRAF,M32 9HR
13-03-2020 20:00,null,27.62211,3.65995,33.23396,TRAF,M32 9HR
13-03-2020 21:00,null,28.85704,3.05555,33.54215,TRAF,M32 9HR
13-03-2020 22:00,null,20.23095,2.08181,23.42301,TRAF,M32 9HR
13-03-2020 23:00,null,20.59288,1.41026,22.75524,TRAF,M32 9HR
14-03-2020 00:00,null,17.71602,1.51099,20.03283,TRAF,M32 9HR
14-03-2020 01:00,null,16.78381,1.47819,19.05034,TRAF,M32 9HR
14-03-2020 02:00,null,14.31623,1.65737,16.85749,TRAF,M32 9HR
14-03-2020 03:00,null,10.2217,1.67976,12.7973,TRAF,M32 9HR
14-03-2020 04:00,null,7.44568,1.88134,10.33035,TRAF,M32 9HR
14-03-2020 05:00,null,6.46836,2.1165,9.71362,TRAF,M32 9HR
14-03-2020 06:00,null,7.85473,2.48605,11.66662,TRAF,M32 9HR
14-03-2020 07:00,null,10.8821,3.89705,16.85749,TRAF,M32 9HR
14-03-2020 08:00,null,15.76202,4.63615,22.87068,TRAF,M32 9HR
14-03-2020 09:00,null,13.13901,5.17367,21.07186,TRAF,M32 9HR
14-03-2020 10:00,null,8.15677,4.3002,14.75031,TRAF,M32 9HR
14-03-2020 11:00,null,8.05468,4.09862,14.33915,TRAF,M32 9HR
14-03-2020 12:00,null,7.12899,4.2666,13.67102,TRAF,M32 9HR
14-03-2020 13:00,null,5.64006,3.82986,11.51243,TRAF,M32 9HR
14-03-2020 14:00,null,6.61539,4.16581,13.00288,TRAF,M32 9HR
14-03-2020 15:00,null,6.56365,4.2666,13.10567,TRAF,M32 9HR
14-03-2020 16:00,null,7.69398,4.36739,14.39054,TRAF,M32 9HR
14-03-2020 17:00,null,15.39593,6.45029,25.28624,TRAF,M32 9HR
14-03-2020 18:00,null,15.70465,6.34951,25.44042,TRAF,M32 9HR
14-03-2020 19:00,null,7.90132,3.86346,13.8252,TRAF,M32 9HR
14-03-2020 20:00,null,9.49655,3.29234,14.54473,TRAF,M32 9HR
14-03-2020 21:00,null,7.4925,3.19155,12.38614,TRAF,M32 9HR
14-03-2020 22:00,null,6.72334,2.68762,10.8443,TRAF,M32 9HR
14-03-2020 23:00,null,5.28511,2.45246,9.04548,TRAF,M32 9HR
15-03-2020 00:00,null,4.51454,2.35167,8.12038,TRAF,M32 9HR
15-03-2020 01:00,null,4.31307,1.88233,7.19927,TRAF,M32 9HR
15-03-2020 02:00,null,3.62712,1.97197,6.65075,TRAF,M32 9HR
15-03-2020 03:00,null,3.28321,2.28569,6.78788,TRAF,M32 9HR
15-03-2020 04:00,null,3.17909,2.65543,7.25069,TRAF,M32 9HR
15-03-2020 05:00,null,2.76376,3.79827,8.5877,TRAF,M32 9HR
15-03-2020 06:00,null,5.23,4.40331,11.98164,TRAF,M32 9HR
15-03-2020 07:00,null,5.99764,5.47892,14.39854,TRAF,M32 9HR
15-03-2020 08:00,null,7.02993,4.36969,13.73003,TRAF,M32 9HR
15-03-2020 09:00,null,6.92836,3.99995,13.06153,TRAF,M32 9HR
15-03-2020 10:00,null,7.59848,3.52937,13.01011,TRAF,M32 9HR
15-03-2020 11:00,null,8.36948,3.63021,13.93573,TRAF,M32 9HR
15-03-2020 12:00,null,7.03769,2.11762,10.28467,TRAF,M32 9HR
15-03-2020 13:00,null,7.39777,2.08401,10.59321,TRAF,M32 9HR
15-03-2020 14:00,null,5.29058,1.74788,7.97062,TRAF,M32 9HR
15-03-2020 15:00,null,3.95415,1.57981,6.3765,TRAF,M32 9HR
15-03-2020 16:00,null,3.95299,1.91594,6.89073,TRAF,M32 9HR
15-03-2020 17:00,null,4.98111,2.01678,8.07346,TRAF,M32 9HR
15-03-2020 18:00,null,6.00992,1.91594,8.94766,TRAF,M32 9HR
15-03-2020 19:00,null,8.01532,1.94956,11.0046,TRAF,M32 9HR
15-03-2020 20:00,null,11.3063,1.98317,14.34711,TRAF,M32 9HR
15-03-2020 21:00,null,10.12402,1.84872,12.95868,TRAF,M32 9HR
15-03-2020 22:00,null,9.35418,1.41175,11.51883,TRAF,M32 9HR
15-03-2020 23:00,null,6.52381,2.01678,9.61617,TRAF,M32 9HR
16-03-2020 00:00,null,6.16454,1.8151,8.94766,TRAF,M32 9HR
16-03-2020 01:00,null,6.9918,1.65912,9.53575,TRAF,M32 9HR
16-03-2020 02:00,null,5.54924,2.21963,8.95263,TRAF,M32 9HR
16-03-2020 03:00,null,3.33681,2.21963,6.7402,TRAF,M32 9HR
16-03-2020 04:00,null,4.41524,2.82499,8.74682,TRAF,M32 9HR
16-03-2020 05:00,null,4.62276,2.32052,8.18085,TRAF,M32 9HR
16-03-2020 06:00,null,7.0386,3.02677,11.67958,TRAF,M32 9HR
16-03-2020 07:00,null,23.38975,6.1208,32.77486,TRAF,M32 9HR
16-03-2020 08:00,null,40.70177,14.12493,62.35969,TRAF,M32 9HR
16-03-2020 09:00,null,33.66558,10.39192,49.59962,TRAF,M32 9HR
16-03-2020 10:00,null,19.11478,7.43241,30.51097,TRAF,M32 9HR
16-03-2020 11:00,null,12.4352,4.74194,19.70608,TRAF,M32 9HR
16-03-2020 12:00,null,9.86432,4.23748,16.3617,TRAF,M32 9HR
16-03-2020 13:00,null,9.85974,5.58271,18.41978,TRAF,M32 9HR
16-03-2020 14:00,null,5.59439,4.06933,11.83394,TRAF,M32 9HR
16-03-2020 15:00,null,6.26303,4.13659,12.60571,TRAF,M32 9HR
16-03-2020 16:00,null,7.29517,3.22856,12.24555,TRAF,M32 9HR
16-03-2020 17:00,null,8.78326,4.40563,15.53847,TRAF,M32 9HR
16-03-2020 18:00,null,8.78292,4.50653,15.69283,TRAF,M32 9HR
16-03-2020 19:00,null,9.24495,4.8092,16.61896,TRAF,M32 9HR
16-03-2020 20:00,null,8.99067,3.9348,15.02395,TRAF,M32 9HR
16-03-2020 21:00,null,8.42757,3.09403,13.17168,TRAF,M32 9HR
16-03-2020 22:00,null,7.75995,2.72409,11.93684,TRAF,M32 9HR
16-03-2020 23:00,null,6.98795,2.79136,11.26796,TRAF,M32 9HR
17-03-2020 00:00,null,4.87876,2.69046,9.00408,TRAF,M32 9HR
17-03-2020 01:00,null,5.0017,2.69188,9.1292,TRAF,M32 9HR
17-03-2020 02:00,null,4.11013,2.46756,7.89367,TRAF,M32 9HR
17-03-2020 03:00,null,4.10881,2.86013,8.49427,TRAF,M32 9HR
17-03-2020 04:00,null,4.36315,3.76864,10.14165,TRAF,M32 9HR
17-03-2020 05:00,null,4.77465,3.86958,10.70793,TRAF,M32 9HR
17-03-2020 06:00,null,6.575,4.30701,13.17899,TRAF,M32 9HR
17-03-2020 07:00,null,11.67258,4.00418,17.81223,TRAF,M32 9HR
17-03-2020 08:00,null,20.4686,6.12404,29.85866,TRAF,M32 9HR
17-03-2020 09:00,null,17.01828,6.46052,26.92427,TRAF,M32 9HR
17-03-2020 10:00,null,10.07453,4.6435,17.19447,TRAF,M32 9HR
17-03-2020 11:00,null,9.14879,4.37431,15.85598,TRAF,M32 9HR
17-03-2020 12:00,null,6.83512,3.49945,12.20087,TRAF,M32 9HR
17-03-2020 13:00,null,5.39389,3.43215,10.65645,TRAF,M32 9HR
17-03-2020 14:00,null,4.82602,3.90323,10.81089,TRAF,M32 9HR
17-03-2020 15:00,null,5.95893,3.80229,11.78902,TRAF,M32 9HR
17-03-2020 16:00,null,5.49504,3.97053,11.5831,TRAF,M32 9HR
17-03-2020 17:00,null,5.95746,4.23972,12.45827,TRAF,M32 9HR
17-03-2020 18:00,null,6.26793,3.76864,12.04642,TRAF,M32 9HR
17-03-2020 19:00,null,5.96029,3.3985,11.17126,TRAF,M32 9HR
17-03-2020 20:00,null,5.90915,3.29756,10.96533,TRAF,M32 9HR
17-03-2020 21:00,null,5.65243,3.09567,10.39905,TRAF,M32 9HR
17-03-2020 22:00,null,5.34332,3.16296,10.19313,TRAF,M32 9HR
17-03-2020 23:00,null,3.64412,3.26391,8.64872,TRAF,M32 9HR
18-03-2020 00:00,null,3.43877,3.09567,8.18539,TRAF,M32 9HR
18-03-2020 01:00,null,3.42199,3.59107,8.92823,TRAF,M32 9HR
18-03-2020 02:00,null,2.92426,3.53496,8.34446,TRAF,M32 9HR
18-03-2020 03:00,null,4.11367,2.12098,7.36579,TRAF,M32 9HR
18-03-2020 04:00,null,2.92605,2.9963,7.52031,TRAF,M32 9HR
18-03-2020 05:00,null,3.33521,3.87163,9.27162,TRAF,M32 9HR
18-03-2020 06:00,null,4.98562,3.23197,9.94124,TRAF,M32 9HR
18-03-2020 07:00,null,15.02573,4.47762,21.89132,TRAF,M32 9HR
18-03-2020 08:00,null,24.44695,5.95894,33.58386,TRAF,M32 9HR
18-03-2020 09:00,null,17.4461,4.64595,24.56979,TRAF,M32 9HR
18-03-2020 10:00,null,13.38092,3.43396,18.64626,TRAF,M32 9HR
18-03-2020 11:00,null,13.99824,3.66963,19.62493,TRAF,M32 9HR
18-03-2020 12:00,null,9.98245,3.0973,14.73157,TRAF,M32 9HR
18-03-2020 13:00,null,9.88111,2.59231,13.85592,TRAF,M32 9HR
18-03-2020 14:00,null,9.52032,2.65964,13.59837,TRAF,M32 9HR
18-03-2020 15:00,null,8.49092,2.42397,12.20763,TRAF,M32 9HR
18-03-2020 16:00,null,9.67619,2.25564,13.13479,TRAF,M32 9HR
18-03-2020 17:00,null,11.11766,2.49131,14.93761,TRAF,M32 9HR
18-03-2020 18:00,null,12.56069,2.25564,16.0193,TRAF,M32 9HR
18-03-2020 19:00,null,17.75851,3.63596,23.33358,TRAF,M32 9HR
18-03-2020 20:00,null,17.19494,2.72697,21.37623,TRAF,M32 9HR
18-03-2020 21:00,null,22.63988,7.23826,33.73839,TRAF,M32 9HR
18-03-2020 22:00,null,22.7326,10.33556,38.58024,TRAF,M32 9HR
18-03-2020 23:00,null,33.91028,10.26823,49.65467,TRAF,M32 9HR
19-03-2020 00:00,null,32.14789,13.60119,53.00276,TRAF,M32 9HR
19-03-2020 01:00,null,32.1833,13.65328,53.11803,TRAF,M32 9HR
19-03-2020 02:00,null,39.1778,18.09958,66.93009,TRAF,M32 9HR
19-03-2020 03:00,null,31.94706,17.58309,58.90741,TRAF,M32 9HR
19-03-2020 04:00,null,27.77672,16.30309,52.77445,TRAF,M32 9HR
19-03-2020 05:00,null,28.02766,18.35782,56.17592,TRAF,M32 9HR
19-03-2020 06:00,null,28.94571,21.28833,61.58737,TRAF,M32 9HR
19-03-2020 07:00,null,29.33721,27.62094,71.68872,TRAF,M32 9HR
19-03-2020 08:00,null,39.10387,51.06505,117.40253,TRAF,M32 9HR
19-03-2020 09:00,null,44.12196,29.6083,89.52072,TRAF,M32 9HR
19-03-2020 10:00,null,37.29922,19.94097,67.87495,TRAF,M32 9HR
19-03-2020 11:00,null,23.57056,10.23996,39.27161,TRAF,M32 9HR
19-03-2020 12:00,null,25.21677,11.14943,42.31232,TRAF,M32 9HR
19-03-2020 13:00,null,16.7206,8.85891,30.30408,TRAF,M32 9HR
19-03-2020 14:00,null,15.89988,7.67997,27.67566,TRAF,M32 9HR
19-03-2020 15:00,null,11.5747,6.46734,21.49116,TRAF,M32 9HR
19-03-2020 16:00,null,12.70466,7.64629,24.4288,TRAF,M32 9HR
19-03-2020 17:00,null,16.82501,8.4547,29.7887,TRAF,M32 9HR
19-03-2020 18:00,null,20.73611,10.20627,36.38551,TRAF,M32 9HR
19-03-2020 19:00,null,24.60629,8.72418,37.98317,TRAF,M32 9HR
19-03-2020 20:00,null,27.13108,8.8926,40.7662,TRAF,M32 9HR
19-03-2020 21:00,null,29.59879,10.74522,46.07457,TRAF,M32 9HR
19-03-2020 22:00,null,38.24426,14.65257,60.71123,TRAF,M32 9HR
19-03-2020 23:00,null,42.62695,14.04626,64.16424,TRAF,M32 9HR
20-03-2020 00:00,null,44.4395,11.38522,61.89659,TRAF,M32 9HR
20-03-2020 01:00,null,31.3242,8.62767,44.55311,TRAF,M32 9HR
20-03-2020 02:00,null,27.53758,10.20042,43.17801,TRAF,M32 9HR
20-03-2020 03:00,null,20.85847,7.95363,33.05387,TRAF,M32 9HR
20-03-2020 04:00,null,12.35454,6.57186,22.43125,TRAF,M32 9HR
20-03-2020 05:00,null,13.74388,7.48181,25.21582,TRAF,M32 9HR
20-03-2020 06:00,null,17.04651,6.74037,27.3816,TRAF,M32 9HR
20-03-2020 07:00,null,24.98266,8.29065,37.69482,TRAF,M32 9HR
20-03-2020 08:00,null,29.04939,10.44757,45.06877,TRAF,M32 9HR
20-03-2020 09:00,null,17.7184,6.26854,27.33003,TRAF,M32 9HR
20-03-2020 10:00,null,12.51548,4.65085,19.64668,TRAF,M32 9HR
20-03-2020 11:00,null,10.35309,3.6061,15.88236,TRAF,M32 9HR
20-03-2020 12:00,null,5.7175,1.95471,8.71467,TRAF,M32 9HR
20-03-2020 13:00,8.7,5.82096,1.8536,8.66311,TRAF,M32 9HR
20-03-2020 14:00,10.6,6.64383,2.52764,10.51948,TRAF,M32 9HR
20-03-2020 15:00,9.7,8.60203,2.93206,13.09779,TRAF,M32 9HR
20-03-2020 16:00,7.7,6.13003,1.95471,9.1272,TRAF,M32 9HR
20-03-2020 17:00,13.5,10.35691,2.42653,14.07754,TRAF,M32 9HR
20-03-2020 18:00,9.7,11.18263,2.22432,14.59321,TRAF,M32 9HR
20-03-2020 19:00,7.7,15.05041,2.12322,18.30596,TRAF,M32 9HR
20-03-2020 20:00,13.5,16.69998,2.29172,20.21391,TRAF,M32 9HR
20-03-2020 21:00,11.6,17.83312,2.69615,21.96716,TRAF,M32 9HR
20-03-2020 22:00,9.7,14.84349,2.32543,18.4091,TRAF,M32 9HR
20-03-2020 23:00,10.6,14.12168,2.29172,17.6356,TRAF,M32 9HR
21-03-2020 00:00,13.5,11.1327,1.71879,13.76815,TRAF,M32 9HR
21-03-2020 01:00,9.7,10.03929,1.39374,12.17634,TRAF,M32 9HR
21-03-2020 02:00,8.7,6.80632,1.30382,8.80549,TRAF,M32 9HR
21-03-2020 03:00,15.5,6.75544,1.07903,8.40993,TRAF,M32 9HR
21-03-2020 04:00,8.7,5.92896,1.3825,8.04877,TRAF,M32 9HR
21-03-2020 05:00,10.6,5.30928,1.5511,7.6876,TRAF,M32 9HR
21-03-2020 06:00,10.6,6.80563,1.51738,9.13225,TRAF,M32 9HR
21-03-2020 07:00,14.5,4.69231,0.87671,6.03657,TRAF,M32 9HR
21-03-2020 08:00,17.4,5.4142,1.01159,6.96528,TRAF,M32 9HR
21-03-2020 09:00,10.6,6.18769,1.14647,7.94558,TRAF,M32 9HR
21-03-2020 10:00,14.5,5.92885,1.41622,8.10036,TRAF,M32 9HR
21-03-2020 11:00,13.5,6.5455,2.19177,9.90617,TRAF,M32 9HR
21-03-2020 12:00,10.6,5.92744,1.85458,8.77109,TRAF,M32 9HR
21-03-2020 13:00,10.6,5.30723,2.19177,8.6679,TRAF,M32 9HR
21-03-2020 14:00,10.6,5.41128,1.92202,8.35833,TRAF,M32 9HR
21-03-2020 15:00,11.6,5.82469,1.7197,8.46152,TRAF,M32 9HR
21-03-2020 16:00,11.6,6.75404,1.51738,9.08066,TRAF,M32 9HR
21-03-2020 17:00,15.5,7.16701,1.44994,9.39023,TRAF,M32 9HR
21-03-2020 18:00,16.4,7.94072,1.51738,10.26734,TRAF,M32 9HR
21-03-2020 19:00,14.5,10.46972,1.24763,12.38272,TRAF,M32 9HR
21-03-2020 20:00,13.5,10.72596,1.78714,13.4662,TRAF,M32 9HR
21-03-2020 21:00,11.6,10.93364,1.3825,13.05345,TRAF,M32 9HR
21-03-2020 22:00,16.4,10.9345,1.11275,12.64069,TRAF,M32 9HR
21-03-2020 23:00,10.6,11.03747,1.18019,12.84707,TRAF,M32 9HR
22-03-2020 00:00,12.6,13.09867,1.98946,16.14913,TRAF,M32 9HR
22-03-2020 01:00,16.4,15.20267,2.83394,19.54798,TRAF,M32 9HR
22-03-2020 02:00,17.4,20.58475,4.08222,26.84406,TRAF,M32 9HR
22-03-2020 03:00,10.6,17.22518,5.36424,25.45024,TRAF,M32 9HR
22-03-2020 04:00,16.4,17.52863,7.35474,28.80574,TRAF,M32 9HR
22-03-2020 05:00,11.6,21.85964,9.04161,35.72325,TRAF,M32 9HR
22-03-2020 06:00,16.4,21.24049,8.9404,34.94891,TRAF,M32 9HR
22-03-2020 07:00,14.5,23.30883,7.8608,35.36189,TRAF,M32 9HR
22-03-2020 08:00,10.6,19.94777,9.61515,34.69079,TRAF,M32 9HR
22-03-2020 09:00,14.5,12.73759,4.21717,19.20383,TRAF,M32 9HR
22-03-2020 10:00,10.6,7.63127,2.83394,11.97658,TRAF,M32 9HR
22-03-2020 11:00,11.6,7.11483,2.90141,11.5636,TRAF,M32 9HR
22-03-2020 12:00,15.5,6.03234,2.39535,9.70516,TRAF,M32 9HR
22-03-2020 13:00,12.6,7.21743,3.10384,11.97658,TRAF,M32 9HR
22-03-2020 14:00,10.6,7.83638,3.27252,12.85418,TRAF,M32 9HR
22-03-2020 15:00,11.6,7.7855,3.03636,12.44119,TRAF,M32 9HR
22-03-2020 16:00,12.6,8.19646,3.67737,13.83502,TRAF,M32 9HR
22-03-2020 17:00,16.4,9.43926,2.46283,13.21554,TRAF,M32 9HR
22-03-2020 18:00,17.4,11.40019,2.69899,15.53858,TRAF,M32 9HR
22-03-2020 19:00,16.4,15.9937,3.00262,20.59766,TRAF,M32 9HR
22-03-2020 20:00,20.3,16.15038,2.42909,19.87493,TRAF,M32 9HR
22-03-2020 21:00,21.3,21.61497,4.79071,28.96062,TRAF,M32 9HR
22-03-2020 22:00,19.3,16.66427,3.17131,21.52687,TRAF,M32 9HR
22-03-2020 23:00,19.3,12.33133,2.09172,15.53858,TRAF,M32 9HR
23-03-2020 00:00,19.3,15.51959,6.00525,24.72751,TRAF,M32 9HR
23-03-2020 01:00,14.5,13.75821,4.99576,21.41826,TRAF,M32 9HR
23-03-2020 02:00,17.4,16.36736,7.51614,27.89194,TRAF,M32 9HR
23-03-2020 03:00,13.5,15.83791,6.14343,25.25771,TRAF,M32 9HR
23-03-2020 04:00,19.3,14.65182,5.53584,23.13998,TRAF,M32 9HR
23-03-2020 05:00,18.4,20.5866,7.18984,31.61087,TRAF,M32 9HR
23-03-2020 06:00,24.2,29.2154,6.2447,38.79046,TRAF,M32 9HR
23-03-2020 07:00,25.1,32.05382,7.02106,42.8193,TRAF,M32 9HR
23-03-2020 08:00,24.2,34.78704,8.40502,47.67456,TRAF,M32 9HR
23-03-2020 09:00,21.3,32.25737,7.99996,44.52381,TRAF,M32 9HR
23-03-2020 10:00,15.5,18.11343,5.23204,26.13579,TRAF,M32 9HR
23-03-2020 11:00,18.4,13.82634,5.23204,21.84869,TRAF,M32 9HR
23-03-2020 12:00,16.4,13.56439,6.41347,23.39824,TRAF,M32 9HR
23-03-2020 13:00,16.4,14.49338,6.64976,24.68954,TRAF,M32 9HR
23-03-2020 14:00,18.4,13.92753,5.90715,22.98503,TRAF,M32 9HR
23-03-2020 15:00,16.4,14.13583,5.36706,22.36521,TRAF,M32 9HR
23-03-2020 16:00,18.4,15.89167,5.46833,24.27632,TRAF,M32 9HR
23-03-2020 17:00,17.4,16.92376,5.77212,25.77422,TRAF,M32 9HR
23-03-2020 18:00,18.4,21.46848,5.97466,30.62949,TRAF,M32 9HR
23-03-2020 19:00,27.1,42.11853,9.38392,56.50701,TRAF,M32 9HR
23-03-2020 20:00,23.2,39.43844,7.52739,50.98028,TRAF,M32 9HR
23-03-2020 21:00,29,37.65846,15.15605,60.89741,TRAF,M32 9HR
23-03-2020 22:00,28,41.32595,15.08854,64.46138,TRAF,M32 9HR
23-03-2020 23:00,21.3,24.30511,7.32486,35.5364,TRAF,M32 9HR
24-03-2020 00:00,21.3,26.16636,6.75102,36.51779,TRAF,M32 9HR
24-03-2020 01:00,21.3,26.58037,5.7639,35.41823,TRAF,M32 9HR
24-03-2020 02:00,21.3,19.30544,7.46381,30.74978,TRAF,M32 9HR
24-03-2020 03:00,19.3,19.25917,5.70762,28.01072,TRAF,M32 9HR
24-03-2020 04:00,21.3,17.55351,5.77516,26.40863,TRAF,M32 9HR
24-03-2020 05:00,17.4,18.37269,8.27435,31.05986,TRAF,M32 9HR
24-03-2020 06:00,17.4,19.93132,5.6063,28.52753,TRAF,M32 9HR
24-03-2020 07:00,24.2,26.75302,5.64007,35.401,TRAF,M32 9HR
24-03-2020 08:00,30,29.9547,6.45062,39.84551,TRAF,M32 9HR
24-03-2020 09:00,29,26.53568,9.0849,40.46567,TRAF,M32 9HR
24-03-2020 10:00,25.1,20.59672,7.70022,32.40355,TRAF,M32 9HR
24-03-2020 11:00,30,16.61993,6.85589,27.13216,TRAF,M32 9HR
24-03-2020 12:00,26.1,14.96835,6.14666,24.3931,TRAF,M32 9HR
24-03-2020 13:00,30,11.19943,4.93084,18.75995,TRAF,M32 9HR
24-03-2020 14:00,28,9.96265,3.78256,15.76249,TRAF,M32 9HR
24-03-2020 15:00,26.1,10.27356,3.51238,15.65913,TRAF,M32 9HR
24-03-2020 16:00,31.9,10.37661,3.6137,15.91753,TRAF,M32 9HR
24-03-2020 17:00,34.8,12.13342,3.71502,17.8297,TRAF,M32 9HR
24-03-2020 18:00,31.9,14.82028,3.88388,20.77548,TRAF,M32 9HR
24-03-2020 19:00,31.9,14.56178,3.91765,20.56876,TRAF,M32 9HR
24-03-2020 20:00,32.9,16.0604,3.95143,22.11917,TRAF,M32 9HR
24-03-2020 21:00,34.8,16.98867,4.59311,24.03134,TRAF,M32 9HR
24-03-2020 22:00,33.8,18.32944,5.53875,26.82207,TRAF,M32 9HR
24-03-2020 23:00,31.9,17.91569,5.64007,26.56367,TRAF,M32 9HR
25-03-2020 00:00,31.9,17.08579,6.61948,27.23552,TRAF,M32 9HR
25-03-2020 01:00,30,18.65441,9.77676,33.64522,TRAF,M32 9HR
25-03-2020 02:00,30,20.12372,14.0569,41.67733,TRAF,M32 9HR
25-03-2020 03:00,27.1,19.85274,18.14557,47.67556,TRAF,M32 9HR
25-03-2020 04:00,23.2,19.64847,17.3008,46.176,TRAF,M32 9HR
25-03-2020 05:00,24.2,17.43742,13.21214,37.69575,TRAF,M32 9HR
25-03-2020 06:00,19.3,21.87668,15.74644,46.02088,TRAF,M32 9HR
25-03-2020 07:00,22.2,36.08562,19.36203,65.77366,TRAF,M32 9HR
25-03-2020 08:00,23.2,38.52806,15.37474,62.10233,TRAF,M32 9HR
25-03-2020 09:00,15.5,27.26478,12.33358,46.176,TRAF,M32 9HR
25-03-2020 10:00,20.3,21.22275,9.7317,36.14449,TRAF,M32 9HR
25-03-2020 11:00,21.3,17.60888,7.83943,29.62917,TRAF,M32 9HR
25-03-2020 12:00,26.1,12.0307,5.74441,20.83867,TRAF,M32 9HR
25-03-2020 13:00,25.1,9.55196,4.66311,16.70196,TRAF,M32 9HR
25-03-2020 14:00,26.1,8.25975,4.49415,15.15069,TRAF,M32 9HR
25-03-2020 15:00,22.2,8.88386,3.31148,13.96139,TRAF,M32 9HR
25-03-2020 16:00,24.2,10.17555,3.64939,15.7712,TRAF,M32 9HR
25-03-2020 17:00,20.3,11.4142,4.42657,18.20152,TRAF,M32 9HR
25-03-2020 18:00,24.2,16.16227,7.43394,27.56082,TRAF,M32 9HR
25-03-2020 19:00,24.2,26.17961,12.09705,44.72816,TRAF,M32 9HR
25-03-2020 20:00,24.2,43.79106,19.09171,73.06461,TRAF,M32 9HR
25-03-2020 21:00,43.5,60.7856,24.9037,98.97074,TRAF,M32 9HR
25-03-2020 22:00,43.5,67.99885,33.45273,119.29232,TRAF,M32 9HR
25-03-2020 23:00,46.4,63.78287,25.51193,102.90061,TRAF,M32 9HR
26-03-2020 00:00,39.6,52.76395,27.13388,94.36865,TRAF,M32 9HR
26-03-2020 01:00,35.7,46.41787,25.60422,85.67714,TRAF,M32 9HR
26-03-2020 02:00,26.1,32.56009,22.98971,67.81049,TRAF,M32 9HR
26-03-2020 03:00,30,31.59362,23.22637,67.20688,TRAF,M32 9HR
26-03-2020 04:00,26.1,32.68599,21.26548,65.2926,TRAF,M32 9HR
26-03-2020 05:00,35.7,42.05137,20.96121,74.19143,TRAF,M32 9HR
26-03-2020 06:00,35.7,37.2263,25.45772,76.26093,TRAF,M32 9HR
26-03-2020 07:00,30,44.22009,39.62344,104.97519,TRAF,M32 9HR
26-03-2020 08:00,46.4,45.52359,53.51869,127.58443,TRAF,M32 9HR
26-03-2020 09:00,54.1,50.67826,59.87467,142.4848,TRAF,M32 9HR
26-03-2020 10:00,47.3,47.00335,25.89723,86.71188,TRAF,M32 9HR
26-03-2020 11:00,30.9,34.93037,14.70665,57.48025,TRAF,M32 9HR
26-03-2020 12:00,23.2,26.82392,9.2635,41.02776,TRAF,M32 9HR
26-03-2020 13:00,18.4,21.39687,7.47166,32.85325,TRAF,M32 9HR
26-03-2020 14:00,9.7,13.07425,5.10507,20.90191,TRAF,M32 9HR
26-03-2020 15:00,15.5,15.19761,4.39509,21.93666,TRAF,M32 9HR
26-03-2020 16:00,22.2,18.66513,4.0232,24.83395,TRAF,M32 9HR
26-03-2020 17:00,24.2,20.27021,3.6175,25.81696,TRAF,M32 9HR
26-03-2020 18:00,40.6,28.90894,4.09082,35.18143,TRAF,M32 9HR
26-03-2020 19:00,38.6,33.86954,6.15313,43.3042,TRAF,M32 9HR
26-03-2020 20:00,39.6,30.66436,5.30792,38.80305,TRAF,M32 9HR
26-03-2020 21:00,40.6,42.80987,9.56778,57.48025,TRAF,M32 9HR
26-03-2020 22:00,39.6,37.01923,8.24925,49.6679,TRAF,M32 9HR
26-03-2020 23:00,45.4,25.48048,8.68876,38.80305,TRAF,M32 9HR
27-03-2020 00:00,36.7,25.78644,10.17633,41.38992,TRAF,M32 9HR
27-03-2020 01:00,45.4,21.86159,6.13381,31.26663,TRAF,M32 9HR
27-03-2020 02:00,41.5,25.12142,12.44803,44.20812,TRAF,M32 9HR
27-03-2020 03:00,47.3,37.9028,14.07168,59.47908,TRAF,M32 9HR
27-03-2020 04:00,45.4,26.73537,9.33602,41.0504,TRAF,M32 9HR
27-03-2020 05:00,36.7,23.11506,8.21976,35.71851,TRAF,M32 9HR
27-03-2020 06:00,44.4,25.60613,6.08871,34.94202,TRAF,M32 9HR
27-03-2020 07:00,45.4,36.62467,8.6595,49.90238,TRAF,M32 9HR
27-03-2020 08:00,36.7,24.05605,5.10775,31.88783,TRAF,M32 9HR
27-03-2020 09:00,45.4,22.80867,6.79906,33.23374,TRAF,M32 9HR
27-03-2020 10:00,29,18.6757,3.99149,24.79589,TRAF,M32 9HR
27-03-2020 11:00,30,13.29644,2.50314,17.13453,TRAF,M32 9HR
27-03-2020 12:00,28,17.22695,3.7547,22.98408,TRAF,M32 9HR
27-03-2020 13:00,30,22.19198,5.27688,30.28308,TRAF,M32 9HR
27-03-2020 14:00,27.1,16.50363,3.28114,21.53464,TRAF,M32 9HR
27-03-2020 15:00,28,14.38223,2.94288,18.89457,TRAF,M32 9HR
27-03-2020 16:00,24.2,13.55477,2.67227,17.65219,TRAF,M32 9HR
27-03-2020 17:00,21.3,13.86607,2.43548,17.60042,TRAF,M32 9HR
27-03-2020 18:00,26.1,16.45517,2.16487,19.77459,TRAF,M32 9HR
27-03-2020 19:00,27.1,20.12875,2.77374,24.38176,TRAF,M32 9HR
27-03-2020 20:00,32.9,21.78155,4.02531,27.95361,TRAF,M32 9HR
27-03-2020 21:00,27.1,25.40237,4.97245,33.02668,TRAF,M32 9HR
27-03-2020 22:00,30,25.96919,5.85193,34.94202,TRAF,M32 9HR
27-03-2020 23:00,30,23.37939,6.35932,33.13021,TRAF,M32 9HR
28-03-2020 00:00,34.8,19.29309,5.27688,27.38419,TRAF,M32 9HR
28-03-2020 01:00,39.6,17.45924,4.37715,24.17077,TRAF,M32 9HR
28-03-2020 02:00,27.1,12.21547,2.75264,16.43612,TRAF,M32 9HR
28-03-2020 03:00,11.6,10.81715,2.70751,14.96861,TRAF,M32 9HR
28-03-2020 04:00,10.6,8.02262,1.89526,10.92864,TRAF,M32 9HR
28-03-2020 05:00,7.7,7.55607,2.03063,10.66967,TRAF,M32 9HR
28-03-2020 06:00,4.8,9.41722,3.21517,14.34708,TRAF,M32 9HR
28-03-2020 07:00,7.7,12.31524,4.06127,18.54243,TRAF,M32 9HR
28-03-2020 08:00,8.7,9.31511,2.70751,13.46657,TRAF,M32 9HR
28-03-2020 09:00,8.7,8.64366,2.06448,11.80915,TRAF,M32 9HR
28-03-2020 10:00,7.7,8.90174,2.36907,12.53427,TRAF,M32 9HR
28-03-2020 11:00,13.5,7.76177,2.53829,11.65376,TRAF,M32 9HR
28-03-2020 12:00,9.7,7.60648,2.50445,11.44659,TRAF,M32 9HR
28-03-2020 13:00,7.7,7.70958,2.67367,11.80915,TRAF,M32 9HR
28-03-2020 14:00,14.5,8.74616,2.43676,12.48247,TRAF,M32 9HR
28-03-2020 15:00,13.5,6.77747,2.60598,10.77326,TRAF,M32 9HR
28-03-2020 16:00,11.6,8.53849,2.60598,12.53427,TRAF,M32 9HR
28-03-2020 17:00,9.7,7.19193,2.57214,11.13582,TRAF,M32 9HR
28-03-2020 18:00,15.5,8.3321,2.33523,11.91274,TRAF,M32 9HR
28-03-2020 19:00,16.4,8.17741,2.09832,11.39479,TRAF,M32 9HR
28-03-2020 20:00,11.6,9.52406,2.09832,12.74145,TRAF,M32 9HR
28-03-2020 21:00,14.5,9.62696,2.33523,13.2076,TRAF,M32 9HR
28-03-2020 22:00,10.6,9.98943,2.36907,13.62195,TRAF,M32 9HR
28-03-2020 23:00,11.6,9.05693,2.43676,12.79324,TRAF,M32 9HR
29-03-2020 00:00,10.6,7.1942,1.79373,9.94455,TRAF,M32 9HR
29-03-2020 01:00,14.5,6.69855,1.35447,8.77537,TRAF,M32 9HR
29-03-2020 02:00,16.4,6.11142,1.28674,8.0844,TRAF,M32 9HR
29-03-2020 03:00,9.7,6.52581,1.35447,8.60263,TRAF,M32 9HR
29-03-2020 04:00,7.7,5.43898,0.84654,6.737,TRAF,M32 9HR
29-03-2020 05:00,17.4,6.73427,0.94813,8.18804,TRAF,M32 9HR
29-03-2020 06:00,10.6,6.42353,0.8804,7.77346,TRAF,M32 9HR
29-03-2020 07:00,8.7,6.42353,0.8804,7.77346,TRAF,M32 9HR
29-03-2020 08:00,8.7,5.07671,0.67723,6.11512,TRAF,M32 9HR
29-03-2020 09:00,10.6,5.23179,0.81268,6.47788,TRAF,M32 9HR
29-03-2020 10:00,8.7,4.55721,1.11744,6.27059,TRAF,M32 9HR
29-03-2020 11:00,7.7,4.86737,1.38833,6.99611,TRAF,M32 9HR
29-03-2020 12:00,6.8,5.43606,1.86239,8.29169,TRAF,M32 9HR
29-03-2020 13:00,10.6,5.22809,2.09942,8.44716,TRAF,M32 9HR
29-03-2020 14:00,10.6,6.36751,2.33646,9.95003,TRAF,M32 9HR
29-03-2020 15:00,9.7,6.52269,2.43804,10.26096,TRAF,M32 9HR
29-03-2020 16:00,8.7,6.83324,2.57349,10.77919,TRAF,M32 9HR
29-03-2020 17:00,8.7,6.57461,2.40418,10.26096,TRAF,M32 9HR
29-03-2020 18:00,8.7,9.16527,2.57349,13.11123,TRAF,M32 9HR
29-03-2020 19:00,7.7,11.02749,3.75865,16.79067,TRAF,M32 9HR
29-03-2020 20:00,11.6,13.87445,4.90994,21.40292,TRAF,M32 9HR
29-03-2020 21:00,10.6,22.78256,6.8062,33.21858,TRAF,M32 9HR
29-03-2020 22:00,16.4,25.52528,8.16066,38.03812,TRAF,M32 9HR
29-03-2020 23:00,16.4,24.12508,8.49928,37.15713,TRAF,M32 9HR
30-03-2020 00:00,12.6,19.97924,8.49928,33.01129,TRAF,M32 9HR
30-03-2020 01:00,11.6,17.05582,7.27279,28.20727,TRAF,M32 9HR
30-03-2020 02:00,13.5,17.40022,7.72451,29.24431,TRAF,M32 9HR
30-03-2020 03:00,9.7,16.26006,7.52124,27.79246,TRAF,M32 9HR
30-03-2020 04:00,14.5,19.73489,7.2502,30.8517,TRAF,M32 9HR
30-03-2020 05:00,16.4,26.16401,7.4196,37.54056,TRAF,M32 9HR
30-03-2020 06:00,14.5,33.36551,9.48624,47.91088,TRAF,M32 9HR
30-03-2020 07:00,19.3,47.79952,20.97137,79.95517,TRAF,M32 9HR
30-03-2020 08:00,21.3,48.71535,27.13743,90.32549,TRAF,M32 9HR
30-03-2020 09:00,8.7,28.78681,15.04247,51.8516,TRAF,M32 9HR
30-03-2020 10:00,6.8,14.0341,6.23382,23.59248,TRAF,M32 9HR
30-03-2020 11:00,7.7,14.08797,5.52235,22.55545,TRAF,M32 9HR
30-03-2020 12:00,9.7,14.03362,6.40321,23.85174,TRAF,M32 9HR
30-03-2020 13:00,9.7,12.11789,5.42071,20.42953,TRAF,M32 9HR
30-03-2020 14:00,11.6,12.89384,6.06442,22.19249,TRAF,M32 9HR
30-03-2020 15:00,15.5,15.07074,6.36933,24.83692,TRAF,M32 9HR
30-03-2020 16:00,12.6,13.10442,4.9464,20.68879,TRAF,M32 9HR
30-03-2020 17:00,9.7,12.43121,4.64148,19.54806,TRAF,M32 9HR
30-03-2020 18:00,6.8,12.17186,4.67536,19.34065,TRAF,M32 9HR
30-03-2020 19:00,6.8,10.61871,3.82838,16.48881,TRAF,M32 9HR
30-03-2020 20:00,5.8,12.11953,4.84476,19.54806,TRAF,M32 9HR
30-03-2020 21:00,6.8,18.53701,9.11357,32.51096,TRAF,M32 9HR
30-03-2020 22:00,8.7,17.60551,8.46986,30.59245,TRAF,M32 9HR
30-03-2020 23:00,11.6,16.05256,7.55511,27.6369,TRAF,M32 9HR
31-03-2020 00:00,9.7,13.4088,7.31796,24.62951,TRAF,M32 9HR
31-03-2020 01:00,12.6,17.56384,8.13533,30.03784,TRAF,M32 9HR
31-03-2020 02:00,9.7,15.71131,8.71158,29.06888,TRAF,M32 9HR
31-03-2020 03:00,9.7,13.99991,7.89805,26.11008,TRAF,M32 9HR
31-03-2020 04:00,5.8,15.75805,11.35556,33.16966,TRAF,M32 9HR
31-03-2020 05:00,6.8,11.50896,7.55908,23.09937,TRAF,M32 9HR
31-03-2020 06:00,4.8,17.3702,9.83019,32.44294,TRAF,M32 9HR
31-03-2020 07:00,5.8,22.25074,9.25393,36.43991,TRAF,M32 9HR
31-03-2020 08:00,3.9,22.82393,8.13533,35.29792,TRAF,M32 9HR
31-03-2020 09:00,1,13.53717,5.62694,22.16502,TRAF,M32 9HR
31-03-2020 10:00,1.9,12.81144,5.11848,20.65967,TRAF,M32 9HR
31-03-2020 11:00,2.9,10.32135,4.33884,16.97415,TRAF,M32 9HR
31-03-2020 12:00,7.7,8.29777,3.89818,14.27489,TRAF,M32 9HR
31-03-2020 13:00,5.8,11.5653,5.28796,19.6734,TRAF,M32 9HR
31-03-2020 14:00,3.9,13.22327,6.88113,23.77419,TRAF,M32 9HR
31-03-2020 15:00,1.9,8.39927,5.08458,16.19552,TRAF,M32 9HR
31-03-2020 16:00,5.8,11.24915,7.69466,23.04747,TRAF,M32 9HR
31-03-2020 17:00,11.6,14.88348,7.32179,26.11008,TRAF,M32 9HR
31-03-2020 18:00,8.7,17.94723,6.74554,28.29025,TRAF,M32 9HR
31-03-2020 19:00,11.6,20.48784,8.23702,33.11776,TRAF,M32 9HR
31-03-2020 20:00,10.6,17.99662,8.03364,30.31468,TRAF,M32 9HR
31-03-2020 21:00,10.6,19.70576,9.99967,35.03838,TRAF,M32 9HR
31-03-2020 22:00,9.7,17.88352,12.77924,37.47809,TRAF,M32 9HR
31-03-2020 23:00,13.5,16.68962,12.77924,36.28419,TRAF,M32 9HR
