timestamp,NO level  (µg/m³),NOx level  (µg/m³),PM₁₀ level  (µg/m³),NO₂ level  (µg/m³),StationName,PostCodes
01-02-2020 00:00,null,null,null,null,TAM1,SK14 8LZ
01-02-2020 01:00,2.97464,12.24472,8.1,7.68367,TAM1,SK14 8LZ
01-02-2020 02:00,5.28824,15.81609,12.2,7.70757,TAM1,SK14 8LZ
01-02-2020 03:00,2.3136,8.67334,10.2,5.12586,TAM1,SK14 8LZ
01-02-2020 04:00,2.64412,9.18354,25.5,5.12928,TAM1,SK14 8LZ
01-02-2020 05:00,6.27978,17.85688,27.5,8.22801,TAM1,SK14 8LZ
01-02-2020 06:00,6.94081,19.89766,24.8,9.25523,TAM1,SK14 8LZ
01-02-2020 07:00,10.57648,32.14238,25.8,15.92534,TAM1,SK14 8LZ
01-02-2020 08:00,13.88163,41.32591,22.5,20.04105,TAM1,SK14 8LZ
01-02-2020 09:00,20.82244,58.1624,25.4,26.2351,TAM1,SK14 8LZ
01-02-2020 10:00,22.47502,58.67259,22.7,24.21138,TAM1,SK14 8LZ
01-02-2020 11:00,30.40737,78.57026,21.8,31.94627,TAM1,SK14 8LZ
01-02-2020 12:00,39.00076,103.05969,25,43.25935,TAM1,SK14 8LZ
01-02-2020 13:00,31.72943,85.20281,20.6,36.55169,TAM1,SK14 8LZ
01-02-2020 14:00,31.0684,80.61104,21.4,32.97349,TAM1,SK14 8LZ
01-02-2020 15:00,23.13605,68.36633,27.2,32.89155,TAM1,SK14 8LZ
01-02-2020 16:00,26.11068,73.97849,19.5,33.94267,TAM1,SK14 8LZ
01-02-2020 17:00,23.46656,69.89692,20.2,33.91536,TAM1,SK14 8LZ
01-02-2020 18:00,33.38201,94.89654,18.6,43.71151,TAM1,SK14 8LZ
01-02-2020 19:00,33.38201,94.38635,19.3,43.20131,TAM1,SK14 8LZ
01-02-2020 20:00,25.44965,76.52947,19.3,37.50722,TAM1,SK14 8LZ
01-02-2020 21:00,19.50038,64.28476,18.4,34.38459,TAM1,SK14 8LZ
01-02-2020 22:00,22.1445,69.38672,18.5,35.43229,TAM1,SK14 8LZ
01-02-2020 23:00,11.89854,49.99925,19.6,31.75508,TAM1,SK14 8LZ
02-02-2020 00:00,28.7548,84.18242,17.1,40.09234,TAM1,SK14 8LZ
02-02-2020 01:00,10.24106,42.32018,14.3,26.61745,TAM1,SK14 8LZ
02-02-2020 02:00,17.17854,48.43876,11.5,22.0987,TAM1,SK14 8LZ
02-02-2020 03:00,9.9107,34.16208,6.7,18.96588,TAM1,SK14 8LZ
02-02-2020 04:00,17.5089,51.49805,8.1,24.65145,TAM1,SK14 8LZ
02-02-2020 05:00,23.45532,68.32415,8.6,32.35983,TAM1,SK14 8LZ
02-02-2020 06:00,18.83033,54.04746,3.9,25.1747,TAM1,SK14 8LZ
02-02-2020 07:00,22.79461,63.22533,1.8,28.27409,TAM1,SK14 8LZ
02-02-2020 08:00,45.91957,109.11469,6.4,38.70566,TAM1,SK14 8LZ
02-02-2020 09:00,56.49098,143.78665,11.2,57.16835,TAM1,SK14 8LZ
02-02-2020 10:00,30.39281,73.93285,7.3,27.33119,TAM1,SK14 8LZ
02-02-2020 11:00,43.60708,114.21351,10.7,47.35026,TAM1,SK14 8LZ
02-02-2020 12:00,41.29458,108.60481,10.9,45.28734,TAM1,SK14 8LZ
02-02-2020 13:00,47.57135,124.41114,18.4,51.46942,TAM1,SK14 8LZ
02-02-2020 14:00,41.95529,108.09493,10.7,43.76438,TAM1,SK14 8LZ
02-02-2020 15:00,30.06245,87.69966,16.3,41.60454,TAM1,SK14 8LZ
02-02-2020 16:00,22.79461,63.22533,24,28.27409,TAM1,SK14 8LZ
02-02-2020 17:00,23.78568,67.30439,30.1,30.83353,TAM1,SK14 8LZ
02-02-2020 18:00,13.54462,39.77077,22,19.00264,TAM1,SK14 8LZ
02-02-2020 19:00,12.55355,36.2016,19.2,16.95309,TAM1,SK14 8LZ
02-02-2020 20:00,8.91963,26.00397,22.1,12.32739,TAM1,SK14 8LZ
02-02-2020 21:00,8.91963,26.51385,20.1,12.83728,TAM1,SK14 8LZ
02-02-2020 22:00,10.90177,29.06326,24.3,12.34745,TAM1,SK14 8LZ
02-02-2020 23:00,6.60713,20.90515,19.1,10.77436,TAM1,SK14 8LZ
03-02-2020 00:00,4.95535,16.31622,14.5,8.71812,TAM1,SK14 8LZ
03-02-2020 01:00,3.30198,13.24874,15.4,8.18577,TAM1,SK14 8LZ
03-02-2020 02:00,4.62278,18.85398,16.1,11.76582,TAM1,SK14 8LZ
03-02-2020 03:00,2.97179,12.22961,13,7.67294,TAM1,SK14 8LZ
03-02-2020 04:00,4.95298,17.32528,9.9,9.73082,TAM1,SK14 8LZ
03-02-2020 05:00,11.88714,33.12185,15.2,14.89516,TAM1,SK14 8LZ
03-02-2020 06:00,37.97281,97.32729,18.5,39.10314,TAM1,SK14 8LZ
03-02-2020 07:00,85.19116,198.73112,19.3,68.10649,TAM1,SK14 8LZ
03-02-2020 08:00,109.29564,242.55388,22.2,74.96957,TAM1,SK14 8LZ
03-02-2020 09:00,113.58822,252.23566,26.4,78.06948,TAM1,SK14 8LZ
03-02-2020 10:00,89.15354,212.48943,44.8,75.78924,TAM1,SK14 8LZ
03-02-2020 11:00,57.78471,140.13092,44.9,51.52894,TAM1,SK14 8LZ
03-02-2020 12:00,64.71887,144.20746,36.4,44.97324,TAM1,SK14 8LZ
03-02-2020 13:00,48.20895,114.65257,31,40.73321,TAM1,SK14 8LZ
03-02-2020 14:00,72.31343,159.49447,29.2,48.61542,TAM1,SK14 8LZ
03-02-2020 15:00,61.41689,146.75529,108.9,52.58405,TAM1,SK14 8LZ
03-02-2020 16:00,62.40748,146.75529,48,51.06516,TAM1,SK14 8LZ
03-02-2020 17:00,61.41689,148.79356,46.6,54.62231,TAM1,SK14 8LZ
03-02-2020 18:00,51.51094,134.52568,48,55.54335,TAM1,SK14 8LZ
03-02-2020 19:00,46.22776,124.33435,36.2,53.45276,TAM1,SK14 8LZ
03-02-2020 20:00,26.74606,81.02115,19.5,40.01109,TAM1,SK14 8LZ
03-02-2020 21:00,20.4723,66.75328,14.5,35.36286,TAM1,SK14 8LZ
03-02-2020 22:00,12.21734,39.23666,14,20.50367,TAM1,SK14 8LZ
03-02-2020 23:00,10.56635,31.08359,14.6,14.88208,TAM1,SK14 8LZ
04-02-2020 00:00,8.25496,24.45922,22.4,11.80179,TAM1,SK14 8LZ
04-02-2020 01:00,6.27076,19.35159,21.3,9.73656,TAM1,SK14 8LZ
04-02-2020 02:00,4.29052,11.20355,15.1,4.62484,TAM1,SK14 8LZ
04-02-2020 03:00,2.97036,10.18505,10.3,5.63056,TAM1,SK14 8LZ
04-02-2020 04:00,5.94072,14.76832,14.7,5.65934,TAM1,SK14 8LZ
04-02-2020 05:00,7.59092,19.86084,15.5,8.22159,TAM1,SK14 8LZ
04-02-2020 06:00,21.4526,49.90672,18.4,17.01319,TAM1,SK14 8LZ
04-02-2020 07:00,57.09692,126.29456,23.8,38.74717,TAM1,SK14 8LZ
04-02-2020 08:00,70.9586,157.86819,28.1,49.06653,TAM1,SK14 8LZ
04-02-2020 09:00,60.06728,141.06287,35.5,48.961,TAM1,SK14 8LZ
04-02-2020 10:00,76.89932,175.69202,28.7,57.78138,TAM1,SK14 8LZ
04-02-2020 11:00,123.765,277.03322,27.6,87.26287,TAM1,SK14 8LZ
04-02-2020 12:00,63.69772,149.21091,33.5,51.54243,TAM1,SK14 8LZ
04-02-2020 13:00,43.56528,99.30419,26.4,32.50502,TAM1,SK14 8LZ
04-02-2020 14:00,43.23524,97.77643,24.1,31.48332,TAM1,SK14 8LZ
04-02-2020 15:00,57.09692,129.35007,27.1,41.80268,TAM1,SK14 8LZ
04-02-2020 16:00,104.62268,221.01547,29.6,60.59627,TAM1,SK14 8LZ
04-02-2020 17:00,183.50224,370.22638,36.3,88.8602,TAM1,SK14 8LZ
04-02-2020 18:00,114.85392,265.32042,37.6,89.21353,TAM1,SK14 8LZ
04-02-2020 19:00,118.8144,270.92219,36.7,88.74266,TAM1,SK14 8LZ
04-02-2020 20:00,83.50012,214.39519,39.1,86.36346,TAM1,SK14 8LZ
04-02-2020 21:00,73.26888,188.42333,35.5,76.07928,TAM1,SK14 8LZ
04-02-2020 22:00,57.42696,148.70165,31.7,60.64821,TAM1,SK14 8LZ
04-02-2020 23:00,53.46648,138.00736,31.4,56.02657,TAM1,SK14 8LZ
05-02-2020 00:00,33.33404,100.83194,32.6,49.72046,TAM1,SK14 8LZ
05-02-2020 01:00,14.18491,52.42056,23.6,30.67067,TAM1,SK14 8LZ
05-02-2020 02:00,10.8861,38.17031,21,21.47853,TAM1,SK14 8LZ
05-02-2020 03:00,21.44231,62.09038,24.4,29.21263,TAM1,SK14 8LZ
05-02-2020 04:00,19.7929,60.05463,26.3,29.70593,TAM1,SK14 8LZ
05-02-2020 05:00,26.39053,74.30488,27.9,33.83995,TAM1,SK14 8LZ
05-02-2020 06:00,32.3284,77.3585,25.3,27.78897,TAM1,SK14 8LZ
05-02-2020 07:00,51.79143,120.10925,20,40.69684,TAM1,SK14 8LZ
05-02-2020 08:00,79.1716,169.98513,13.4,48.59036,TAM1,SK14 8LZ
05-02-2020 09:00,82.14054,180.16387,19.6,54.21681,TAM1,SK14 8LZ
05-02-2020 10:00,71.25444,171.51194,18.1,62.25665,TAM1,SK14 8LZ
05-02-2020 11:00,125.02516,270.75475,27.1,79.05218,TAM1,SK14 8LZ
05-02-2020 12:00,101.93344,224.44144,28.1,68.14568,TAM1,SK14 8LZ
05-02-2020 13:00,120.7367,267.70112,61.3,82.57411,TAM1,SK14 8LZ
05-02-2020 14:00,117.76776,262.10281,83.7,81.5281,TAM1,SK14 8LZ
05-02-2020 15:00,127.33433,263.62963,null,68.38638,TAM1,SK14 8LZ
05-02-2020 16:00,88.73817,212.73587,null,76.67257,TAM1,SK14 8LZ
05-02-2020 17:00,83.13018,212.22694,null,84.76243,TAM1,SK14 8LZ
05-02-2020 18:00,162.30179,359.81881,null,110.95954,TAM1,SK14 8LZ
05-02-2020 19:00,107.87131,258.54025,null,93.13988,TAM1,SK14 8LZ
05-02-2020 20:00,133.2722,292.63906,null,88.29121,TAM1,SK14 8LZ
05-02-2020 21:00,131.62279,287.04075,null,85.22195,TAM1,SK14 8LZ
05-02-2020 22:00,117.76776,257.52238,null,76.94766,TAM1,SK14 8LZ
05-02-2020 23:00,81.48078,186.27113,null,61.33568,TAM1,SK14 8LZ
06-02-2020 00:00,40.90533,110.94838,null,48.22775,TAM1,SK14 8LZ
06-02-2020 01:00,45.28456,109.6288,null,40.19344,TAM1,SK14 8LZ
06-02-2020 02:00,31.73225,86.17334,null,37.5179,TAM1,SK14 8LZ
06-02-2020 03:00,36.35987,91.27235,null,35.52133,TAM1,SK14 8LZ
06-02-2020 04:00,55.53143,123.90604,null,38.75903,TAM1,SK14 8LZ
06-02-2020 05:00,73.38082,155.51993,null,43.00424,TAM1,SK14 8LZ
06-02-2020 06:00,121.97082,247.30218,null,60.28286,TAM1,SK14 8LZ
06-02-2020 07:00,219.15083,429.33698,null,93.31039,TAM1,SK14 8LZ
06-02-2020 08:00,335.5024,629.21832,null,114.78849,TAM1,SK14 8LZ
06-02-2020 09:00,299.80362,551.20341,null,91.51093,TAM1,SK14 8LZ
06-02-2020 10:00,222.45627,416.07954,null,74.98468,TAM1,SK14 8LZ
06-02-2020 11:00,129.90388,270.75764,null,71.57446,TAM1,SK14 8LZ
06-02-2020 12:00,53.21762,116.76742,null,35.16821,TAM1,SK14 8LZ
06-02-2020 13:00,41.64857,98.92087,null,35.06062,TAM1,SK14 8LZ
06-02-2020 14:00,83.95824,174.89618,null,46.16201,TAM1,SK14 8LZ
06-02-2020 15:00,69.74483,151.44071,null,44.50013,TAM1,SK14 8LZ
06-02-2020 16:00,36.35987,81.58422,null,25.83321,TAM1,SK14 8LZ
06-02-2020 17:00,188.74076,388.54486,null,99.1464,TAM1,SK14 8LZ
06-02-2020 18:00,173.86627,375.79733,null,109.2061,TAM1,SK14 8LZ
06-02-2020 19:00,46.27619,129.51496,null,58.55912,TAM1,SK14 8LZ
06-02-2020 20:00,183.78259,370.69831,null,88.90227,TAM1,SK14 8LZ
06-02-2020 21:00,79.66116,187.64371,null,65.4983,TAM1,SK14 8LZ
06-02-2020 22:00,79.99171,185.60411,null,62.95187,TAM1,SK14 8LZ
06-02-2020 23:00,57.5147,142.26249,null,54.07452,TAM1,SK14 8LZ
07-02-2020 00:00,51.23436,131.04466,null,52.48641,TAM1,SK14 8LZ
07-02-2020 01:00,27.15896,83.27104,null,41.62789,TAM1,SK14 8LZ
07-02-2020 02:00,27.15896,72.54287,null,30.89972,TAM1,SK14 8LZ
07-02-2020 03:00,17.88517,78.16239,null,50.73885,TAM1,SK14 8LZ
07-02-2020 04:00,21.52844,67.43422,null,34.4244,TAM1,SK14 8LZ
07-02-2020 05:00,10.26741,29.11932,null,13.37618,TAM1,SK14 8LZ
07-02-2020 06:00,38.41999,89.91229,null,31.00247,TAM1,SK14 8LZ
07-02-2020 07:00,62.26688,141.50969,null,46.03514,TAM1,SK14 8LZ
07-02-2020 08:00,166.59701,346.36667,null,90.92148,TAM1,SK14 8LZ
07-02-2020 09:00,138.44444,296.81274,null,84.53423,TAM1,SK14 8LZ
07-02-2020 10:00,146.72461,307.03004,null,82.05545,TAM1,SK14 8LZ
07-02-2020 11:00,88.10101,185.4441,50.5,50.35778,TAM1,SK14 8LZ
07-02-2020 12:00,70.87825,160.92257,30.2,52.2441,TAM1,SK14 8LZ
07-02-2020 13:00,78.1648,169.60728,23.3,49.75625,TAM1,SK14 8LZ
07-02-2020 14:00,35.10792,87.35796,17.2,33.52657,TAM1,SK14 8LZ
07-02-2020 15:00,48.02498,115.45556,17.9,41.81827,TAM1,SK14 8LZ
07-02-2020 16:00,57.96119,137.93363,24,49.06105,TAM1,SK14 8LZ
07-02-2020 17:00,32.78947,93.99921,22.3,43.72272,TAM1,SK14 8LZ
07-02-2020 18:00,30.13982,86.8471,22.7,40.63336,TAM1,SK14 8LZ
07-02-2020 19:00,75.51515,175.2268,39.2,59.43852,TAM1,SK14 8LZ
07-02-2020 20:00,15.89793,54.15172,22,29.77524,TAM1,SK14 8LZ
07-02-2020 21:00,17.22275,52.10826,18.4,25.70041,TAM1,SK14 8LZ
07-02-2020 22:00,8.61138,30.65192,16.2,17.44799,TAM1,SK14 8LZ
07-02-2020 23:00,6.95534,26.05413,13.2,15.38942,TAM1,SK14 8LZ
08-02-2020 00:00,4.9681,21.96721,14.5,14.34956,TAM1,SK14 8LZ
08-02-2020 01:00,5.64178,19.44951,11.2,10.7989,TAM1,SK14 8LZ
08-02-2020 02:00,2.65496,12.79573,8.6,8.72486,TAM1,SK14 8LZ
08-02-2020 03:00,2.65496,11.26024,4.8,7.18937,TAM1,SK14 8LZ
08-02-2020 04:00,2.98682,11.26024,14.7,6.68051,TAM1,SK14 8LZ
08-02-2020 05:00,4.64617,14.84305,17.8,7.71902,TAM1,SK14 8LZ
08-02-2020 06:00,10.61982,30.19792,14.7,13.91443,TAM1,SK14 8LZ
08-02-2020 07:00,14.60225,40.94634,11.9,18.55653,TAM1,SK14 8LZ
08-02-2020 08:00,12.27917,34.29256,12.7,15.46476,TAM1,SK14 8LZ
08-02-2020 09:00,14.27038,35.82804,12.8,13.9471,TAM1,SK14 8LZ
08-02-2020 10:00,16.59347,43.50548,13.1,18.06252,TAM1,SK14 8LZ
08-02-2020 11:00,19.58029,48.11194,11.7,18.08925,TAM1,SK14 8LZ
08-02-2020 12:00,21.90338,56.81304,17.2,23.22833,TAM1,SK14 8LZ
08-02-2020 13:00,20.5759,52.71841,17.9,21.16914,TAM1,SK14 8LZ
08-02-2020 14:00,21.57151,53.23024,19.2,20.15439,TAM1,SK14 8LZ
08-02-2020 15:00,15.26599,39.92268,24.5,16.51515,TAM1,SK14 8LZ
08-02-2020 16:00,14.93412,39.92268,23.8,17.02401,TAM1,SK14 8LZ
08-02-2020 17:00,12.9429,35.31621,17.9,15.4707,TAM1,SK14 8LZ
08-02-2020 18:00,11.28356,31.22158,14.6,13.92037,TAM1,SK14 8LZ
08-02-2020 19:00,8.6286,24.05597,15.5,10.82563,TAM1,SK14 8LZ
08-02-2020 20:00,9.29234,24.5678,14.9,10.31974,TAM1,SK14 8LZ
08-02-2020 21:00,4.97804,15.35488,7.7,7.72199,TAM1,SK14 8LZ
08-02-2020 22:00,4.97804,15.35488,9.4,7.72199,TAM1,SK14 8LZ
08-02-2020 23:00,3.31869,11.77207,8,6.68348,TAM1,SK14 8LZ
09-02-2020 00:00,2.98682,10.74841,3.9,6.16868,TAM1,SK14 8LZ
09-02-2020 01:00,6.65064,16.92217,0.7,6.72467,TAM1,SK14 8LZ
09-02-2020 02:00,2.66026,7.6919,3.1,3.6129,TAM1,SK14 8LZ
09-02-2020 03:00,1.33013,7.1791,-0.7,5.1396,TAM1,SK14 8LZ
09-02-2020 04:00,2.32772,8.20469,-1.9,4.63556,TAM1,SK14 8LZ
09-02-2020 05:00,1.99519,8.71748,null,5.65823,TAM1,SK14 8LZ
09-02-2020 06:00,2.99279,10.76865,null,6.17978,TAM1,SK14 8LZ
09-02-2020 07:00,3.65785,12.30704,null,6.69841,TAM1,SK14 8LZ
09-02-2020 08:00,3.65785,13.84541,null,8.23679,TAM1,SK14 8LZ
09-02-2020 09:00,5.32051,15.38379,null,7.22579,TAM1,SK14 8LZ
09-02-2020 10:00,5.65304,16.92217,-0.5,8.2543,TAM1,SK14 8LZ
09-02-2020 11:00,4.98798,16.92217,-0.5,9.27405,TAM1,SK14 8LZ
09-02-2020 12:00,10.64102,32.30597,6.7,15.98996,TAM1,SK14 8LZ
09-02-2020 13:00,13.30128,39.48507,4.8,19.09006,TAM1,SK14 8LZ
09-02-2020 14:00,10.30849,32.30597,10,16.49984,TAM1,SK14 8LZ
09-02-2020 15:00,9.64343,29.22921,15.7,14.44283,TAM1,SK14 8LZ
09-02-2020 16:00,10.64102,30.25479,17.9,13.93879,TAM1,SK14 8LZ
09-02-2020 17:00,12.63621,34.35714,26.3,14.98188,TAM1,SK14 8LZ
09-02-2020 18:00,20.61698,65.63751,16.8,34.02526,TAM1,SK14 8LZ
09-02-2020 19:00,18.28926,59.484,20,31.44087,TAM1,SK14 8LZ
09-02-2020 20:00,12.63621,42.04903,15.6,22.67378,TAM1,SK14 8LZ
09-02-2020 21:00,10.64102,35.38272,11.6,19.06672,TAM1,SK14 8LZ
09-02-2020 22:00,5.98557,23.07569,14.4,13.89794,TAM1,SK14 8LZ
09-02-2020 23:00,5.98557,18.97334,15.7,9.79559,TAM1,SK14 8LZ
10-02-2020 00:00,4.32292,13.84541,16.1,7.21704,TAM1,SK14 8LZ
10-02-2020 01:00,3.99833,13.35768,16.9,7.22699,TAM1,SK14 8LZ
10-02-2020 02:00,1.66597,7.1926,18.4,4.63814,TAM1,SK14 8LZ
10-02-2020 03:00,2.99875,9.76138,20.1,5.16336,TAM1,SK14 8LZ
10-02-2020 04:00,4.66472,12.33017,23.4,5.17769,TAM1,SK14 8LZ
10-02-2020 05:00,7.66347,19.52277,23.3,7.77227,TAM1,SK14 8LZ
10-02-2020 06:00,20.99125,54.45824,21.8,22.27211,TAM1,SK14 8LZ
10-02-2020 07:00,50.31236,119.19162,22.9,42.04708,TAM1,SK14 8LZ
10-02-2020 08:00,66.3057,154.1271,20.7,52.45978,TAM1,SK14 8LZ
10-02-2020 09:00,47.31361,113.02654,21,40.48001,TAM1,SK14 8LZ
10-02-2020 10:00,49.97917,118.67786,28.5,42.04421,TAM1,SK14 8LZ
10-02-2020 11:00,36.65139,88.87996,42.8,32.68195,TAM1,SK14 8LZ
10-02-2020 12:00,27.32194,69.35719,42.4,27.46413,TAM1,SK14 8LZ
10-02-2020 13:00,37.65097,90.93499,35.5,33.2043,TAM1,SK14 8LZ
10-02-2020 14:00,19.99167,56.51327,21.7,25.85981,TAM1,SK14 8LZ
10-02-2020 15:00,22.32403,55.48575,20,21.25606,TAM1,SK14 8LZ
10-02-2020 16:00,22.32403,55.99951,13.1,21.76981,TAM1,SK14 8LZ
10-02-2020 17:00,31.98667,84.25615,13.4,35.21061,TAM1,SK14 8LZ
10-02-2020 18:00,53.31111,136.1456,16.3,54.40304,TAM1,SK14 8LZ
10-02-2020 19:00,20.65806,65.24714,12.6,33.57189,TAM1,SK14 8LZ
10-02-2020 20:00,17.65931,51.3757,19.6,24.29847,TAM1,SK14 8LZ
10-02-2020 21:00,16.99292,46.23813,20.1,20.18269,TAM1,SK14 8LZ
10-02-2020 22:00,8.99625,26.71536,21.2,12.92131,TAM1,SK14 8LZ
10-02-2020 23:00,5.66431,19.52277,25.2,10.83762,TAM1,SK14 8LZ
11-02-2020 00:00,5.33111,17.46774,22.6,9.29348,TAM1,SK14 8LZ
11-02-2020 01:00,3.33857,14.92691,27.8,9.80784,TAM1,SK14 8LZ
11-02-2020 02:00,3.67243,13.38274,23.8,7.75177,TAM1,SK14 8LZ
11-02-2020 03:00,4.34014,13.89746,24.5,7.24267,TAM1,SK14 8LZ
11-02-2020 04:00,6.00943,18.52995,26.3,9.31563,TAM1,SK14 8LZ
11-02-2020 05:00,7.67871,19.55939,29.1,7.78554,TAM1,SK14 8LZ
11-02-2020 06:00,23.03613,55.58986,29.7,20.26828,TAM1,SK14 8LZ
11-02-2020 07:00,48.74312,117.35636,28.1,42.61795,TAM1,SK14 8LZ
11-02-2020 08:00,67.43911,156.47515,28.5,53.06995,TAM1,SK14 8LZ
11-02-2020 09:00,57.08955,137.9452,24.5,50.40911,TAM1,SK14 8LZ
11-02-2020 10:00,59.42655,138.45992,23.9,47.34048,TAM1,SK14 8LZ
11-02-2020 11:00,53.08326,127.65078,20.7,46.25758,TAM1,SK14 8LZ
11-02-2020 12:00,46.73998,110.66499,25.2,38.99802,TAM1,SK14 8LZ
11-02-2020 13:00,36.72427,89.56143,23.8,33.25167,TAM1,SK14 8LZ
11-02-2020 14:00,38.0597,88.01727,21.9,29.65988,TAM1,SK14 8LZ
11-02-2020 15:00,40.73055,96.25281,23.7,33.80016,TAM1,SK14 8LZ
11-02-2020 16:00,38.0597,92.64976,23.7,34.29237,TAM1,SK14 8LZ
11-02-2020 17:00,41.06441,100.37057,26.5,37.40602,TAM1,SK14 8LZ
11-02-2020 18:00,38.0597,98.82641,21.3,40.46902,TAM1,SK14 8LZ
11-02-2020 19:00,56.75569,131.25383,20.1,44.22965,TAM1,SK14 8LZ
11-02-2020 20:00,22.36842,62.28123,16.2,27.98346,TAM1,SK14 8LZ
11-02-2020 21:00,13.68814,41.69239,15.7,20.70421,TAM1,SK14 8LZ
11-02-2020 22:00,15.69128,44.78072,17.8,20.72109,TAM1,SK14 8LZ
11-02-2020 23:00,11.01728,35.00102,19.1,18.10809,TAM1,SK14 8LZ
12-02-2020 00:00,5.00786,21.10356,20.1,13.42495,TAM1,SK14 8LZ
12-02-2020 01:00,2.67616,9.79801,19,5.69463,TAM1,SK14 8LZ
12-02-2020 02:00,2.34164,12.89212,19.4,9.30166,TAM1,SK14 8LZ
12-02-2020 03:00,4.34875,19.08034,18.6,12.41234,TAM1,SK14 8LZ
12-02-2020 04:00,6.02135,19.59602,16.4,10.36341,TAM1,SK14 8LZ
12-02-2020 05:00,10.37011,29.39403,16.9,13.49342,TAM1,SK14 8LZ
12-02-2020 06:00,32.4484,78.38409,21.6,28.63057,TAM1,SK14 8LZ
12-02-2020 07:00,54.52669,127.88983,18.7,44.2834,TAM1,SK14 8LZ
12-02-2020 08:00,37.80071,95.91737,14.1,37.95709,TAM1,SK14 8LZ
12-02-2020 09:00,84.96797,194.41316,14.6,64.13076,TAM1,SK14 8LZ
12-02-2020 10:00,95.67259,214.00918,16.2,67.31325,TAM1,SK14 8LZ
12-02-2020 11:00,136.48398,281.56389,18.9,72.29137,TAM1,SK14 8LZ
12-02-2020 12:00,139.16014,282.07957,22.2,68.70368,TAM1,SK14 8LZ
12-02-2020 13:00,49.50889,116.54476,18.1,40.63218,TAM1,SK14 8LZ
12-02-2020 14:00,47.8363,112.41928,18.6,39.07132,TAM1,SK14 8LZ
12-02-2020 15:00,67.90747,149.54859,21.6,45.42525,TAM1,SK14 8LZ
12-02-2020 16:00,79.28114,185.13084,31.1,63.56812,TAM1,SK14 8LZ
12-02-2020 17:00,102.02846,242.88753,56.1,86.44607,TAM1,SK14 8LZ
12-02-2020 18:00,106.0427,253.71691,123.1,91.12037,TAM1,SK14 8LZ
12-02-2020 19:00,175.95729,380.57537,62.5,110.77796,TAM1,SK14 8LZ
12-02-2020 20:00,106.0427,242.37185,31.3,79.77531,TAM1,SK14 8LZ
12-02-2020 21:00,48.83986,123.76435,18.6,48.87761,TAM1,SK14 8LZ
12-02-2020 22:00,49.17438,129.43688,17.2,54.03722,TAM1,SK14 8LZ
12-02-2020 23:00,24.75445,66.52334,14.7,28.56705,TAM1,SK14 8LZ
13-02-2020 00:00,11.37367,35.06657,10,17.62719,TAM1,SK14 8LZ
13-02-2020 01:00,6.70364,22.73254,10.1,12.45377,TAM1,SK14 8LZ
13-02-2020 02:00,5.36291,17.56605,3.1,9.34304,TAM1,SK14 8LZ
13-02-2020 03:00,8.04437,21.69924,1.4,9.36472,TAM1,SK14 8LZ
13-02-2020 04:00,8.71474,22.21589,-1.2,8.85349,TAM1,SK14 8LZ
13-02-2020 05:00,16.08874,37.71535,-0.9,13.0463,TAM1,SK14 8LZ
13-02-2020 06:00,17.09429,40.2986,3.6,14.08772,TAM1,SK14 8LZ
13-02-2020 07:00,44.57922,97.12995,4.7,28.7761,TAM1,SK14 8LZ
13-02-2020 08:00,31.50712,70.26422,6.5,21.95398,TAM1,SK14 8LZ
13-02-2020 09:00,48.60141,111.59611,12.7,37.075,TAM1,SK14 8LZ
13-02-2020 10:00,51.28286,115.21266,14,36.58003,TAM1,SK14 8LZ
13-02-2020 11:00,40.89222,97.6466,11.7,34.94607,TAM1,SK14 8LZ
13-02-2020 12:00,100.88981,226.29212,20.7,71.59656,TAM1,SK14 8LZ
13-02-2020 13:00,119.32483,265.04077,26.8,82.07858,TAM1,SK14 8LZ
13-02-2020 14:00,70.05306,167.91082,24.2,60.49763,TAM1,SK14 8LZ
13-02-2020 15:00,70.38824,169.97741,24.8,62.05028,TAM1,SK14 8LZ
13-02-2020 16:00,73.74006,165.84422,23.7,52.7777,TAM1,SK14 8LZ
13-02-2020 17:00,102.23054,229.39201,26.1,72.6407,TAM1,SK14 8LZ
13-02-2020 18:00,67.3716,156.54455,21.4,53.24286,TAM1,SK14 8LZ
13-02-2020 19:00,65.02533,146.72822,17.2,47.02411,TAM1,SK14 8LZ
13-02-2020 20:00,75.75116,181.34368,19.6,65.19353,TAM1,SK14 8LZ
13-02-2020 21:00,83.12516,205.10952,24.4,77.65272,TAM1,SK14 8LZ
13-02-2020 22:00,57.9865,147.76152,21.1,58.85012,TAM1,SK14 8LZ
13-02-2020 23:00,55.97541,141.04509,18,55.21732,TAM1,SK14 8LZ
14-02-2020 00:00,44.57922,119.86249,19,51.50864,TAM1,SK14 8LZ
14-02-2020 01:00,11.75456,38.82094,13.2,20.79753,TAM1,SK14 8LZ
14-02-2020 02:00,18.47146,56.41977,13,28.09727,TAM1,SK14 8LZ
14-02-2020 03:00,17.12808,49.17319,10,22.91051,TAM1,SK14 8LZ
14-02-2020 04:00,60.11619,128.88553,12.4,36.70865,TAM1,SK14 8LZ
14-02-2020 05:00,43.99565,102.48729,12.1,35.02823,TAM1,SK14 8LZ
14-02-2020 06:00,154.1527,307.97948,12.9,71.61531,TAM1,SK14 8LZ
14-02-2020 07:00,218.63487,433.75933,17.2,98.52387,TAM1,SK14 8LZ
14-02-2020 08:00,203.52186,413.57245,19.1,101.50994,TAM1,SK14 8LZ
14-02-2020 09:00,157.51115,319.88457,17.4,78.37085,TAM1,SK14 8LZ
14-02-2020 10:00,18.8073,46.58513,6.7,17.74767,TAM1,SK14 8LZ
14-02-2020 11:00,21.8299,53.3141,12.4,19.84204,TAM1,SK14 8LZ
14-02-2020 12:00,18.8073,45.54991,17.4,16.71245,TAM1,SK14 8LZ
14-02-2020 13:00,22.83744,52.79648,16.1,17.77957,TAM1,SK14 8LZ
14-02-2020 14:00,14.44132,35.19766,14,13.05461,TAM1,SK14 8LZ
14-02-2020 15:00,12.7621,36.23288,16.5,16.6646,TAM1,SK14 8LZ
14-02-2020 16:00,16.45639,46.06752,8.6,20.83474,TAM1,SK14 8LZ
14-02-2020 17:00,18.8073,50.20842,7.1,21.37096,TAM1,SK14 8LZ
14-02-2020 18:00,19.81484,52.79648,11.9,22.41416,TAM1,SK14 8LZ
14-02-2020 19:00,17.46392,53.3141,16.6,26.53645,TAM1,SK14 8LZ
14-02-2020 20:00,13.43379,42.96184,21.2,22.36366,TAM1,SK14 8LZ
14-02-2020 21:00,8.73196,26.91585,21.1,13.52703,TAM1,SK14 8LZ
14-02-2020 22:00,8.06027,25.88063,24.4,13.52172,TAM1,SK14 8LZ
14-02-2020 23:00,8.73196,28.46869,24,15.07987,TAM1,SK14 8LZ
15-02-2020 00:00,7.72443,23.81018,21.2,11.96622,TAM1,SK14 8LZ
15-02-2020 01:00,6.39364,24.37309,23.3,14.56966,TAM1,SK14 8LZ
15-02-2020 02:00,5.04761,16.07587,24,8.33631,TAM1,SK14 8LZ
15-02-2020 03:00,5.38412,18.15018,21.6,9.89465,TAM1,SK14 8LZ
15-02-2020 04:00,9.75871,25.41025,15,10.4471,TAM1,SK14 8LZ
15-02-2020 05:00,11.10474,30.59601,14,13.56899,TAM1,SK14 8LZ
15-02-2020 06:00,5.72062,17.11302,14,8.34152,TAM1,SK14 8LZ
15-02-2020 07:00,10.43172,29.55886,9.2,13.56377,TAM1,SK14 8LZ
15-02-2020 08:00,8.07617,21.26164,1.1,8.87834,TAM1,SK14 8LZ
15-02-2020 09:00,11.10474,29.04028,1.2,12.01325,TAM1,SK14 8LZ
15-02-2020 10:00,10.76823,29.55886,1.6,13.0478,TAM1,SK14 8LZ
15-02-2020 11:00,13.12378,32.67032,0.4,12.54747,TAM1,SK14 8LZ
15-02-2020 12:00,11.44125,31.11459,-0.7,13.57159,TAM1,SK14 8LZ
15-02-2020 13:00,12.11426,33.70747,-0.7,15.13253,TAM1,SK14 8LZ
15-02-2020 14:00,9.75871,27.48455,0,12.52141,TAM1,SK14 8LZ
15-02-2020 15:00,7.73967,24.89167,-0.3,13.02435,TAM1,SK14 8LZ
15-02-2020 16:00,8.41268,24.89167,1.4,11.99241,TAM1,SK14 8LZ
15-02-2020 17:00,6.05713,18.66875,-0.1,9.38128,TAM1,SK14 8LZ
15-02-2020 18:00,7.40316,22.81736,1.3,11.46601,TAM1,SK14 8LZ
15-02-2020 19:00,5.38412,19.18733,5.8,10.9318,TAM1,SK14 8LZ
15-02-2020 20:00,9.75871,30.07744,7.7,15.11429,TAM1,SK14 8LZ
15-02-2020 21:00,7.40316,25.92882,6.2,14.57747,TAM1,SK14 8LZ
15-02-2020 22:00,3.70158,12.44584,7.5,6.77016,TAM1,SK14 8LZ
15-02-2020 23:00,3.02857,10.89011,5.2,6.24637,TAM1,SK14 8LZ
16-02-2020 00:00,3.36507,12.96441,6.1,7.80471,TAM1,SK14 8LZ
16-02-2020 01:00,3.70887,12.46897,3.5,6.78212,TAM1,SK14 8LZ
16-02-2020 02:00,2.36019,10.39081,2.4,6.7719,TAM1,SK14 8LZ
16-02-2020 03:00,1.68585,7.27357,1.7,4.68863,TAM1,SK14 8LZ
16-02-2020 04:00,2.36019,8.31265,2.7,4.69374,TAM1,SK14 8LZ
16-02-2020 05:00,3.03453,9.35173,3.2,4.69885,TAM1,SK14 8LZ
16-02-2020 06:00,4.72038,11.94943,3.9,4.71162,TAM1,SK14 8LZ
16-02-2020 07:00,2.69736,9.35173,4.4,5.21584,TAM1,SK14 8LZ
16-02-2020 08:00,4.04604,10.91035,9.6,4.70651,TAM1,SK14 8LZ
16-02-2020 09:00,5.39472,15.58621,13.1,7.31443,TAM1,SK14 8LZ
16-02-2020 10:00,9.10358,23.89886,14.8,9.94022,TAM1,SK14 8LZ
16-02-2020 11:00,13.82396,36.36783,13,15.17138,TAM1,SK14 8LZ
16-02-2020 12:00,13.48679,36.36783,12.8,15.68837,TAM1,SK14 8LZ
16-02-2020 13:00,14.16113,37.40691,16.5,15.69348,TAM1,SK14 8LZ
16-02-2020 14:00,11.80094,30.65288,13.9,12.55836,TAM1,SK14 8LZ
16-02-2020 15:00,13.48679,35.84828,13.7,15.16883,TAM1,SK14 8LZ
16-02-2020 16:00,11.1266,30.13334,11.6,13.07279,TAM1,SK14 8LZ
16-02-2020 17:00,14.83547,40.00461,16.7,17.25721,TAM1,SK14 8LZ
16-02-2020 18:00,12.81245,35.84828,25.9,16.2028,TAM1,SK14 8LZ
16-02-2020 19:00,12.47528,31.17242,12.5,12.04393,TAM1,SK14 8LZ
16-02-2020 20:00,9.44075,24.93794,12.8,10.46232,TAM1,SK14 8LZ
16-02-2020 21:00,8.09208,21.8207,13.8,9.41302,TAM1,SK14 8LZ
16-02-2020 22:00,6.40623,16.62529,16.8,6.80255,TAM1,SK14 8LZ
16-02-2020 23:00,4.04604,10.91035,17.1,4.70651,TAM1,SK14 8LZ
17-02-2020 00:00,3.3717,8.31265,23.4,3.14278,TAM1,SK14 8LZ
17-02-2020 01:00,2.36483,7.28706,19.5,3.66104,TAM1,SK14 8LZ
17-02-2020 02:00,2.02699,5.72555,15.9,2.61753,TAM1,SK14 8LZ
17-02-2020 03:00,2.02699,4.68454,13.6,1.57653,TAM1,SK14 8LZ
17-02-2020 04:00,2.02699,5.72555,9.9,2.61753,TAM1,SK14 8LZ
17-02-2020 05:00,3.37832,8.84857,14,3.66855,TAM1,SK14 8LZ
17-02-2020 06:00,15.20245,33.31227,14.5,10.00217,TAM1,SK14 8LZ
17-02-2020 07:00,17.22945,38.51732,13.3,12.0992,TAM1,SK14 8LZ
17-02-2020 08:00,24.66176,54.65295,17.9,16.83878,TAM1,SK14 8LZ
17-02-2020 09:00,19.25644,46.32488,14.3,16.79875,TAM1,SK14 8LZ
17-02-2020 10:00,26.68875,58.29648,8.8,17.37429,TAM1,SK14 8LZ
17-02-2020 11:00,30.40491,68.70656,10.9,22.08635,TAM1,SK14 8LZ
17-02-2020 12:00,58.10716,121.27749,19.2,32.18109,TAM1,SK14 8LZ
17-02-2020 13:00,73.98528,162.91783,36.1,49.47532,TAM1,SK14 8LZ
17-02-2020 14:00,68.24213,154.58977,61.5,49.9533,TAM1,SK14 8LZ
17-02-2020 15:00,63.17464,143.13867,58.7,46.27224,TAM1,SK14 8LZ
17-02-2020 16:00,49.32352,124.40052,48.6,48.77218,TAM1,SK14 8LZ
17-02-2020 17:00,38.85072,99.41631,43.6,39.84605,TAM1,SK14 8LZ
17-02-2020 18:00,47.63436,119.71598,36.3,46.67765,TAM1,SK14 8LZ
17-02-2020 19:00,26.68875,75.47312,29.1,34.55093,TAM1,SK14 8LZ
17-02-2020 20:00,18.91861,56.73497,23.3,27.72683,TAM1,SK14 8LZ
17-02-2020 21:00,14.52679,41.64034,24,19.36624,TAM1,SK14 8LZ
17-02-2020 22:00,10.4728,27.06622,23.1,11.00815,TAM1,SK14 8LZ
17-02-2020 23:00,11.14847,34.87379,23.2,17.77971,TAM1,SK14 8LZ
18-02-2020 00:00,6.41881,24.9842,18.7,15.14216,TAM1,SK14 8LZ
18-02-2020 01:00,8.46237,21.90166,17.8,8.92621,TAM1,SK14 8LZ
18-02-2020 02:00,3.72344,12.51524,15.5,6.80604,TAM1,SK14 8LZ
18-02-2020 03:00,6.7699,18.25139,15.2,7.87102,TAM1,SK14 8LZ
18-02-2020 04:00,4.06194,10.95083,15.3,4.72261,TAM1,SK14 8LZ
18-02-2020 05:00,7.44689,18.77285,14.9,7.35445,TAM1,SK14 8LZ
18-02-2020 06:00,30.80303,71.44114,15.6,24.21048,TAM1,SK14 8LZ
18-02-2020 07:00,52.8052,122.02355,14.4,41.05671,TAM1,SK14 8LZ
18-02-2020 08:00,41.29637,92.29986,14,28.97964,TAM1,SK14 8LZ
18-02-2020 09:00,30.80303,75.09142,13.2,27.86076,TAM1,SK14 8LZ
18-02-2020 10:00,28.43357,64.66205,12.8,21.06452,TAM1,SK14 8LZ
18-02-2020 11:00,28.09508,61.53324,12.7,18.45473,TAM1,SK14 8LZ
18-02-2020 12:00,48.40477,107.42244,12.2,33.20283,TAM1,SK14 8LZ
18-02-2020 13:00,39.6039,95.95014,42.2,35.22501,TAM1,SK14 8LZ
18-02-2020 14:00,23.01765,57.3615,26,22.06826,TAM1,SK14 8LZ
18-02-2020 15:00,34.18798,88.12812,16.2,35.70728,TAM1,SK14 8LZ
18-02-2020 16:00,48.06627,117.33034,17.3,43.62975,TAM1,SK14 8LZ
18-02-2020 17:00,75.48436,185.1212,17.8,69.38013,TAM1,SK14 8LZ
18-02-2020 18:00,57.54413,145.48962,20.1,57.25652,TAM1,SK14 8LZ
18-02-2020 19:00,32.15701,84.99931,22,35.69258,TAM1,SK14 8LZ
18-02-2020 20:00,35.54196,99.07895,14.7,44.58204,TAM1,SK14 8LZ
18-02-2020 21:00,27.75658,87.60665,17.9,45.04716,TAM1,SK14 8LZ
18-02-2020 22:00,19.29421,59.44737,20.7,29.86333,TAM1,SK14 8LZ
18-02-2020 23:00,11.50883,31.80956,19.7,14.16294,TAM1,SK14 8LZ
19-02-2020 00:00,5.75441,18.25139,19,9.42808,TAM1,SK14 8LZ
19-02-2020 01:00,7.80062,20.37485,21.2,8.41407,TAM1,SK14 8LZ
19-02-2020 02:00,6.44399,17.76269,22.3,7.88204,TAM1,SK14 8LZ
19-02-2020 03:00,3.73073,12.01594,22.5,6.29556,TAM1,SK14 8LZ
19-02-2020 04:00,9.49641,24.55431,24.4,9.99335,TAM1,SK14 8LZ
19-02-2020 05:00,12.88798,38.65997,23.8,18.89868,TAM1,SK14 8LZ
19-02-2020 06:00,45.4471,108.14344,25.9,38.45886,TAM1,SK14 8LZ
19-02-2020 07:00,69.18812,164.5661,28.1,58.47913,TAM1,SK14 8LZ
19-02-2020 08:00,89.53756,198.52418,24.5,61.23517,TAM1,SK14 8LZ
19-02-2020 09:00,36.629,92.47048,19.5,36.30679,TAM1,SK14 8LZ
19-02-2020 10:00,64.43991,142.62395,19,43.81747,TAM1,SK14 8LZ
19-02-2020 11:00,44.09047,99.26209,18.9,31.65765,TAM1,SK14 8LZ
19-02-2020 12:00,43.07299,93.51534,19.8,27.471,TAM1,SK14 8LZ
19-02-2020 13:00,37.98563,78.36481,13.9,20.12099,TAM1,SK14 8LZ
19-02-2020 14:00,21.70608,50.67591,7.5,17.39373,TAM1,SK14 8LZ
19-02-2020 15:00,26.79344,61.12455,5.9,20.04185,TAM1,SK14 8LZ
19-02-2020 16:00,21.36692,51.19834,4.6,18.43619,TAM1,SK14 8LZ
19-02-2020 17:00,18.3145,49.63105,5.6,21.5492,TAM1,SK14 8LZ
19-02-2020 18:00,20.34945,53.28807,6.4,22.08602,TAM1,SK14 8LZ
19-02-2020 19:00,14.24461,41.27213,6.9,19.4307,TAM1,SK14 8LZ
19-02-2020 20:00,12.88798,35.00295,6.1,15.24165,TAM1,SK14 8LZ
19-02-2020 21:00,11.1922,29.77863,4.9,12.6175,TAM1,SK14 8LZ
19-02-2020 22:00,6.44399,17.76269,3.2,7.88204,TAM1,SK14 8LZ
19-02-2020 23:00,5.76568,15.67296,4.1,6.83238,TAM1,SK14 8LZ
20-02-2020 00:00,3.39158,10.44864,4.2,5.2483,TAM1,SK14 8LZ
20-02-2020 01:00,1.6991,6.80415,2.1,4.1989,TAM1,SK14 8LZ
20-02-2020 02:00,2.37874,6.80415,1.2,3.1568,TAM1,SK14 8LZ
20-02-2020 03:00,1.6991,5.75736,0.8,3.15211,TAM1,SK14 8LZ
20-02-2020 04:00,3.05838,8.37434,1.8,3.68489,TAM1,SK14 8LZ
20-02-2020 05:00,4.41766,11.51471,1.8,4.74106,TAM1,SK14 8LZ
20-02-2020 06:00,8.83532,21.45924,1.6,7.91193,TAM1,SK14 8LZ
20-02-2020 07:00,18.35028,44.48866,3.7,16.35195,TAM1,SK14 8LZ
20-02-2020 08:00,11.21406,28.78678,3.3,11.59213,TAM1,SK14 8LZ
20-02-2020 09:00,19.36974,42.91847,4.2,13.21862,TAM1,SK14 8LZ
20-02-2020 10:00,35.6811,92.11769,8.4,37.40744,TAM1,SK14 8LZ
20-02-2020 11:00,89.03283,210.92857,14,74.41346,TAM1,SK14 8LZ
20-02-2020 12:00,48.25444,110.43655,12.9,36.44744,TAM1,SK14 8LZ
20-02-2020 13:00,66.94454,150.21464,12,47.56778,TAM1,SK14 8LZ
20-02-2020 14:00,112.82023,245.4727,18.6,72.48409,TAM1,SK14 8LZ
20-02-2020 15:00,82.91608,177.95462,22,50.81842,TAM1,SK14 8LZ
20-02-2020 16:00,44.51642,105.20259,19.5,36.94503,TAM1,SK14 8LZ
20-02-2020 17:00,44.51642,109.38975,22.5,41.1322,TAM1,SK14 8LZ
20-02-2020 18:00,47.23498,116.1939,25.6,43.76795,TAM1,SK14 8LZ
20-02-2020 19:00,38.39966,104.67919,24.9,45.80054,TAM1,SK14 8LZ
20-02-2020 20:00,28.20506,81.12637,23.6,37.87922,TAM1,SK14 8LZ
20-02-2020 21:00,19.02992,58.09695,24.9,28.91815,TAM1,SK14 8LZ
20-02-2020 22:00,13.25298,43.44186,24.7,23.12091,TAM1,SK14 8LZ
20-02-2020 23:00,10.87424,35.06753,26.2,18.39393,TAM1,SK14 8LZ
21-02-2020 00:00,7.81586,23.02942,24.2,11.04527,TAM1,SK14 8LZ
21-02-2020 01:00,4.08579,15.7308,19.8,9.46601,TAM1,SK14 8LZ
21-02-2020 02:00,8.17158,22.02312,19.5,9.49353,TAM1,SK14 8LZ
21-02-2020 03:00,5.44772,14.15772,17.7,5.80466,TAM1,SK14 8LZ
21-02-2020 04:00,5.44772,13.63336,17,5.2803,TAM1,SK14 8LZ
21-02-2020 05:00,6.80965,17.30388,15.6,6.86256,TAM1,SK14 8LZ
21-02-2020 06:00,15.6622,35.13211,17.3,11.11708,TAM1,SK14 8LZ
21-02-2020 07:00,25.53619,55.05778,20.1,15.90284,TAM1,SK14 8LZ
21-02-2020 08:00,24.51474,56.1065,17.8,18.51776,TAM1,SK14 8LZ
21-02-2020 09:00,20.76944,49.81419,17.5,17.96816,TAM1,SK14 8LZ
21-02-2020 10:00,27.57909,63.44754,13.9,21.1602,TAM1,SK14 8LZ
21-02-2020 11:00,31.66488,69.73986,13.7,21.18773,TAM1,SK14 8LZ
21-02-2020 12:00,34.04825,82.3245,17.7,30.1179,TAM1,SK14 8LZ
21-02-2020 13:00,37.79356,92.81169,16.5,34.86238,TAM1,SK14 8LZ
21-02-2020 14:00,41.87935,101.72581,17.3,37.5117,TAM1,SK14 8LZ
21-02-2020 15:00,28.60053,68.69114,12.5,24.8376,TAM1,SK14 8LZ
21-02-2020 16:00,25.53619,66.06934,11.5,26.9144,TAM1,SK14 8LZ
21-02-2020 17:00,25.53619,62.92318,15.1,23.76824,TAM1,SK14 8LZ
21-02-2020 18:00,24.51474,58.7283,10.8,21.13956,TAM1,SK14 8LZ
21-02-2020 19:00,21.79088,55.05778,8.3,21.64556,TAM1,SK14 8LZ
21-02-2020 20:00,11.57641,31.98595,7.1,14.23571,TAM1,SK14 8LZ
21-02-2020 21:00,7.15013,20.45003,6.5,9.48665,TAM1,SK14 8LZ
21-02-2020 22:00,8.17158,20.97439,4.7,8.44481,TAM1,SK14 8LZ
21-02-2020 23:00,4.76676,13.63336,3.1,6.32443,TAM1,SK14 8LZ
22-02-2020 00:00,4.42627,12.06028,1.5,5.27342,TAM1,SK14 8LZ
22-02-2020 01:00,2.72916,6.30389,1.5,2.11923,TAM1,SK14 8LZ
22-02-2020 02:00,2.38802,7.87986,1.1,4.21828,TAM1,SK14 8LZ
22-02-2020 03:00,1.36458,6.30389,0.7,4.21156,TAM1,SK14 8LZ
22-02-2020 04:00,1.70573,6.30389,3.3,3.68848,TAM1,SK14 8LZ
22-02-2020 05:00,2.38802,7.87986,2.6,4.21828,TAM1,SK14 8LZ
22-02-2020 06:00,6.48176,19.43698,7.8,9.49842,TAM1,SK14 8LZ
22-02-2020 07:00,8.52863,24.16489,11.5,11.08785,TAM1,SK14 8LZ
22-02-2020 08:00,18.08069,46.22849,12.7,18.50515,TAM1,SK14 8LZ
22-02-2020 09:00,19.44527,50.9564,15.7,21.14074,TAM1,SK14 8LZ
22-02-2020 10:00,21.49214,58.31094,13.7,25.35678,TAM1,SK14 8LZ
22-02-2020 11:00,28.65619,78.27324,14.9,34.33437,TAM1,SK14 8LZ
22-02-2020 12:00,35.47909,92.9823,22.5,38.58179,TAM1,SK14 8LZ
22-02-2020 13:00,33.77336,90.35568,19.7,38.57058,TAM1,SK14 8LZ
22-02-2020 14:00,22.85672,64.0895,21.2,29.04302,TAM1,SK14 8LZ
22-02-2020 15:00,27.29161,73.54533,23,31.69878,TAM1,SK14 8LZ
22-02-2020 16:00,27.9739,77.74791,22.3,34.8552,TAM1,SK14 8LZ
22-02-2020 17:00,25.58588,70.39338,20.8,31.16224,TAM1,SK14 8LZ
22-02-2020 18:00,30.70306,82.47583,21.9,35.39846,TAM1,SK14 8LZ
22-02-2020 19:00,18.76298,63.03885,13.2,34.26935,TAM1,SK14 8LZ
22-02-2020 20:00,16.03382,50.9564,11.8,26.37156,TAM1,SK14 8LZ
22-02-2020 21:00,12.62237,38.87396,13.5,19.51993,TAM1,SK14 8LZ
22-02-2020 22:00,7.50519,24.69022,12.9,13.18242,TAM1,SK14 8LZ
22-02-2020 23:00,9.21092,29.41813,10,15.29492,TAM1,SK14 8LZ
23-02-2020 00:00,8.52863,23.63957,6.4,10.56252,TAM1,SK14 8LZ
23-02-2020 01:00,4.4435,13.15719,4.5,6.34392,TAM1,SK14 8LZ
23-02-2020 02:00,2.73446,8.4206,1.5,4.22782,TAM1,SK14 8LZ
23-02-2020 03:00,3.07627,9.47318,0.2,4.7563,TAM1,SK14 8LZ
23-02-2020 04:00,3.75988,11.05204,0.4,5.28697,TAM1,SK14 8LZ
23-02-2020 05:00,14.35592,49.47104,2.2,27.45893,TAM1,SK14 8LZ
23-02-2020 06:00,23.92653,75.78542,3.8,39.09858,TAM1,SK14 8LZ
23-02-2020 07:00,36.23161,94.20549,6.2,38.65113,TAM1,SK14 8LZ
23-02-2020 08:00,27.34461,74.20656,7.4,32.27874,TAM1,SK14 8LZ
23-02-2020 09:00,31.1045,90.52148,12,42.82858,TAM1,SK14 8LZ
23-02-2020 10:00,27.0028,72.62769,9.2,31.22397,TAM1,SK14 8LZ
23-02-2020 11:00,21.53388,57.36535,10.3,24.3472,TAM1,SK14 8LZ
23-02-2020 12:00,28.02823,66.83853,10,23.86252,TAM1,SK14 8LZ
23-02-2020 13:00,44.7768,98.94208,8.5,30.28527,TAM1,SK14 8LZ
23-02-2020 14:00,36.91522,84.73231,17.8,28.12976,TAM1,SK14 8LZ
23-02-2020 15:00,20.85027,51.0499,24.1,19.07994,TAM1,SK14 8LZ
23-02-2020 16:00,25.29377,61.57565,28.8,22.79242,TAM1,SK14 8LZ
23-02-2020 17:00,33.83896,81.57459,42.7,29.68891,TAM1,SK14 8LZ
23-02-2020 18:00,52.63838,134.20335,44.3,53.4923,TAM1,SK14 8LZ
23-02-2020 19:00,51.27115,142.62395,47.4,64.00929,TAM1,SK14 8LZ
23-02-2020 20:00,67.67791,164.72803,36.4,60.95668,TAM1,SK14 8LZ
23-02-2020 21:00,62.89261,165.78061,32.8,69.34663,TAM1,SK14 8LZ
23-02-2020 22:00,36.23161,102.62609,27.3,47.07173,TAM1,SK14 8LZ
23-02-2020 23:00,23.92653,76.31171,22.4,39.62487,TAM1,SK14 8LZ
24-02-2020 00:00,30.76269,87.36375,20.3,40.19495,TAM1,SK14 8LZ
24-02-2020 01:00,20.89068,64.32469,16.7,32.29276,TAM1,SK14 8LZ
24-02-2020 02:00,10.27411,37.96211,12.4,22.2087,TAM1,SK14 8LZ
24-02-2020 03:00,4.45211,10.54503,4.3,3.71855,TAM1,SK14 8LZ
24-02-2020 04:00,11.64399,28.99883,4.3,11.14497,TAM1,SK14 8LZ
24-02-2020 05:00,16.43857,38.48936,6,13.28391,TAM1,SK14 8LZ
24-02-2020 06:00,28.7675,68.01545,2.8,23.9059,TAM1,SK14 8LZ
24-02-2020 07:00,51.02806,111.77733,1.2,33.5354,TAM1,SK14 8LZ
24-02-2020 08:00,44.52113,93.32352,1.7,25.05875,TAM1,SK14 8LZ
24-02-2020 09:00,20.20574,46.92539,2.5,15.94368,TAM1,SK14 8LZ
24-02-2020 10:00,19.86327,48.50714,4,18.05055,TAM1,SK14 8LZ
24-02-2020 11:00,20.20574,46.92539,3.4,15.94368,TAM1,SK14 8LZ
24-02-2020 12:00,17.12351,42.70737,5.2,16.45169,TAM1,SK14 8LZ
24-02-2020 13:00,18.15092,46.39814,3.6,18.56711,TAM1,SK14 8LZ
24-02-2020 14:00,38.69913,94.90528,7.3,35.56744,TAM1,SK14 8LZ
24-02-2020 15:00,43.83618,107.55931,13.1,40.34477,TAM1,SK14 8LZ
24-02-2020 16:00,43.83618,105.45031,14.6,38.23576,TAM1,SK14 8LZ
24-02-2020 17:00,40.06901,99.65054,18,38.21225,TAM1,SK14 8LZ
24-02-2020 18:00,44.52113,109.66832,15.5,41.40355,TAM1,SK14 8LZ
24-02-2020 19:00,29.79491,83.833,17.8,38.14811,TAM1,SK14 8LZ
24-02-2020 20:00,22.26056,60.10668,16.1,25.97429,TAM1,SK14 8LZ
24-02-2020 21:00,14.04128,40.07112,16.2,18.54146,TAM1,SK14 8LZ
24-02-2020 22:00,15.06869,40.07112,16.2,16.96612,TAM1,SK14 8LZ
24-02-2020 23:00,11.98646,34.27135,13.9,15.89237,TAM1,SK14 8LZ
25-02-2020 00:00,7.19187,22.14456,13.7,11.11718,TAM1,SK14 8LZ
25-02-2020 01:00,5.94763,20.42433,13.4,11.30475,TAM1,SK14 8LZ
25-02-2020 02:00,3.66008,14.08574,13.5,8.4737,TAM1,SK14 8LZ
25-02-2020 03:00,5.49012,17.95933,13.9,9.54125,TAM1,SK14 8LZ
25-02-2020 04:00,5.83326,17.43111,8.6,8.48691,TAM1,SK14 8LZ
25-02-2020 05:00,11.32338,29.58006,7.7,12.21779,TAM1,SK14 8LZ
25-02-2020 06:00,22.98989,56.51905,7.6,21.26837,TAM1,SK14 8LZ
25-02-2020 07:00,125.92972,276.78489,12.5,83.69535,TAM1,SK14 8LZ
25-02-2020 08:00,100.19476,216.56833,13.9,62.93851,TAM1,SK14 8LZ
25-02-2020 09:00,112.20441,250.90233,11.8,78.85797,TAM1,SK14 8LZ
25-02-2020 10:00,83.38126,197.02436,11.4,69.17488,TAM1,SK14 8LZ
25-02-2020 11:00,157.49793,330.13465,18.4,88.64119,TAM1,SK14 8LZ
25-02-2020 12:00,77.548,178.0086,17.8,59.10333,TAM1,SK14 8LZ
25-02-2020 13:00,65.19522,150.01318,12,50.04857,TAM1,SK14 8LZ
25-02-2020 14:00,65.88149,152.65426,14.3,51.63739,TAM1,SK14 8LZ
25-02-2020 15:00,129.36104,281.01061,20.4,82.65978,TAM1,SK14 8LZ
25-02-2020 16:00,65.88149,149.48497,12.9,48.4681,TAM1,SK14 8LZ
25-02-2020 17:00,82.69499,194.9115,16.1,68.11428,TAM1,SK14 8LZ
25-02-2020 18:00,85.78319,218.15298,25.3,86.62059,TAM1,SK14 8LZ
25-02-2020 19:00,54.55811,157.4082,19,73.7536,TAM1,SK14 8LZ
25-02-2020 20:00,53.52871,158.99285,19.1,76.91664,TAM1,SK14 8LZ
25-02-2020 21:00,16.12724,55.46262,9,30.73453,TAM1,SK14 8LZ
25-02-2020 22:00,16.47037,52.82154,12.3,27.56733,TAM1,SK14 8LZ
25-02-2020 23:00,15.09784,42.25723,8.8,19.10754,TAM1,SK14 8LZ
26-02-2020 00:00,10.63712,34.334,9.8,18.02399,TAM1,SK14 8LZ
26-02-2020 01:00,2.75036,11.28916,7.6,7.072,TAM1,SK14 8LZ
26-02-2020 02:00,2.29197,8.46687,7.5,4.95257,TAM1,SK14 8LZ
26-02-2020 03:00,17.53356,43.92188,10.7,17.03747,TAM1,SK14 8LZ
26-02-2020 04:00,7.2197,22.75471,11.8,11.68466,TAM1,SK14 8LZ
26-02-2020 05:00,11.34525,33.86748,12.8,16.47168,TAM1,SK14 8LZ
26-02-2020 06:00,43.662,109.01094,15.9,42.06347,TAM1,SK14 8LZ
26-02-2020 07:00,131.6736,298.98632,23.3,97.08962,TAM1,SK14 8LZ
26-02-2020 08:00,113.10865,250.831,17.9,77.40015,TAM1,SK14 8LZ
26-02-2020 09:00,187.02464,391.06353,23.8,104.29641,TAM1,SK14 8LZ
26-02-2020 10:00,112.07727,250.831,18.2,78.98159,TAM1,SK14 8LZ
26-02-2020 11:00,97.29407,223.31368,15.6,74.13152,TAM1,SK14 8LZ
26-02-2020 12:00,64.97731,147.64103,13.8,48.01055,TAM1,SK14 8LZ
26-02-2020 13:00,61.53936,137.58663,12.6,43.22759,TAM1,SK14 8LZ
26-02-2020 14:00,51.2255,110.59848,20.6,32.05381,TAM1,SK14 8LZ
26-02-2020 15:00,89.38678,198.44225,23.7,61.38444,TAM1,SK14 8LZ
26-02-2020 16:00,74.94737,175.68754,26.2,60.76983,TAM1,SK14 8LZ
26-02-2020 17:00,68.41526,167.74985,24.6,62.84791,TAM1,SK14 8LZ
26-02-2020 18:00,74.25978,184.15441,25.6,70.29099,TAM1,SK14 8LZ
26-02-2020 19:00,72.54081,184.68359,25.3,73.4559,TAM1,SK14 8LZ
26-02-2020 20:00,40.22405,115.89028,20.1,54.21426,TAM1,SK14 8LZ
26-02-2020 21:00,37.12989,101.07325,19,44.14155,TAM1,SK14 8LZ
26-02-2020 22:00,13.40802,35.98419,15.2,15.42552,TAM1,SK14 8LZ
26-02-2020 23:00,15.12699,36.51337,13.2,13.31898,TAM1,SK14 8LZ
27-02-2020 00:00,6.18832,16.93374,11.5,7.44512,TAM1,SK14 8LZ
27-02-2020 01:00,5.51133,12.72344,13.3,4.27286,TAM1,SK14 8LZ
27-02-2020 02:00,2.29639,7.06858,11.9,3.5475,TAM1,SK14 8LZ
27-02-2020 03:00,4.82241,12.1933,8.6,4.79904,TAM1,SK14 8LZ
27-02-2020 04:00,null,null,null,null,TAM1,SK14 8LZ
27-02-2020 05:00,null,null,null,null,TAM1,SK14 8LZ
27-02-2020 06:00,null,null,null,null,TAM1,SK14 8LZ
27-02-2020 07:00,null,null,null,null,TAM1,SK14 8LZ
27-02-2020 08:00,null,null,null,null,TAM1,SK14 8LZ
27-02-2020 09:00,null,null,null,null,TAM1,SK14 8LZ
27-02-2020 10:00,null,null,null,null,TAM1,SK14 8LZ
27-02-2020 11:00,null,null,null,null,TAM1,SK14 8LZ
27-02-2020 12:00,96.90748,192.26528,14.8,43.67589,TAM1,SK14 8LZ
27-02-2020 13:00,60.62458,130.41523,15.7,37.45884,TAM1,SK14 8LZ
27-02-2020 14:00,48.2241,106.02865,50.4,32.08606,TAM1,SK14 8LZ
27-02-2020 15:00,48.56856,105.4985,69.4,31.02775,TAM1,SK14 8LZ
27-02-2020 16:00,66.82482,149.50039,48.2,47.03709,TAM1,SK14 8LZ
27-02-2020 17:00,83.70326,182.89942,47,54.55621,TAM1,SK14 8LZ
27-02-2020 18:00,107.47085,235.38359,49.4,70.59726,TAM1,SK14 8LZ
27-02-2020 19:00,139.84989,307.48307,47,93.04957,TAM1,SK14 8LZ
27-02-2020 20:00,126.76049,294.75964,41.3,100.39626,TAM1,SK14 8LZ
27-02-2020 21:00,31.34566,104.96836,29,56.90568,TAM1,SK14 8LZ
27-02-2020 22:00,36.51253,114.51094,25.1,58.52584,TAM1,SK14 8LZ
27-02-2020 23:00,32.7235,98.0765,18.9,47.90117,TAM1,SK14 8LZ
28-02-2020 00:00,33.06795,99.66693,21.6,48.96344,TAM1,SK14 8LZ
28-02-2020 01:00,21.0952,63.51871,14.6,31.17319,TAM1,SK14 8LZ
28-02-2020 02:00,21.55379,57.8726,13,24.82392,TAM1,SK14 8LZ
28-02-2020 03:00,11.00619,29.64207,9.4,12.76614,TAM1,SK14 8LZ
28-02-2020 04:00,5.5031,14.29171,8.9,5.85375,TAM1,SK14 8LZ
28-02-2020 05:00,8.25464,20.11426,7.7,7.45732,TAM1,SK14 8LZ
28-02-2020 06:00,87.70558,192.14409,12,57.66407,TAM1,SK14 8LZ
28-02-2020 07:00,15.8214,39.16987,10,14.91073,TAM1,SK14 8LZ
28-02-2020 08:00,13.75774,33.87664,7.6,12.78174,TAM1,SK14 8LZ
28-02-2020 09:00,37.83378,80.45703,7.4,22.44604,TAM1,SK14 8LZ
28-02-2020 10:00,41.61716,94.21942,2.6,30.40733,TAM1,SK14 8LZ
28-02-2020 11:00,77.73122,163.03135,1.8,43.84514,TAM1,SK14 8LZ
28-02-2020 12:00,66.38109,135.50658,3.4,33.72366,TAM1,SK14 8LZ
28-02-2020 13:00,32.33069,77.2811,1.5,27.70807,TAM1,SK14 8LZ
28-02-2020 14:00,44.71265,100.57129,3.9,32.01285,TAM1,SK14 8LZ
28-02-2020 15:00,14.10168,40.22852,4.9,18.60624,TAM1,SK14 8LZ
28-02-2020 16:00,20.98055,52.93226,6.4,20.76253,TAM1,SK14 8LZ
28-02-2020 17:00,18.57295,51.87361,6.1,23.39549,TAM1,SK14 8LZ
28-02-2020 18:00,18.229,48.16836,5.8,20.21761,TAM1,SK14 8LZ
28-02-2020 19:00,28.54731,69.34126,6.7,25.56933,TAM1,SK14 8LZ
28-02-2020 20:00,18.57295,51.34429,6.2,22.86617,TAM1,SK14 8LZ
28-02-2020 21:00,9.28647,28.58342,3.3,14.34436,TAM1,SK14 8LZ
28-02-2020 22:00,7.22281,22.76087,3.8,11.68605,TAM1,SK14 8LZ
28-02-2020 23:00,6.87887,21.70223,2.9,11.15477,TAM1,SK14 8LZ
29-02-2020 00:00,4.81521,16.409,2.6,9.02578,TAM1,SK14 8LZ
29-02-2020 01:00,5.95277,17.61673,1.6,8.48928,TAM1,SK14 8LZ
29-02-2020 02:00,3.20534,11.27471,0.9,6.35993,TAM1,SK14 8LZ
29-02-2020 03:00,2.74743,11.62704,-0.8,7.41437,TAM1,SK14 8LZ
29-02-2020 04:00,3.43429,12.15554,-0.6,6.88971,TAM1,SK14 8LZ
29-02-2020 05:00,3.43429,12.15554,2.3,6.88971,TAM1,SK14 8LZ
29-02-2020 06:00,9.61601,28.0106,3.2,13.26625,TAM1,SK14 8LZ
29-02-2020 07:00,25.41375,73.46177,7,34.49456,TAM1,SK14 8LZ
29-02-2020 08:00,25.07032,72.40476,9.3,33.96414,TAM1,SK14 8LZ
29-02-2020 09:00,34.34291,95.65885,11.2,43.00046,TAM1,SK14 8LZ
29-02-2020 10:00,52.88808,134.23949,13.2,53.14556,TAM1,SK14 8LZ
29-02-2020 11:00,39.49435,102.52937,11.9,41.97222,TAM1,SK14 8LZ
29-02-2020 12:00,31.25205,79.80379,8.6,31.88465,TAM1,SK14 8LZ
29-02-2020 13:00,41.55492,97.77285,18.3,34.0562,TAM1,SK14 8LZ
29-02-2020 14:00,15.45431,36.99513,11.1,13.29886,TAM1,SK14 8LZ
29-02-2020 15:00,16.82803,37.52364,7.8,11.72102,TAM1,SK14 8LZ
29-02-2020 16:00,12.70688,30.65311,12.5,11.16951,TAM1,SK14 8LZ
29-02-2020 17:00,13.39373,31.18161,10.9,10.64484,TAM1,SK14 8LZ
29-02-2020 18:00,9.61601,24.83959,14.3,10.09524,TAM1,SK14 8LZ
29-02-2020 19:00,9.95944,23.78259,12.3,8.51165,TAM1,SK14 8LZ
29-02-2020 20:00,7.55544,18.49757,8.6,6.91272,TAM1,SK14 8LZ
29-02-2020 21:00,6.52515,16.38356,13.8,6.37847,TAM1,SK14 8LZ
29-02-2020 22:00,5.15144,14.26955,23.1,6.37079,TAM1,SK14 8LZ
29-02-2020 23:00,5.83829,14.79805,23.3,5.84613,TAM1,SK14 8LZ
01-03-2020 00:00,4.12115,11.62704,21.6,5.30804,TAM1,SK14 8LZ
01-03-2020 01:00,6.40108,16.18223,19.8,6.36738,TAM1,SK14 8LZ
01-03-2020 02:00,3.65776,9.14648,18.1,3.53799,TAM1,SK14 8LZ
01-03-2020 03:00,3.42915,7.91522,14,2.65727,TAM1,SK14 8LZ
01-03-2020 04:00,3.77206,9.49826,15.7,3.71452,TAM1,SK14 8LZ
01-03-2020 05:00,2.74332,7.91522,15.7,3.70886,TAM1,SK14 8LZ
01-03-2020 06:00,5.14372,12.66435,12.6,4.77742,TAM1,SK14 8LZ
01-03-2020 07:00,6.51538,15.83044,11.7,5.84033,TAM1,SK14 8LZ
01-03-2020 08:00,7.54412,22.69029,16.7,11.1228,TAM1,SK14 8LZ
01-03-2020 09:00,10.97327,29.02247,18.4,12.19702,TAM1,SK14 8LZ
01-03-2020 10:00,17.83156,42.74218,33.6,15.40083,TAM1,SK14 8LZ
01-03-2020 11:00,18.86031,46.96363,28,18.0449,TAM1,SK14 8LZ
01-03-2020 12:00,24.34694,61.21103,22.1,23.87957,TAM1,SK14 8LZ
01-03-2020 13:00,29.49067,75.9861,21.8,30.76772,TAM1,SK14 8LZ
01-03-2020 14:00,28.80483,72.29233,18.9,28.12554,TAM1,SK14 8LZ
01-03-2020 15:00,23.3182,60.68335,20.9,24.92927,TAM1,SK14 8LZ
01-03-2020 16:00,20.9178,53.82349,42.9,21.74998,TAM1,SK14 8LZ
01-03-2020 17:00,31.89107,80.73523,30.5,31.83628,TAM1,SK14 8LZ
01-03-2020 18:00,22.97529,64.37711,26.9,29.14884,TAM1,SK14 8LZ
01-03-2020 19:00,18.17448,50.6574,25.7,22.79026,TAM1,SK14 8LZ
01-03-2020 20:00,11.31619,30.60551,22,13.25427,TAM1,SK14 8LZ
01-03-2020 21:00,10.97327,30.07783,18.7,13.25239,TAM1,SK14 8LZ
01-03-2020 22:00,10.97327,29.02247,15.8,12.19702,TAM1,SK14 8LZ
01-03-2020 23:00,6.17247,17.94116,14.5,8.47685,TAM1,SK14 8LZ
02-03-2020 00:00,11.31619,25.85638,10.7,8.50514,TAM1,SK14 8LZ
02-03-2020 01:00,6.84801,18.96698,11.8,8.46685,TAM1,SK14 8LZ
02-03-2020 02:00,13.23948,44.95877,13.1,24.65852,TAM1,SK14 8LZ
02-03-2020 03:00,27.73443,73.23362,13.3,30.7081,TAM1,SK14 8LZ
02-03-2020 04:00,21.57122,63.22327,14,30.14786,TAM1,SK14 8LZ
02-03-2020 05:00,70.19206,158.58504,16.5,50.95871,TAM1,SK14 8LZ
02-03-2020 06:00,146.20494,296.62252,19.2,72.44475,TAM1,SK14 8LZ
02-03-2020 07:00,128.40012,273.96752,17.5,77.09008,TAM1,SK14 8LZ
02-03-2020 08:00,274.26265,531.07549,30.4,110.54529,TAM1,SK14 8LZ
02-03-2020 09:00,169.48816,343.51312,29.1,83.6349,TAM1,SK14 8LZ
02-03-2020 10:00,112.3073,242.88274,27.4,70.68061,TAM1,SK14 8LZ
02-03-2020 11:00,143.46573,300.83741,68.8,80.85969,TAM1,SK14 8LZ
02-03-2020 12:00,91.07849,198.62645,43.4,58.97472,TAM1,SK14 8LZ
02-03-2020 13:00,77.72487,176.4983,24.6,57.32183,TAM1,SK14 8LZ
02-03-2020 14:00,96.55689,207.05622,43.2,59.00439,TAM1,SK14 8LZ
02-03-2020 15:00,72.93127,160.16563,209.3,48.33924,TAM1,SK14 8LZ
02-03-2020 16:00,80.12167,174.39086,173.2,51.53934,TAM1,SK14 8LZ
02-03-2020 17:00,78.06727,182.29377,93.5,62.59229,TAM1,SK14 8LZ
02-03-2020 18:00,80.46407,202.84133,68,79.46481,TAM1,SK14 8LZ
02-03-2020 19:00,56.49605,152.26272,65.5,65.63664,TAM1,SK14 8LZ
02-03-2020 20:00,17.12002,57.42781,25.3,31.17748,TAM1,SK14 8LZ
02-03-2020 21:00,10.95681,31.61164,16.8,14.81143,TAM1,SK14 8LZ
02-03-2020 22:00,18.48962,43.72943,14.5,15.37908,TAM1,SK14 8LZ
02-03-2020 23:00,7.53281,23.70873,13.4,12.15859,TAM1,SK14 8LZ
03-03-2020 00:00,3.424,11.06407,11.1,5.81401,TAM1,SK14 8LZ
03-03-2020 01:00,3.64678,10.5208,10.4,4.92914,TAM1,SK14 8LZ
03-03-2020 02:00,4.55848,11.22219,10.1,4.23262,TAM1,SK14 8LZ
03-03-2020 03:00,5.12829,15.7812,12.2,7.91793,TAM1,SK14 8LZ
03-03-2020 04:00,5.81206,18.4114,12.9,9.4997,TAM1,SK14 8LZ
03-03-2020 05:00,9.91469,23.6718,12.1,8.46948,TAM1,SK14 8LZ
03-03-2020 06:00,42.39386,84.16639,11.1,19.16339,TAM1,SK14 8LZ
03-03-2020 07:00,35.89802,79.43203,12.3,24.38917,TAM1,SK14 8LZ
03-03-2020 08:00,51.28289,112.57255,12.6,33.93988,TAM1,SK14 8LZ
03-03-2020 09:00,28.37653,70.48935,10.7,26.97928,TAM1,SK14 8LZ
03-03-2020 10:00,48.5478,107.31215,4,32.87322,TAM1,SK14 8LZ
03-03-2020 11:00,120.00196,227.24926,11.7,43.24882,TAM1,SK14 8LZ
03-03-2020 12:00,107.35218,224.61906,10,60.01468,TAM1,SK14 8LZ
03-03-2020 13:00,69.06096,155.70783,7.5,49.81583,TAM1,SK14 8LZ
03-03-2020 14:00,82.39451,188.84834,8.7,62.51186,TAM1,SK14 8LZ
03-03-2020 15:00,85.1296,186.74418,13.8,56.21395,TAM1,SK14 8LZ
03-03-2020 16:00,61.53947,137.29643,17.2,42.93723,TAM1,SK14 8LZ
03-03-2020 17:00,57.43684,135.19227,18.9,47.12368,TAM1,SK14 8LZ
03-03-2020 18:00,58.80438,146.76515,24.5,56.59969,TAM1,SK14 8LZ
03-03-2020 19:00,72.13793,177.27546,19.6,66.66551,TAM1,SK14 8LZ
03-03-2020 20:00,59.14627,162.54635,21.3,71.85667,TAM1,SK14 8LZ
03-03-2020 21:00,73.84736,200.42122,24,87.19018,TAM1,SK14 8LZ
03-03-2020 22:00,41.3682,128.87979,18.4,65.44944,TAM1,SK14 8LZ
03-03-2020 23:00,38.975,126.77563,17.4,67.0148,TAM1,SK14 8LZ
04-03-2020 00:00,37.26557,117.30691,21.7,60.16717,TAM1,SK14 8LZ
04-03-2020 01:00,21.84778,72.13012,16.4,38.63066,TAM1,SK14 8LZ
04-03-2020 02:00,15.93067,52.52193,13.8,28.09524,TAM1,SK14 8LZ
04-03-2020 03:00,20.48229,61.45066,11.4,30.04491,TAM1,SK14 8LZ
04-03-2020 04:00,38.57499,97.16557,13,38.01809,TAM1,SK14 8LZ
04-03-2020 05:00,48.81613,125.52741,18.2,50.67705,TAM1,SK14 8LZ
04-03-2020 06:00,137.23136,269.96272,17.9,59.54423,TAM1,SK14 8LZ
04-03-2020 07:00,95.24266,200.10855,19.7,54.07184,TAM1,SK14 8LZ
04-03-2020 08:00,101.72872,203.78509,18,47.80322,TAM1,SK14 8LZ
04-03-2020 09:00,139.62096,282.04276,23.8,67.96027,TAM1,SK14 8LZ
04-03-2020 10:00,111.96987,238.44956,24.8,66.76482,TAM1,SK14 8LZ
04-03-2020 11:00,210.28487,405.4693,47.6,83.03699,TAM1,SK14 8LZ
04-03-2020 12:00,109.58027,220.59211,44.4,52.57137,TAM1,SK14 8LZ
04-03-2020 13:00,123.91787,240.02522,21,50.02046,TAM1,SK14 8LZ
04-03-2020 14:00,281.63153,524.16886,21.8,92.33987,TAM1,SK14 8LZ
04-03-2020 15:00,165.90657,326.6864,55.4,72.29987,TAM1,SK14 8LZ
04-03-2020 16:00,117.09044,243.70176,104.5,64.16558,TAM1,SK14 8LZ
04-03-2020 17:00,31.40618,79.83333,28.6,31.67786,TAM1,SK14 8LZ
04-03-2020 18:00,42.33007,101.36733,24.3,36.46212,TAM1,SK14 8LZ
04-03-2020 19:00,60.76414,155.99013,36.7,62.81976,TAM1,SK14 8LZ
04-03-2020 20:00,43.35419,120.27522,23.6,53.79973,TAM1,SK14 8LZ
04-03-2020 21:00,63.49511,159.14145,25.7,61.78364,TAM1,SK14 8LZ
04-03-2020 22:00,48.81613,128.67873,20.2,53.82837,TAM1,SK14 8LZ
04-03-2020 23:00,87.73249,201.68421,21.2,67.16294,TAM1,SK14 8LZ
05-03-2020 00:00,88.07386,199.58333,19.3,64.53863,TAM1,SK14 8LZ
05-03-2020 01:00,44.08419,114.6685,12.7,47.07368,TAM1,SK14 8LZ
05-03-2020 02:00,7.27162,35.65911,12.1,24.50945,TAM1,SK14 8LZ
05-03-2020 03:00,11.93,36.70791,14,18.41549,TAM1,SK14 8LZ
05-03-2020 04:00,26.246,63.97663,16.8,23.73333,TAM1,SK14 8LZ
05-03-2020 05:00,19.088,49.81787,18.6,20.55001,TAM1,SK14 8LZ
05-03-2020 06:00,69.19401,146.83162,19.4,40.73563,TAM1,SK14 8LZ
05-03-2020 07:00,111.46029,241.22338,27.9,70.31998,TAM1,SK14 8LZ
05-03-2020 08:00,182.69944,366.03025,34.3,85.89502,TAM1,SK14 8LZ
05-03-2020 09:00,179.29087,357.63988,33.3,82.73104,TAM1,SK14 8LZ
05-03-2020 10:00,169.06516,339.81032,29.9,80.5807,TAM1,SK14 8LZ
05-03-2020 11:00,91.34972,198.74709,56.3,58.67947,TAM1,SK14 8LZ
05-03-2020 12:00,94.07658,194.5519,84.1,50.30315,TAM1,SK14 8LZ
05-03-2020 13:00,91.69058,198.74709,61.7,58.15683,TAM1,SK14 8LZ
05-03-2020 14:00,79.41972,170.95396,47.2,49.17875,TAM1,SK14 8LZ
05-03-2020 15:00,70.89829,152.07561,35.1,43.36641,TAM1,SK14 8LZ
05-03-2020 16:00,65.78543,146.83162,32.5,45.96203,TAM1,SK14 8LZ
05-03-2020 17:00,74.30686,165.70997,34.9,51.77437,TAM1,SK14 8LZ
05-03-2020 18:00,78.39715,171.47836,43.4,51.27107,TAM1,SK14 8LZ
05-03-2020 19:00,119.64087,257.47973,47.2,74.03297,TAM1,SK14 8LZ
05-03-2020 20:00,92.03144,209.75946,42.6,68.64656,TAM1,SK14 8LZ
05-03-2020 21:00,73.62515,167.80757,29.8,54.91725,TAM1,SK14 8LZ
05-03-2020 22:00,37.49429,97.53815,25.8,40.04771,TAM1,SK14 8LZ
05-03-2020 23:00,58.96829,145.78282,24.7,55.36604,TAM1,SK14 8LZ
06-03-2020 00:00,31.35886,84.95258,16.1,36.86967,TAM1,SK14 8LZ
06-03-2020 01:00,31.31154,92.84783,16.1,44.83748,TAM1,SK14 8LZ
06-03-2020 02:00,16.33645,48.86728,11.2,23.8184,TAM1,SK14 8LZ
06-03-2020 03:00,7.1472,25.13174,8,14.17286,TAM1,SK14 8LZ
06-03-2020 04:00,25.52571,61.7822,8,22.64333,TAM1,SK14 8LZ
06-03-2020 05:00,22.80297,63.87652,14.6,28.91245,TAM1,SK14 8LZ
06-03-2020 06:00,157.91905,313.62322,13.9,71.48405,TAM1,SK14 8LZ
06-03-2020 07:00,101.42215,213.09624,14.2,57.58445,TAM1,SK14 8LZ
06-03-2020 08:00,42.54285,104.7156,11.9,39.48414,TAM1,SK14 8LZ
06-03-2020 09:00,71.13164,154.97908,19.5,45.91209,TAM1,SK14 8LZ
06-03-2020 10:00,92.91358,194.77101,26.6,52.30551,TAM1,SK14 8LZ
06-03-2020 11:00,90.87152,187.9645,42.8,48.63011,TAM1,SK14 8LZ
06-03-2020 12:00,107.20798,230.89789,73.5,66.51462,TAM1,SK14 8LZ
06-03-2020 13:00,90.87152,201.57753,46.6,62.24313,TAM1,SK14 8LZ
06-03-2020 14:00,70.7913,164.40349,37.5,55.85834,TAM1,SK14 8LZ
06-03-2020 15:00,123.20409,266.5012,37.6,77.5909,TAM1,SK14 8LZ
06-03-2020 16:00,144.64568,325.14193,47.4,103.35498,TAM1,SK14 8LZ
06-03-2020 17:00,143.965,330.90129,44.8,110.15804,TAM1,SK14 8LZ
06-03-2020 18:00,127.2882,291.63294,46.9,96.46042,TAM1,SK14 8LZ
06-03-2020 19:00,86.78741,223.5678,46,90.49563,TAM1,SK14 8LZ
06-03-2020 20:00,58.8793,168.59211,37.7,78.31178,TAM1,SK14 8LZ
06-03-2020 21:00,39.47976,134.55954,27.3,74.02475,TAM1,SK14 8LZ
06-03-2020 22:00,37.43771,120.94652,23.6,63.54283,TAM1,SK14 8LZ
06-03-2020 23:00,25.52571,86.91395,21,47.77507,TAM1,SK14 8LZ
07-03-2020 00:00,25.86605,78.01312,15,38.35239,TAM1,SK14 8LZ
07-03-2020 01:00,12.68693,47.39667,10.6,27.94365,TAM1,SK14 8LZ
07-03-2020 02:00,14.04624,52.97274,12.2,31.43547,TAM1,SK14 8LZ
07-03-2020 03:00,7.81605,30.84268,14.3,18.85824,TAM1,SK14 8LZ
07-03-2020 04:00,18.35073,50.1847,11,22.04731,TAM1,SK14 8LZ
07-03-2020 05:00,5.77708,18.29651,13.2,9.43844,TAM1,SK14 8LZ
07-03-2020 06:00,7.47623,21.43305,13,9.96967,TAM1,SK14 8LZ
07-03-2020 07:00,9.85502,28.2289,9.6,13.11807,TAM1,SK14 8LZ
07-03-2020 08:00,57.77083,131.21209,11.4,42.63139,TAM1,SK14 8LZ
07-03-2020 09:00,60.82928,134.87139,10.6,41.60113,TAM1,SK14 8LZ
07-03-2020 10:00,38.74044,92.52805,9.6,33.12687,TAM1,SK14 8LZ
07-03-2020 11:00,24.80747,66.39018,12.3,28.35259,TAM1,SK14 8LZ
07-03-2020 12:00,35.34215,86.77772,19.2,32.58717,TAM1,SK14 8LZ
07-03-2020 13:00,22.7685,57.50331,22.1,22.59209,TAM1,SK14 8LZ
07-03-2020 14:00,11.894,35.5475,16.3,17.3103,TAM1,SK14 8LZ
07-03-2020 15:00,20.72953,52.27573,14.2,20.49089,TAM1,SK14 8LZ
07-03-2020 16:00,16.31176,44.95713,8.3,19.94611,TAM1,SK14 8LZ
07-03-2020 17:00,15.29228,41.82059,14,18.37275,TAM1,SK14 8LZ
07-03-2020 18:00,11.894,37.11577,13.6,18.87857,TAM1,SK14 8LZ
07-03-2020 19:00,9.85502,31.8882,13.7,16.77737,TAM1,SK14 8LZ
07-03-2020 20:00,10.87451,32.41095,14.9,15.73694,TAM1,SK14 8LZ
07-03-2020 21:00,8.15588,25.61511,18.8,13.1096,TAM1,SK14 8LZ
07-03-2020 22:00,4.7576,18.29651,16.4,11.00163,TAM1,SK14 8LZ
07-03-2020 23:00,4.41777,15.68272,12.5,8.9089,TAM1,SK14 8LZ
08-03-2020 00:00,4.07794,14.63721,11.8,8.38445,TAM1,SK14 8LZ
08-03-2020 01:00,3.61935,13.91831,11.8,8.36872,TAM1,SK14 8LZ
08-03-2020 02:00,2.26209,11.13465,5.9,7.66616,TAM1,SK14 8LZ
08-03-2020 03:00,3.73245,12.52648,7.3,6.80346,TAM1,SK14 8LZ
08-03-2020 04:00,3.73245,13.04842,6.5,7.3254,TAM1,SK14 8LZ
08-03-2020 05:00,4.07177,15.13616,5.8,8.89287,TAM1,SK14 8LZ
08-03-2020 06:00,6.44697,18.26778,4.1,8.38257,TAM1,SK14 8LZ
08-03-2020 07:00,10.51873,32.88201,1.2,16.75351,TAM1,SK14 8LZ
08-03-2020 08:00,14.5905,48.54011,4.6,26.16832,TAM1,SK14 8LZ
08-03-2020 09:00,10.17942,27.66265,5.7,12.05442,TAM1,SK14 8LZ
08-03-2020 10:00,15.60845,39.14525,3.2,15.21264,TAM1,SK14 8LZ
08-03-2020 11:00,26.12718,65.24208,10.2,25.18097,TAM1,SK14 8LZ
08-03-2020 12:00,43.09288,109.6067,9.3,43.53187,TAM1,SK14 8LZ
08-03-2020 13:00,34.94934,89.25117,5.3,35.66293,TAM1,SK14 8LZ
08-03-2020 14:00,54.96887,137.79128,18.6,53.50686,TAM1,SK14 8LZ
08-03-2020 15:00,36.3066,94.47054,9.4,38.8012,TAM1,SK14 8LZ
08-03-2020 16:00,22.05541,59.50078,7.8,25.68296,TAM1,SK14 8LZ
08-03-2020 17:00,22.39473,64.19821,12.7,29.86011,TAM1,SK14 8LZ
08-03-2020 18:00,15.26913,44.36462,16.1,20.95228,TAM1,SK14 8LZ
08-03-2020 19:00,21.37678,60.02272,13.8,27.24544,TAM1,SK14 8LZ
08-03-2020 20:00,45.12877,126.30868,11.6,57.1122,TAM1,SK14 8LZ
08-03-2020 21:00,32.23483,97.60216,13.1,48.17611,TAM1,SK14 8LZ
08-03-2020 22:00,8.48285,30.27233,6.1,17.26547,TAM1,SK14 8LZ
08-03-2020 23:00,9.16148,29.22845,5.9,15.18105,TAM1,SK14 8LZ
09-03-2020 00:00,8.82216,26.09683,4.8,12.5697,TAM1,SK14 8LZ
09-03-2020 01:00,4.96906,13.20161,10.1,5.58248,TAM1,SK14 8LZ
09-03-2020 02:00,3.16213,11.11714,6.9,6.26861,TAM1,SK14 8LZ
09-03-2020 03:00,4.7432,14.59125,2.8,7.31845,TAM1,SK14 8LZ
09-03-2020 04:00,7.45359,22.40799,14.9,10.97931,TAM1,SK14 8LZ
09-03-2020 05:00,9.48639,26.0558,10.3,11.51021,TAM1,SK14 8LZ
09-03-2020 06:00,44.38275,103.70209,13.5,35.64948,TAM1,SK14 8LZ
09-03-2020 07:00,125.35586,263.68471,19.6,71.47506,TAM1,SK14 8LZ
09-03-2020 08:00,126.37226,272.02256,23.9,78.25446,TAM1,SK14 8LZ
09-03-2020 09:00,117.90227,265.24806,18.3,84.46709,TAM1,SK14 8LZ
09-03-2020 10:00,159.23583,337.68318,20.4,93.52499,TAM1,SK14 8LZ
09-03-2020 11:00,129.42146,272.54368,18.2,74.10021,TAM1,SK14 8LZ
09-03-2020 12:00,88.7655,198.02409,18.3,61.91888,TAM1,SK14 8LZ
09-03-2020 13:00,74.87472,171.96829,25.6,57.16199,TAM1,SK14 8LZ
09-03-2020 14:00,33.87996,81.2941,26.5,29.34555,TAM1,SK14 8LZ
09-03-2020 15:00,38.62316,90.15307,21.5,30.93172,TAM1,SK14 8LZ
09-03-2020 16:00,14.90719,39.60482,21,16.74746,TAM1,SK14 8LZ
09-03-2020 17:00,18.29518,44.81598,12.1,16.76376,TAM1,SK14 8LZ
09-03-2020 18:00,17.61758,43.25263,16.6,16.23938,TAM1,SK14 8LZ
09-03-2020 19:00,14.22959,35.43589,7.1,13.6175,TAM1,SK14 8LZ
09-03-2020 20:00,11.85799,31.78808,6.1,13.60608,TAM1,SK14 8LZ
09-03-2020 21:00,8.13119,21.88687,4.4,9.41922,TAM1,SK14 8LZ
09-03-2020 22:00,5.75959,16.1546,8.6,7.32334,TAM1,SK14 8LZ
09-03-2020 23:00,6.77599,19.28129,6.3,8.89158,TAM1,SK14 8LZ
10-03-2020 00:00,2.7104,11.46455,9.8,7.30867,TAM1,SK14 8LZ
10-03-2020 01:00,7.21675,20.81182,4.8,9.74628,TAM1,SK14 8LZ
10-03-2020 02:00,4.05942,13.18082,8,6.95646,TAM1,SK14 8LZ
10-03-2020 03:00,4.05942,12.48709,4.9,6.26273,TAM1,SK14 8LZ
10-03-2020 04:00,6.08913,20.29152,8.6,10.95498,TAM1,SK14 8LZ
10-03-2020 05:00,9.1337,25.49447,6.6,11.48966,TAM1,SK14 8LZ
10-03-2020 06:00,19.95883,47.86718,8.5,17.26406,TAM1,SK14 8LZ
10-03-2020 07:00,32.81367,75.44283,7,25.12924,TAM1,SK14 8LZ
10-03-2020 08:00,24.35654,61.91515,4.5,24.56898,TAM1,SK14 8LZ
10-03-2020 09:00,29.09253,73.36165,5.1,28.75372,TAM1,SK14 8LZ
10-03-2020 10:00,28.75425,66.59781,6.9,22.50858,TAM1,SK14 8LZ
10-03-2020 11:00,28.75425,66.07751,6.7,21.98828,TAM1,SK14 8LZ
10-03-2020 12:00,36.19652,85.84874,6.5,30.34818,TAM1,SK14 8LZ
10-03-2020 13:00,39.57938,99.89671,6,39.20918,TAM1,SK14 8LZ
10-03-2020 14:00,72.73133,169.61629,9.1,58.09647,TAM1,SK14 8LZ
10-03-2020 15:00,46.00679,116.02587,8.1,45.4831,TAM1,SK14 8LZ
10-03-2020 16:00,45.33022,109.78232,17,40.27695,TAM1,SK14 8LZ
10-03-2020 17:00,45.66851,112.9041,23.6,42.88003,TAM1,SK14 8LZ
10-03-2020 18:00,40.25595,101.4576,26.7,39.73268,TAM1,SK14 8LZ
10-03-2020 19:00,44.31537,116.54616,26.4,48.59688,TAM1,SK14 8LZ
10-03-2020 20:00,45.66851,124.87089,24.7,54.84682,TAM1,SK14 8LZ
10-03-2020 21:00,26.72454,76.48342,21.9,35.50637,TAM1,SK14 8LZ
10-03-2020 22:00,19.62054,59.31367,18.3,29.22926,TAM1,SK14 8LZ
10-03-2020 23:00,17.92912,58.27308,13.1,30.78215,TAM1,SK14 8LZ
11-03-2020 00:00,9.47199,35.38009,10.6,20.85657,TAM1,SK14 8LZ
11-03-2020 01:00,9.00722,33.24638,9.5,19.4355,TAM1,SK14 8LZ
11-03-2020 02:00,4.95397,20.08636,9.4,12.49037,TAM1,SK14 8LZ
11-03-2020 03:00,23.30619,63.89539,13.3,28.15973,TAM1,SK14 8LZ
11-03-2020 04:00,7.09319,25.45426,11.8,14.57819,TAM1,SK14 8LZ
11-03-2020 05:00,29.0483,75.32383,14.2,30.78374,TAM1,SK14 8LZ
11-03-2020 06:00,56.40773,135.06343,14.3,48.57277,TAM1,SK14 8LZ
11-03-2020 07:00,50.32786,110.12864,13.7,32.96033,TAM1,SK14 8LZ
11-03-2020 08:00,27.02167,62.85644,13,21.42379,TAM1,SK14 8LZ
11-03-2020 09:00,27.35944,64.41487,8.6,22.46431,TAM1,SK14 8LZ
11-03-2020 10:00,33.43932,72.20698,10.6,20.93408,TAM1,SK14 8LZ
11-03-2020 11:00,17.22631,41.0385,7.5,14.62519,TAM1,SK14 8LZ
11-03-2020 12:00,19.25294,44.67483,8.6,15.15406,TAM1,SK14 8LZ
11-03-2020 13:00,29.72384,63.89539,9.9,18.31948,TAM1,SK14 8LZ
11-03-2020 14:00,21.27956,50.38905,12.4,17.76084,TAM1,SK14 8LZ
11-03-2020 15:00,23.98173,56.62274,11.1,19.85127,TAM1,SK14 8LZ
11-03-2020 16:00,17.90186,47.79167,16.7,20.34254,TAM1,SK14 8LZ
11-03-2020 17:00,63.83869,164.15401,19.3,66.26938,TAM1,SK14 8LZ
11-03-2020 18:00,15.87523,44.67483,7.9,20.33314,TAM1,SK14 8LZ
11-03-2020 19:00,16.213,42.59693,9.2,17.73734,TAM1,SK14 8LZ
11-03-2020 20:00,12.49752,32.20743,12,13.04483,TAM1,SK14 8LZ
11-03-2020 21:00,7.43096,20.25951,9.5,8.86554,TAM1,SK14 8LZ
11-03-2020 22:00,7.09319,19.74004,1.3,8.86397,TAM1,SK14 8LZ
11-03-2020 23:00,8.1065,22.33741,5.9,9.90762,TAM1,SK14 8LZ
12-03-2020 00:00,5.40433,18.18162,0.6,9.89509,TAM1,SK14 8LZ
12-03-2020 01:00,4.49675,15.21385,-1.4,8.31893,TAM1,SK14 8LZ
12-03-2020 02:00,4.94643,11.75616,3.9,4.17174,TAM1,SK14 8LZ
12-03-2020 03:00,5.3961,12.96635,6.3,4.69244,TAM1,SK14 8LZ
12-03-2020 04:00,5.05885,13.48501,9,5.72822,TAM1,SK14 8LZ
12-03-2020 05:00,9.78044,25.41405,9,10.41759,TAM1,SK14 8LZ
12-03-2020 06:00,16.18831,37.34309,15.2,12.52136,TAM1,SK14 8LZ
12-03-2020 07:00,30.69034,68.46234,13.6,21.40447,TAM1,SK14 8LZ
12-03-2020 08:00,42.49432,93.35773,null,28.20069,TAM1,SK14 8LZ
12-03-2020 09:00,39.45901,87.65254,13.9,27.14957,TAM1,SK14 8LZ
12-03-2020 10:00,36.4237,77.79811,15.5,21.94921,TAM1,SK14 8LZ
12-03-2020 11:00,36.4237,80.91003,20.2,25.06114,TAM1,SK14 8LZ
12-03-2020 12:00,33.38839,74.68619,18.1,23.49136,TAM1,SK14 8LZ
12-03-2020 13:00,30.69034,68.98099,26.1,21.92313,TAM1,SK14 8LZ
12-03-2020 14:00,20.57265,48.75348,19.4,17.2092,TAM1,SK14 8LZ
12-03-2020 15:00,27.99229,63.2758,16.6,20.35489,TAM1,SK14 8LZ
12-03-2020 16:00,32.37662,78.31676,18.2,28.6733,TAM1,SK14 8LZ
12-03-2020 17:00,32.37662,73.13022,24.1,23.48676,TAM1,SK14 8LZ
12-03-2020 18:00,55.64732,124.99563,15.3,39.67093,TAM1,SK14 8LZ
12-03-2020 19:00,81.61607,185.67815,9.1,60.53526,TAM1,SK14 8LZ
12-03-2020 20:00,21.58442,58.60791,11.1,25.51227,TAM1,SK14 8LZ
12-03-2020 21:00,16.52557,50.8281,11.5,25.48925,TAM1,SK14 8LZ
12-03-2020 22:00,17.53734,51.86541,6.6,24.9752,TAM1,SK14 8LZ
12-03-2020 23:00,11.12947,34.74982,7.7,17.68488,TAM1,SK14 8LZ
13-03-2020 00:00,8.76867,28.52597,8.9,15.08087,TAM1,SK14 8LZ
13-03-2020 01:00,8.97979,25.54645,6.3,11.77763,TAM1,SK14 8LZ
13-03-2020 02:00,3.14293,12.428,10.5,7.60892,TAM1,SK14 8LZ
13-03-2020 03:00,4.71439,15.01717,9.9,7.78854,TAM1,SK14 8LZ
13-03-2020 04:00,7.07158,20.1955,11.9,9.35256,TAM1,SK14 8LZ
13-03-2020 05:00,9.76552,27.44517,8.2,12.47158,TAM1,SK14 8LZ
13-03-2020 06:00,24.58217,56.96167,9.4,19.26953,TAM1,SK14 8LZ
13-03-2020 07:00,69.70562,157.93919,9.2,51.05874,TAM1,SK14 8LZ
13-03-2020 08:00,99.33892,217.49003,7.2,65.17248,TAM1,SK14 8LZ
13-03-2020 09:00,86.54272,190.56269,9.4,57.86571,TAM1,SK14 8LZ
13-03-2020 10:00,83.51204,190.04486,6.8,61.99485,TAM1,SK14 8LZ
13-03-2020 11:00,76.10372,163.63536,23.5,46.94462,TAM1,SK14 8LZ
13-03-2020 12:00,68.35865,147.06469,31.6,42.24956,TAM1,SK14 8LZ
13-03-2020 13:00,109.10444,233.02503,27.3,65.73389,TAM1,SK14 8LZ
13-03-2020 14:00,34.01095,79.74634,17.8,27.59695,TAM1,SK14 8LZ
13-03-2020 15:00,21.88824,53.85468,11.5,20.29318,TAM1,SK14 8LZ
13-03-2020 16:00,44.44996,104.08451,14.1,35.92886,TAM1,SK14 8LZ
13-03-2020 17:00,68.02191,155.86786,18.6,51.56906,TAM1,SK14 8LZ
13-03-2020 18:00,48.49086,116.51252,19.1,42.1609,TAM1,SK14 8LZ
13-03-2020 19:00,48.49086,123.24435,23.1,48.89273,TAM1,SK14 8LZ
13-03-2020 20:00,54.21548,129.97618,16.2,46.84694,TAM1,SK14 8LZ
13-03-2020 21:00,53.54199,132.56535,16.5,50.46877,TAM1,SK14 8LZ
13-03-2020 22:00,23.57195,66.28268,18.8,30.13953,TAM1,SK14 8LZ
13-03-2020 23:00,37.71512,94.24568,21.6,36.41664,TAM1,SK14 8LZ
14-03-2020 00:00,21.21475,58.51518,20.7,25.98634,TAM1,SK14 8LZ
14-03-2020 01:00,35.41599,93.06229,26.5,38.75854,TAM1,SK14 8LZ
14-03-2020 02:00,14.79402,41.36102,21.1,18.67717,TAM1,SK14 8LZ
14-03-2020 03:00,8.40569,26.36765,13.8,13.4791,TAM1,SK14 8LZ
14-03-2020 04:00,6.72456,23.78259,13.5,13.47175,TAM1,SK14 8LZ
14-03-2020 05:00,15.13025,40.84401,11.3,17.64462,TAM1,SK14 8LZ
14-03-2020 06:00,17.48384,44.98011,6.8,18.17193,TAM1,SK14 8LZ
14-03-2020 07:00,22.19103,54.80335,8.1,20.77758,TAM1,SK14 8LZ
14-03-2020 08:00,20.50989,54.28634,10.2,22.83828,TAM1,SK14 8LZ
14-03-2020 09:00,15.46648,39.29297,7.6,15.57804,TAM1,SK14 8LZ
14-03-2020 10:00,22.86348,50.66725,11.1,15.6104,TAM1,SK14 8LZ
14-03-2020 11:00,16.81139,42.91206,10.6,17.13496,TAM1,SK14 8LZ
14-03-2020 12:00,22.19103,52.21829,13.6,18.19252,TAM1,SK14 8LZ
14-03-2020 13:00,13.11288,35.67388,12.8,15.56774,TAM1,SK14 8LZ
14-03-2020 14:00,9.07815,26.88466,11.8,12.96503,TAM1,SK14 8LZ
14-03-2020 15:00,15.46648,40.84401,10,17.12908,TAM1,SK14 8LZ
14-03-2020 16:00,12.44043,37.22492,14.3,18.14986,TAM1,SK14 8LZ
14-03-2020 17:00,19.50121,54.80335,12.9,24.90192,TAM1,SK14 8LZ
14-03-2020 18:00,16.47516,63.07555,9.9,37.814,TAM1,SK14 8LZ
14-03-2020 19:00,14.12156,38.77596,5.9,17.12319,TAM1,SK14 8LZ
14-03-2020 20:00,13.78534,36.70791,9.8,15.57068,TAM1,SK14 8LZ
14-03-2020 21:00,7.06078,20.68051,6.3,9.85413,TAM1,SK14 8LZ
14-03-2020 22:00,5.37964,17.57843,14.5,9.32976,TAM1,SK14 8LZ
14-03-2020 23:00,5.37964,17.06142,15.9,8.81275,TAM1,SK14 8LZ
15-03-2020 00:00,4.70719,14.47636,12.3,7.25877,TAM1,SK14 8LZ
15-03-2020 01:00,4.9238,13.76512,9.6,6.21541,TAM1,SK14 8LZ
15-03-2020 02:00,1.79047,8.94733,8.5,6.20198,TAM1,SK14 8LZ
15-03-2020 03:00,3.35713,10.32384,10.7,5.17631,TAM1,SK14 8LZ
15-03-2020 04:00,1.67857,8.25907,7.1,5.68531,TAM1,SK14 8LZ
15-03-2020 05:00,3.02142,10.32384,5.3,5.69106,TAM1,SK14 8LZ
15-03-2020 06:00,4.69999,13.93719,7,6.73064,TAM1,SK14 8LZ
15-03-2020 07:00,5.70713,16.51815,3.7,7.76734,TAM1,SK14 8LZ
15-03-2020 08:00,9.39997,24.26103,6.6,9.84794,TAM1,SK14 8LZ
15-03-2020 09:00,8.72855,23.74484,3.2,10.36125,TAM1,SK14 8LZ
15-03-2020 10:00,14.09996,35.10106,1.5,13.48143,TAM1,SK14 8LZ
15-03-2020 11:00,19.13566,48.52206,6.8,19.18112,TAM1,SK14 8LZ
15-03-2020 12:00,12.08568,33.55249,5.7,15.02137,TAM1,SK14 8LZ
15-03-2020 13:00,46.32844,113.56226,11.2,42.52631,TAM1,SK14 8LZ
15-03-2020 14:00,62.10697,148.66332,14.1,53.43397,TAM1,SK14 8LZ
15-03-2020 15:00,48.34272,121.30514,10.8,47.18067,TAM1,SK14 8LZ
15-03-2020 16:00,44.98559,110.46511,18.8,41.48817,TAM1,SK14 8LZ
15-03-2020 17:00,29.87849,79.49358,13.1,33.68054,TAM1,SK14 8LZ
15-03-2020 18:00,35.92133,92.91458,10.8,37.83598,TAM1,SK14 8LZ
15-03-2020 19:00,30.2142,82.59074,13,36.26294,TAM1,SK14 8LZ
15-03-2020 20:00,33.90705,97.56031,11.2,45.57023,TAM1,SK14 8LZ
15-03-2020 21:00,29.54277,85.1717,15,39.87341,TAM1,SK14 8LZ
15-03-2020 22:00,17.12138,53.68398,10.9,27.43156,TAM1,SK14 8LZ
15-03-2020 23:00,10.74283,32.00391,10.7,15.53181,TAM1,SK14 8LZ
16-03-2020 00:00,8.72855,26.3258,10,12.94221,TAM1,SK14 8LZ
16-03-2020 01:00,6.25705,21.98918,9.9,12.39518,TAM1,SK14 8LZ
16-03-2020 02:00,8.93864,27.48648,16.8,13.78076,TAM1,SK14 8LZ
16-03-2020 03:00,10.72637,33.49914,12.1,17.05228,TAM1,SK14 8LZ
16-03-2020 04:00,8.04477,27.31469,9.8,14.97954,TAM1,SK14 8LZ
16-03-2020 05:00,14.07836,44.32194,10.6,22.73543,TAM1,SK14 8LZ
16-03-2020 06:00,46.92785,109.77412,7.6,37.81908,TAM1,SK14 8LZ
16-03-2020 07:00,130.72759,286.03115,17.3,85.58497,TAM1,SK14 8LZ
16-03-2020 08:00,180.67223,376.73652,24.7,99.70962,TAM1,SK14 8LZ
16-03-2020 09:00,108.60446,247.89366,18.3,81.36915,TAM1,SK14 8LZ
16-03-2020 10:00,85.81093,188.11057,24,56.53565,TAM1,SK14 8LZ
16-03-2020 11:00,63.6878,147.39623,35.3,49.74296,TAM1,SK14 8LZ
16-03-2020 12:00,37.54228,85.55166,19.2,27.98763,TAM1,SK14 8LZ
16-03-2020 13:00,39.21828,91.22074,11.6,31.08689,TAM1,SK14 8LZ
16-03-2020 14:00,28.82711,68.02903,12.3,23.82808,TAM1,SK14 8LZ
16-03-2020 15:00,28.49191,64.9368,15.4,21.24981,TAM1,SK14 8LZ
16-03-2020 16:00,27.82151,60.29846,12.1,17.6394,TAM1,SK14 8LZ
16-03-2020 17:00,22.79353,53.08326,5.2,18.13367,TAM1,SK14 8LZ
16-03-2020 18:00,19.44154,52.56789,9.5,22.75794,TAM1,SK14 8LZ
16-03-2020 19:00,16.42475,44.32194,9.6,19.13768,TAM1,SK14 8LZ
16-03-2020 20:00,14.41355,38.65286,13.8,16.55238,TAM1,SK14 8LZ
16-03-2020 21:00,11.39677,29.37617,12.7,11.90138,TAM1,SK14 8LZ
16-03-2020 22:00,6.36878,18.038,9.9,8.27267,TAM1,SK14 8LZ
16-03-2020 23:00,4.35759,13.39966,12.4,6.71812,TAM1,SK14 8LZ
17-03-2020 00:00,2.68159,9.27669,10.4,5.16497,TAM1,SK14 8LZ
17-03-2020 01:00,3.56997,9.60495,12.5,4.13107,TAM1,SK14 8LZ
17-03-2020 02:00,2.23123,6.86068,7.4,3.43951,TAM1,SK14 8LZ
17-03-2020 03:00,3.34685,8.74736,6.8,3.6156,TAM1,SK14 8LZ
17-03-2020 04:00,4.3509,10.80557,2.3,4.13428,TAM1,SK14 8LZ
17-03-2020 05:00,5.02027,12.34922,1.2,4.65158,TAM1,SK14 8LZ
17-03-2020 06:00,17.4036,37.04766,2.2,10.36251,TAM1,SK14 8LZ
17-03-2020 07:00,32.79909,73.58076,3.9,23.28953,TAM1,SK14 8LZ
17-03-2020 08:00,34.47251,76.66807,12.1,23.81095,TAM1,SK14 8LZ
17-03-2020 09:00,28.1135,64.31885,9,21.21208,TAM1,SK14 8LZ
17-03-2020 10:00,25.77071,59.68789,null,20.17335,TAM1,SK14 8LZ
17-03-2020 11:00,18.74234,45.28047,null,16.54262,TAM1,SK14 8LZ
17-03-2020 12:00,19.41171,48.88232,null,19.11813,TAM1,SK14 8LZ
17-03-2020 13:00,23.09324,54.02783,null,18.6187,TAM1,SK14 8LZ
17-03-2020 14:00,19.07702,44.25137,null,15.00034,TAM1,SK14 8LZ
17-03-2020 15:00,16.73423,43.22227,null,17.56347,TAM1,SK14 8LZ
17-03-2020 16:00,17.06891,40.64951,null,14.47754,TAM1,SK14 8LZ
17-03-2020 17:00,10.70991,28.30029,null,11.87867,TAM1,SK14 8LZ
17-03-2020 18:00,14.05675,36.01855,null,14.46517,TAM1,SK14 8LZ
17-03-2020 19:00,10.37522,28.30029,null,12.39184,TAM1,SK14 8LZ
17-03-2020 20:00,8.7018,23.15479,null,9.81221,TAM1,SK14 8LZ
17-03-2020 21:00,5.35495,15.95107,null,7.74026,TAM1,SK14 8LZ
17-03-2020 22:00,4.68558,14.92197,null,7.73751,TAM1,SK14 8LZ
17-03-2020 23:00,4.01622,13.37832,null,7.22021,TAM1,SK14 8LZ
18-03-2020 00:00,2.34279,10.29102,null,6.69879,TAM1,SK14 8LZ
18-03-2020 01:00,2.67336,10.2746,7.1,6.17551,TAM1,SK14 8LZ
18-03-2020 02:00,3.56448,11.64455,4.9,6.17909,TAM1,SK14 8LZ
18-03-2020 03:00,3.00753,11.30206,2.9,6.69058,TAM1,SK14 8LZ
18-03-2020 04:00,10.02511,24.14532,1.9,8.7737,TAM1,SK14 8LZ
18-03-2020 05:00,13.36681,32.87873,4.5,12.38324,TAM1,SK14 8LZ
18-03-2020 06:00,44.77881,98.63618,6.5,29.97631,TAM1,SK14 8LZ
18-03-2020 07:00,83.20838,181.86047,10.6,54.27607,TAM1,SK14 8LZ
18-03-2020 08:00,138.68063,286.66141,15.8,74.02075,TAM1,SK14 8LZ
18-03-2020 09:00,147.03488,316.45776,18.3,91.00742,TAM1,SK14 8LZ
18-03-2020 10:00,96.24101,210.11562,15,62.54813,TAM1,SK14 8LZ
18-03-2020 11:00,92.23097,203.43713,17.4,62.01828,TAM1,SK14 8LZ
18-03-2020 12:00,69.5074,162.85245,12.6,56.27593,TAM1,SK14 8LZ
18-03-2020 13:00,89.22344,201.38221,16.6,64.57484,TAM1,SK14 8LZ
18-03-2020 14:00,90.56012,207.54697,22.8,68.69006,TAM1,SK14 8LZ
18-03-2020 15:00,74.18578,178.26436,14.5,64.51441,TAM1,SK14 8LZ
18-03-2020 16:00,72.8491,176.20943,18.7,64.50904,TAM1,SK14 8LZ
18-03-2020 17:00,90.56012,214.73919,37.8,75.88228,TAM1,SK14 8LZ
18-03-2020 18:00,80.20084,188.53896,49.8,65.56604,TAM1,SK14 8LZ
18-03-2020 19:00,67.83655,167.98975,45.4,63.97516,TAM1,SK14 8LZ
18-03-2020 20:00,39.76625,104.80095,35,43.82688,TAM1,SK14 8LZ
18-03-2020 21:00,31.74617,89.38904,30,40.71226,TAM1,SK14 8LZ
18-03-2020 22:00,36.75872,104.80095,29,48.43836,TAM1,SK14 8LZ
18-03-2020 23:00,35.75621,95.04007,30.1,40.21465,TAM1,SK14 8LZ
19-03-2020 00:00,30.74366,88.36158,24.9,41.22197,TAM1,SK14 8LZ
19-03-2020 01:00,25.35784,71.12345,21.2,32.24197,TAM1,SK14 8LZ
19-03-2020 02:00,10.23211,38.29724,21,22.60822,TAM1,SK14 8LZ
19-03-2020 03:00,31.02999,74.37187,19.8,26.79322,TAM1,SK14 8LZ
19-03-2020 04:00,33.36558,84.63006,16.6,33.47022,TAM1,SK14 8LZ
19-03-2020 05:00,35.70117,87.19461,16.5,32.45358,TAM1,SK14 8LZ
19-03-2020 06:00,86.41685,175.92795,17.4,43.42396,TAM1,SK14 8LZ
19-03-2020 07:00,162.49038,328.77497,27.7,79.62654,TAM1,SK14 8LZ
19-03-2020 08:00,114.44394,225.68017,25.5,50.20191,TAM1,SK14 8LZ
19-03-2020 09:00,161.15575,325.69752,68.7,78.59547,TAM1,SK14 8LZ
19-03-2020 10:00,107.10351,228.75763,72.5,64.53453,TAM1,SK14 8LZ
19-03-2020 11:00,54.05224,118.995,39.3,36.11605,TAM1,SK14 8LZ
19-03-2020 12:00,65.39654,139.51138,28.7,39.23808,TAM1,SK14 8LZ
19-03-2020 13:00,87.41782,186.18614,40.3,52.14735,TAM1,SK14 8LZ
19-03-2020 14:00,118.78147,241.58036,35,59.45132,TAM1,SK14 8LZ
19-03-2020 15:00,91.75535,199.52178,29,58.83222,TAM1,SK14 8LZ
19-03-2020 16:00,95.42556,203.11215,32.4,56.795,TAM1,SK14 8LZ
19-03-2020 17:00,97.76115,216.4478,41.1,66.54946,TAM1,SK14 8LZ
19-03-2020 18:00,112.77566,252.86437,55.7,79.9441,TAM1,SK14 8LZ
19-03-2020 19:00,103.4333,233.37381,45.6,74.7783,TAM1,SK14 8LZ
19-03-2020 20:00,70.06772,167.7214,39.4,60.28573,TAM1,SK14 8LZ
19-03-2020 21:00,27.69343,87.19461,29.3,44.73194,TAM1,SK14 8LZ
19-03-2020 22:00,56.38783,140.5372,29.3,54.07706,TAM1,SK14 8LZ
19-03-2020 23:00,29.02806,78.98806,23.1,34.479,TAM1,SK14 8LZ
20-03-2020 00:00,22.02128,66.67823,29.8,32.91274,TAM1,SK14 8LZ
20-03-2020 01:00,16.87917,53.94002,29.7,28.059,TAM1,SK14 8LZ
20-03-2020 02:00,7.10702,27.99419,24.8,17.09691,TAM1,SK14 8LZ
20-03-2020 03:00,6.99597,21.50773,19.3,10.78073,TAM1,SK14 8LZ
20-03-2020 04:00,10.99367,28.67697,13.9,11.82025,TAM1,SK14 8LZ
20-03-2020 05:00,17.98964,43.01546,14,15.43174,TAM1,SK14 8LZ
20-03-2020 06:00,56.63404,118.80461,14,31.96695,TAM1,SK14 8LZ
20-03-2020 07:00,106.27211,223.27072,18.5,60.32242,TAM1,SK14 8LZ
20-03-2020 08:00,131.59086,262.18947,31.1,60.41964,TAM1,SK14 8LZ
20-03-2020 09:00,85.2842,180.25526,49,49.48797,TAM1,SK14 8LZ
20-03-2020 10:00,53.30263,116.75625,35.4,35.0267,TAM1,SK14 8LZ
20-03-2020 11:00,55.30148,114.70789,29.2,29.91348,TAM1,SK14 8LZ
20-03-2020 12:00,49.63807,108.56283,24.1,32.45218,TAM1,SK14 8LZ
20-03-2020 13:00,41.97582,94.73643,22.6,30.37441,TAM1,SK14 8LZ
20-03-2020 14:00,69.62656,142.36069,25,35.60146,TAM1,SK14 8LZ
20-03-2020 15:00,58.29975,129.55847,20.6,40.16677,TAM1,SK14 8LZ
20-03-2020 16:00,54.96833,126.48594,32.2,42.20233,TAM1,SK14 8LZ
20-03-2020 17:00,51.63692,120.34087,25.7,41.16537,TAM1,SK14 8LZ
20-03-2020 18:00,46.6398,111.63536,25.4,40.122,TAM1,SK14 8LZ
20-03-2020 19:00,44.30781,111.63536,30.6,43.69767,TAM1,SK14 8LZ
20-03-2020 20:00,40.31011,102.41776,28.2,40.60979,TAM1,SK14 8LZ
20-03-2020 21:00,31.64844,77.8375,24.7,29.31058,TAM1,SK14 8LZ
20-03-2020 22:00,18.98906,51.20888,23,22.09273,TAM1,SK14 8LZ
20-03-2020 23:00,16.32393,44.55173,20,19.52205,TAM1,SK14 8LZ
21-03-2020 00:00,16.32393,46.08799,20.3,21.05832,TAM1,SK14 8LZ
21-03-2020 01:00,7.98305,26.58594,16.9,14.34544,TAM1,SK14 8LZ
21-03-2020 02:00,5.32203,19.76904,17.3,11.6087,TAM1,SK14 8LZ
21-03-2020 03:00,3.6589,14.82678,15,9.21655,TAM1,SK14 8LZ
21-03-2020 04:00,5.98729,14.82678,8.1,5.6464,TAM1,SK14 8LZ
21-03-2020 05:00,6.98517,19.42819,12.9,8.71775,TAM1,SK14 8LZ
21-03-2020 06:00,8.31568,20.962,15.6,8.21147,TAM1,SK14 8LZ
21-03-2020 07:00,20.9555,47.54794,19.5,15.41662,TAM1,SK14 8LZ
21-03-2020 08:00,29.27118,65.95359,26.7,21.07174,TAM1,SK14 8LZ
21-03-2020 09:00,25.27966,60.32964,36.1,21.56805,TAM1,SK14 8LZ
21-03-2020 10:00,35.59109,78.22403,25,23.65178,TAM1,SK14 8LZ
21-03-2020 11:00,33.92796,76.69023,17.8,24.66808,TAM1,SK14 8LZ
21-03-2020 12:00,31.59957,71.57754,20.8,23.12555,TAM1,SK14 8LZ
21-03-2020 13:00,28.2733,67.99867,19.8,24.64688,TAM1,SK14 8LZ
21-03-2020 14:00,26.94279,63.39725,25.3,22.08555,TAM1,SK14 8LZ
21-03-2020 15:00,30.26906,69.53247,20,23.12056,TAM1,SK14 8LZ
21-03-2020 16:00,27.60804,64.41979,27.2,22.08804,TAM1,SK14 8LZ
21-03-2020 17:00,28.93855,67.4874,25.7,23.11557,TAM1,SK14 8LZ
21-03-2020 18:00,28.60593,74.64515,25.2,30.78335,TAM1,SK14 8LZ
21-03-2020 19:00,24.28177,60.32964,23.5,23.09811,TAM1,SK14 8LZ
21-03-2020 20:00,20.29025,50.61555,27.2,19.50427,TAM1,SK14 8LZ
21-03-2020 21:00,19.95762,51.63809,22.8,21.03682,TAM1,SK14 8LZ
21-03-2020 22:00,13.63771,35.78877,20.3,14.87791,TAM1,SK14 8LZ
21-03-2020 23:00,19.95762,49.59301,22.8,18.99175,TAM1,SK14 8LZ
22-03-2020 00:00,13.30508,36.81131,47.2,16.41047,TAM1,SK14 8LZ
22-03-2020 01:00,14.61296,43.55819,31,21.15197,TAM1,SK14 8LZ
22-03-2020 02:00,7.52789,23.82088,19.7,12.27828,TAM1,SK14 8LZ
22-03-2020 03:00,7.30648,23.48059,18.8,12.27748,TAM1,SK14 8LZ
22-03-2020 04:00,4.64958,12.76119,11.7,5.63194,TAM1,SK14 8LZ
22-03-2020 05:00,2.98901,11.74029,12,7.1572,TAM1,SK14 8LZ
22-03-2020 06:00,10.62761,30.1164,12.5,13.82097,TAM1,SK14 8LZ
22-03-2020 07:00,10.95972,31.1373,13.6,14.33263,TAM1,SK14 8LZ
22-03-2020 08:00,12.95239,33.68954,13.8,13.82948,TAM1,SK14 8LZ
22-03-2020 09:00,15.6093,39.30446,20,15.37054,TAM1,SK14 8LZ
22-03-2020 10:00,23.58,52.06565,19.5,15.91015,TAM1,SK14 8LZ
22-03-2020 11:00,33.87549,78.60892,26,26.66722,TAM1,SK14 8LZ
22-03-2020 12:00,27.89746,65.84773,25.7,23.07221,TAM1,SK14 8LZ
22-03-2020 13:00,34.2076,82.6925,24.4,30.24157,TAM1,SK14 8LZ
22-03-2020 14:00,31.21859,76.56713,24.2,28.69929,TAM1,SK14 8LZ
22-03-2020 15:00,32.54704,80.65071,27.5,30.74594,TAM1,SK14 8LZ
22-03-2020 16:00,29.22591,74.52534,25.1,29.7129,TAM1,SK14 8LZ
22-03-2020 17:00,26.90113,70.9522,22.9,29.70439,TAM1,SK14 8LZ
22-03-2020 18:00,42.84253,113.31935,33.7,47.62838,TAM1,SK14 8LZ
22-03-2020 19:00,34.53972,90.34921,35,37.38905,TAM1,SK14 8LZ
22-03-2020 20:00,29.22591,77.07757,29.8,32.26513,TAM1,SK14 8LZ
22-03-2020 21:00,13.28451,39.81491,24.7,19.44561,TAM1,SK14 8LZ
22-03-2020 22:00,11.62394,33.68954,20.3,15.8664,TAM1,SK14 8LZ
22-03-2020 23:00,10.95972,33.17909,15.3,16.37442,TAM1,SK14 8LZ
23-03-2020 00:00,9.29915,27.56416,38.9,13.30566,TAM1,SK14 8LZ
23-03-2020 01:00,9.72688,29.21861,23.5,14.30426,TAM1,SK14 8LZ
23-03-2020 02:00,3.97918,17.66707,17.5,11.56574,TAM1,SK14 8LZ
23-03-2020 03:00,5.96877,19.87545,15.5,10.72346,TAM1,SK14 8LZ
23-03-2020 04:00,6.63197,20.38507,18.8,10.2162,TAM1,SK14 8LZ
23-03-2020 05:00,17.24311,44.84716,25.5,18.4081,TAM1,SK14 8LZ
23-03-2020 06:00,49.73974,110.58903,28.5,34.32249,TAM1,SK14 8LZ
23-03-2020 07:00,107.43784,237.99574,38.9,73.26002,TAM1,SK14 8LZ
23-03-2020 08:00,30.83864,69.81888,12.4,22.53362,TAM1,SK14 8LZ
23-03-2020 09:00,8.28996,24.97172,15,12.26063,TAM1,SK14 8LZ
23-03-2020 10:00,44.10257,101.41574,21.1,33.79275,TAM1,SK14 8LZ
23-03-2020 11:00,45.09737,99.37724,19.4,30.22891,TAM1,SK14 8LZ
23-03-2020 12:00,50.73454,119.25268,26.1,41.46081,TAM1,SK14 8LZ
23-03-2020 13:00,13.92713,37.71239,14.2,16.35776,TAM1,SK14 8LZ
23-03-2020 14:00,17.24311,43.82791,22.4,17.38884,TAM1,SK14 8LZ
23-03-2020 15:00,11.60594,34.145,16.9,16.34947,TAM1,SK14 8LZ
23-03-2020 16:00,11.60594,35.67388,18.4,17.87835,TAM1,SK14 8LZ
23-03-2020 17:00,14.25873,42.80866,20.2,20.94558,TAM1,SK14 8LZ
23-03-2020 18:00,8.95315,35.16425,20.9,21.43628,TAM1,SK14 8LZ
23-03-2020 19:00,25.53307,70.32851,26.3,31.17835,TAM1,SK14 8LZ
23-03-2020 20:00,19.8959,58.09746,18,27.59085,TAM1,SK14 8LZ
23-03-2020 21:00,15.25352,48.41455,20.9,25.02615,TAM1,SK14 8LZ
23-03-2020 22:00,10.27955,37.71239,21.2,21.95064,TAM1,SK14 8LZ
23-03-2020 23:00,39.1286,111.09865,30.5,51.10231,TAM1,SK14 8LZ
24-03-2020 00:00,29.51225,86.63656,29.1,41.38509,TAM1,SK14 8LZ
24-03-2020 01:00,22.95515,73.26809,23,38.07069,TAM1,SK14 8LZ
24-03-2020 02:00,9.7118,42.06131,19,27.1701,TAM1,SK14 8LZ
24-03-2020 03:00,4.96626,21.36986,11.9,13.75504,TAM1,SK14 8LZ
24-03-2020 04:00,15.89203,51.38943,19.3,27.02199,TAM1,SK14 8LZ
24-03-2020 05:00,21.18937,66.65361,20.3,34.1637,TAM1,SK14 8LZ
24-03-2020 06:00,88.73048,199.45203,31.5,63.40052,TAM1,SK14 8LZ
24-03-2020 07:00,88.73048,194.36397,31.1,58.31246,TAM1,SK14 8LZ
24-03-2020 08:00,85.75073,185.71426,31,54.23165,TAM1,SK14 8LZ
24-03-2020 09:00,68.20328,148.57141,32.9,43.9945,TAM1,SK14 8LZ
24-03-2020 10:00,60.25727,132.28961,35.1,39.89642,TAM1,SK14 8LZ
24-03-2020 11:00,31.45297,68.68884,31.1,20.46162,TAM1,SK14 8LZ
24-03-2020 12:00,14.23661,39.68688,30.9,17.85772,TAM1,SK14 8LZ
24-03-2020 13:00,15.56094,41.72211,29.2,17.86233,TAM1,SK14 8LZ
24-03-2020 14:00,10.2636,31.54598,29.6,15.80868,TAM1,SK14 8LZ
24-03-2020 15:00,9.27035,30.01957,28.7,15.80523,TAM1,SK14 8LZ
24-03-2020 16:00,11.91902,37.14285,27.1,18.86728,TAM1,SK14 8LZ
24-03-2020 17:00,8.2771,31.03718,29.5,18.34581,TAM1,SK14 8LZ
24-03-2020 18:00,14.23661,43.24853,30.5,21.41937,TAM1,SK14 8LZ
24-03-2020 19:00,8.93926,35.10763,30.5,21.40095,TAM1,SK14 8LZ
24-03-2020 20:00,7.61493,32.05479,30.5,20.37873,TAM1,SK14 8LZ
24-03-2020 21:00,9.27035,45.28375,31.7,31.06942,TAM1,SK14 8LZ
24-03-2020 22:00,9.60143,41.72211,29.2,27.00012,TAM1,SK14 8LZ
24-03-2020 23:00,6.29059,31.54598,28.3,21.90054,TAM1,SK14 8LZ
25-03-2020 00:00,2.31759,20.86106,24.9,17.30747,TAM1,SK14 8LZ
25-03-2020 01:00,1.76304,19.64211,23.7,16.93882,TAM1,SK14 8LZ
25-03-2020 02:00,10.13746,39.96153,24.9,24.41763,TAM1,SK14 8LZ
25-03-2020 03:00,8.92538,44.70273,24.7,31.01734,TAM1,SK14 8LZ
25-03-2020 04:00,29.75126,87.37351,28.4,41.75556,TAM1,SK14 8LZ
25-03-2020 05:00,26.44556,74.67387,21.7,34.12458,TAM1,SK14 8LZ
25-03-2020 06:00,60.82479,137.66408,25.5,44.40071,TAM1,SK14 8LZ
25-03-2020 07:00,139.16976,282.43996,31.9,69.0493,TAM1,SK14 8LZ
25-03-2020 08:00,75.03928,164.07933,28.9,49.02071,TAM1,SK14 8LZ
25-03-2020 09:00,90.24547,201.67026,57.4,63.2958,TAM1,SK14 8LZ
25-03-2020 10:00,67.10561,151.88768,39.6,48.99384,TAM1,SK14 8LZ
25-03-2020 11:00,35.04037,80.7697,26.8,27.04189,TAM1,SK14 8LZ
25-03-2020 12:00,55.53568,123.94847,31.2,38.79496,TAM1,SK14 8LZ
25-03-2020 13:00,53.88283,127.50437,34.1,44.88519,TAM1,SK14 8LZ
25-03-2020 14:00,47.60201,118.86862,37.5,45.87989,TAM1,SK14 8LZ
25-03-2020 15:00,48.26315,120.90056,36.3,46.8981,TAM1,SK14 8LZ
25-03-2020 16:00,23.47043,67.05409,31.1,31.06659,TAM1,SK14 8LZ
25-03-2020 17:00,12.56164,39.11489,16.5,19.85397,TAM1,SK14 8LZ
25-03-2020 18:00,8.59481,33.01906,15.5,19.84054,TAM1,SK14 8LZ
25-03-2020 19:00,78.34497,201.67026,33.7,81.54298,TAM1,SK14 8LZ
25-03-2020 20:00,42.3129,129.53631,30.4,64.65744,TAM1,SK14 8LZ
25-03-2020 21:00,24.79271,93.46934,27.3,55.45438,TAM1,SK14 8LZ
25-03-2020 22:00,19.5036,75.18186,26.8,45.27676,TAM1,SK14 8LZ
25-03-2020 23:00,19.5036,59.94229,24.5,30.03719,TAM1,SK14 8LZ
26-03-2020 00:00,11.9005,53.33848,34,35.0913,TAM1,SK14 8LZ
26-03-2020 01:00,4.84081,29.75367,32.8,22.33121,TAM1,SK14 8LZ
26-03-2020 02:00,10.12169,43.27807,32.7,27.75836,TAM1,SK14 8LZ
26-03-2020 03:00,7.26121,27.89407,20.8,16.76036,TAM1,SK14 8LZ
26-03-2020 04:00,16.1727,50.71649,20.3,25.91869,TAM1,SK14 8LZ
26-03-2020 05:00,15.84265,47.6735,23.4,23.38178,TAM1,SK14 8LZ
26-03-2020 06:00,53.13887,121.21241,23.6,39.73394,TAM1,SK14 8LZ
26-03-2020 07:00,155.12591,322.0497,38.3,84.1933,TAM1,SK14 8LZ
26-03-2020 08:00,121.79034,260.17559,43.5,73.433,TAM1,SK14 8LZ
26-03-2020 09:00,76.90284,170.4074,39.2,52.49135,TAM1,SK14 8LZ
26-03-2020 10:00,49.83832,118.16942,33.8,41.75172,TAM1,SK14 8LZ
26-03-2020 11:00,51.4886,127.29839,27.1,48.3503,TAM1,SK14 8LZ
26-03-2020 12:00,52.47876,117.66225,15.4,37.19594,TAM1,SK14 8LZ
26-03-2020 13:00,53.13887,124.76256,24,43.28409,TAM1,SK14 8LZ
26-03-2020 14:00,70.96185,160.2641,31.8,51.45745,TAM1,SK14 8LZ
26-03-2020 15:00,61.72031,148.09215,34,53.45566,TAM1,SK14 8LZ
26-03-2020 16:00,44.55744,116.14076,41,47.8203,TAM1,SK14 8LZ
26-03-2020 17:00,52.80882,137.44168,49.4,56.46929,TAM1,SK14 8LZ
26-03-2020 18:00,40.92683,118.67658,56.9,55.92298,TAM1,SK14 8LZ
26-03-2020 19:00,33.00551,97.88282,45.4,47.27508,TAM1,SK14 8LZ
26-03-2020 20:00,18.81314,66.94577,33.8,38.09935,TAM1,SK14 8LZ
26-03-2020 21:00,16.50276,63.90278,43.6,38.5989,TAM1,SK14 8LZ
26-03-2020 22:00,9.24154,38.54453,40.8,24.37436,TAM1,SK14 8LZ
26-03-2020 23:00,9.90165,37.5302,34.6,22.34788,TAM1,SK14 8LZ
27-03-2020 00:00,7.59127,33.98005,38.2,22.34027,TAM1,SK14 8LZ
27-03-2020 01:00,7.46959,33.08116,39.8,21.62794,TAM1,SK14 8LZ
27-03-2020 02:00,7.0302,31.05578,34.2,20.27629,TAM1,SK14 8LZ
27-03-2020 03:00,3.62495,20.76011,30.5,15.20194,TAM1,SK14 8LZ
27-03-2020 04:00,13.51117,36.96313,27.5,16.24629,TAM1,SK14 8LZ
27-03-2020 05:00,10.87484,34.93775,25.6,18.26322,TAM1,SK14 8LZ
27-03-2020 06:00,31.63591,83.04045,31.9,34.53273,TAM1,SK14 8LZ
27-03-2020 07:00,66.56723,150.38424,32.5,48.31591,TAM1,SK14 8LZ
27-03-2020 08:00,79.08978,173.67607,31.2,52.40677,TAM1,SK14 8LZ
27-03-2020 09:00,46.46524,107.85132,38.8,36.60561,TAM1,SK14 8LZ
27-03-2020 10:00,46.1357,107.85132,48.2,37.1109,TAM1,SK14 8LZ
27-03-2020 11:00,49.43111,116.96552,46.7,41.1722,TAM1,SK14 8LZ
27-03-2020 12:00,57.66963,130.63681,35.5,42.21128,TAM1,SK14 8LZ
27-03-2020 13:00,40.20397,100.25616,34.9,38.61093,TAM1,SK14 8LZ
27-03-2020 14:00,53.3856,126.07971,34.7,44.22294,TAM1,SK14 8LZ
27-03-2020 15:00,42.18121,101.77519,38.1,37.09823,TAM1,SK14 8LZ
27-03-2020 16:00,29.98821,80.50873,27,34.52746,TAM1,SK14 8LZ
27-03-2020 17:00,30.64729,85.06583,27,38.07398,TAM1,SK14 8LZ
27-03-2020 18:00,29.65867,90.63562,30.9,45.15963,TAM1,SK14 8LZ
27-03-2020 19:00,25.70418,72.91357,33.9,33.50105,TAM1,SK14 8LZ
27-03-2020 20:00,16.47704,59.74862,35.7,34.48418,TAM1,SK14 8LZ
27-03-2020 21:00,10.87484,38.98851,26.2,22.31398,TAM1,SK14 8LZ
27-03-2020 22:00,8.8976,35.4441,29.9,21.8013,TAM1,SK14 8LZ
27-03-2020 23:00,9.22714,32.40603,31.7,18.25795,TAM1,SK14 8LZ
28-03-2020 00:00,4.61357,19.24108,29.6,12.16704,TAM1,SK14 8LZ
28-03-2020 01:00,3.50961,15.50272,24.5,10.12139,TAM1,SK14 8LZ
28-03-2020 02:00,2.63221,13.48063,19,9.44463,TAM1,SK14 8LZ
28-03-2020 03:00,3.94832,14.66019,10.8,8.60618,TAM1,SK14 8LZ
28-03-2020 04:00,3.94832,14.15466,10.8,8.10066,TAM1,SK14 8LZ
28-03-2020 05:00,3.94832,15.67123,1.9,9.61723,TAM1,SK14 8LZ
28-03-2020 06:00,11.51592,29.82589,6.8,12.16839,TAM1,SK14 8LZ
28-03-2020 07:00,11.1869,29.32037,16.4,12.16737,TAM1,SK14 8LZ
28-03-2020 08:00,10.85787,31.34246,15,14.69396,TAM1,SK14 8LZ
28-03-2020 09:00,11.84495,29.82589,10.2,11.66389,TAM1,SK14 8LZ
28-03-2020 10:00,11.1869,29.32037,18.1,12.16737,TAM1,SK14 8LZ
28-03-2020 11:00,9.54176,28.30932,15.3,13.67882,TAM1,SK14 8LZ
28-03-2020 12:00,8.55469,26.28723,17,13.17023,TAM1,SK14 8LZ
28-03-2020 13:00,14.80619,39.93636,19.5,17.23386,TAM1,SK14 8LZ
28-03-2020 14:00,12.17398,34.3756,17.4,15.7091,TAM1,SK14 8LZ
28-03-2020 15:00,8.88371,27.29827,9.1,13.67677,TAM1,SK14 8LZ
28-03-2020 16:00,8.22566,24.77066,18.3,12.15816,TAM1,SK14 8LZ
28-03-2020 17:00,9.21274,24.77066,19.5,10.64465,TAM1,SK14 8LZ
28-03-2020 18:00,7.89663,21.73751,21.6,9.62951,TAM1,SK14 8LZ
28-03-2020 19:00,8.88371,25.27618,16.9,11.65468,TAM1,SK14 8LZ
28-03-2020 20:00,4.9354,16.17676,20.2,8.60926,TAM1,SK14 8LZ
28-03-2020 21:00,4.60637,14.66019,22.9,7.59718,TAM1,SK14 8LZ
28-03-2020 22:00,6.58053,19.2099,30,9.1199,TAM1,SK14 8LZ
28-03-2020 23:00,4.27734,13.14361,21.5,6.58511,TAM1,SK14 8LZ
29-03-2020 00:00,2.96124,9.09942,17.3,4.55892,TAM1,SK14 8LZ
29-03-2020 01:00,2.6281,8.74818,12.7,4.71849,TAM1,SK14 8LZ
29-03-2020 02:00,1.31405,4.71056,15.4,2.69572,TAM1,SK14 8LZ
29-03-2020 03:00,2.29958,6.05643,14.4,2.53046,TAM1,SK14 8LZ
29-03-2020 04:00,2.6281,7.57054,12.5,3.54085,TAM1,SK14 8LZ
29-03-2020 05:00,3.28512,10.59876,14.5,5.56165,TAM1,SK14 8LZ
29-03-2020 06:00,8.54131,19.17871,18.7,6.08222,TAM1,SK14 8LZ
29-03-2020 07:00,6.24173,16.6552,15.6,7.08468,TAM1,SK14 8LZ
29-03-2020 08:00,7.22726,19.68341,14.6,8.60177,TAM1,SK14 8LZ
29-03-2020 09:00,7.55578,19.17871,20.1,7.59335,TAM1,SK14 8LZ
29-03-2020 10:00,7.55578,17.6646,16,6.07924,TAM1,SK14 8LZ
29-03-2020 11:00,8.2128,22.20693,14.5,9.61415,TAM1,SK14 8LZ
29-03-2020 12:00,13.14048,34.3198,22.8,14.17135,TAM1,SK14 8LZ
29-03-2020 13:00,11.16941,31.79628,18.4,14.6701,TAM1,SK14 8LZ
29-03-2020 14:00,7.22726,20.69282,8.7,9.61117,TAM1,SK14 8LZ
29-03-2020 15:00,7.22726,20.18812,21.9,9.10647,TAM1,SK14 8LZ
29-03-2020 16:00,7.88429,23.21634,20.5,11.12726,TAM1,SK14 8LZ
29-03-2020 17:00,5.91322,17.6646,13.9,8.5978,TAM1,SK14 8LZ
29-03-2020 18:00,5.91322,15.14109,14.8,6.07428,TAM1,SK14 8LZ
29-03-2020 19:00,7.55578,21.19752,27.1,9.61216,TAM1,SK14 8LZ
29-03-2020 20:00,8.54131,25.23515,28.4,12.13865,TAM1,SK14 8LZ
29-03-2020 21:00,12.15494,33.8151,17.9,15.17778,TAM1,SK14 8LZ
29-03-2020 22:00,10.51238,36.33861,18.7,20.21985,TAM1,SK14 8LZ
29-03-2020 23:00,4.59917,23.21634,13.7,16.16438,TAM1,SK14 8LZ
30-03-2020 00:00,16.75411,45.92797,14.9,20.23869,TAM1,SK14 8LZ
30-03-2020 01:00,6.99728,27.54556,18.1,16.81655,TAM1,SK14 8LZ
30-03-2020 02:00,2.18665,16.79608,13,13.44326,TAM1,SK14 8LZ
30-03-2020 03:00,8.19994,34.26399,15.6,21.69093,TAM1,SK14 8LZ
30-03-2020 04:00,11.47992,41.31835,14.3,23.71605,TAM1,SK14 8LZ
30-03-2020 05:00,72.48747,157.21127,14.1,46.06537,TAM1,SK14 8LZ
30-03-2020 06:00,130.21504,262.01878,22.6,62.3585,TAM1,SK14 8LZ
30-03-2020 07:00,132.18303,264.53819,25.4,61.86037,TAM1,SK14 8LZ
30-03-2020 08:00,105.28723,220.70043,22.9,59.26227,TAM1,SK14 8LZ
30-03-2020 09:00,76.42344,167.28891,18.4,50.10794,TAM1,SK14 8LZ
30-03-2020 10:00,78.06343,170.31221,15.6,50.61662,TAM1,SK14 8LZ
30-03-2020 11:00,33.45575,80.62116,23.8,29.32305,TAM1,SK14 8LZ
30-03-2020 12:00,36.73573,81.12505,108.6,24.79771,TAM1,SK14 8LZ
30-03-2020 13:00,38.70372,84.65222,66.1,25.30735,TAM1,SK14 8LZ
30-03-2020 14:00,28.20779,62.98528,34.8,19.73394,TAM1,SK14 8LZ
30-03-2020 15:00,21.97584,55.42705,26.7,21.73124,TAM1,SK14 8LZ
30-03-2020 16:00,17.05588,42.82999,15.1,16.67802,TAM1,SK14 8LZ
30-03-2020 17:00,19.67986,48.87658,15.9,18.70122,TAM1,SK14 8LZ
30-03-2020 18:00,13.1199,35.27176,13.7,15.15486,TAM1,SK14 8LZ
30-03-2020 19:00,11.47992,31.2407,11.7,13.63841,TAM1,SK14 8LZ
30-03-2020 20:00,9.51193,27.20964,13,12.62489,TAM1,SK14 8LZ
30-03-2020 21:00,6.23195,20.15529,11.7,10.59976,TAM1,SK14 8LZ
30-03-2020 22:00,6.23195,17.63588,18.9,8.08035,TAM1,SK14 8LZ
30-03-2020 23:00,4.91996,15.62035,17.3,8.07651,TAM1,SK14 8LZ
31-03-2020 00:00,4.91996,15.62035,13.9,8.07651,TAM1,SK14 8LZ
31-03-2020 01:00,6.98631,19.45172,7,8.73953,TAM1,SK14 8LZ
31-03-2020 02:00,3.49316,11.40273,3.3,6.04664,TAM1,SK14 8LZ
31-03-2020 03:00,6.22218,16.60103,4.5,7.06049,TAM1,SK14 8LZ
31-03-2020 04:00,11.13443,30.1837,7.3,13.11114,TAM1,SK14 8LZ
31-03-2020 05:00,30.78342,72.44087,7,25.24028,TAM1,SK14 8LZ
31-03-2020 06:00,76.95855,173.05319,15.1,55.05173,TAM1,SK14 8LZ
31-03-2020 07:00,66.80657,148.40317,9.4,45.96786,TAM1,SK14 8LZ
31-03-2020 08:00,72.70127,159.97359,13,48.49986,TAM1,SK14 8LZ
31-03-2020 09:00,55.01718,123.75316,33.5,39.39466,TAM1,SK14 8LZ
31-03-2020 10:00,62.22181,141.86337,116.8,46.45793,TAM1,SK14 8LZ
31-03-2020 11:00,44.21023,101.11538,60.5,33.32731,TAM1,SK14 8LZ
31-03-2020 12:00,56.98208,126.77153,41.6,39.40023,TAM1,SK14 8LZ
31-03-2020 13:00,51.08738,115.70417,28.4,37.37128,TAM1,SK14 8LZ
31-03-2020 14:00,68.44399,151.42155,27,46.47556,TAM1,SK14 8LZ
31-03-2020 15:00,52.7248,127.27459,23.9,46.43103,TAM1,SK14 8LZ
31-03-2020 16:00,19.97648,52.82147,15.5,22.1913,TAM1,SK14 8LZ
31-03-2020 17:00,35.69567,94.07252,18.7,39.33992,TAM1,SK14 8LZ
31-03-2020 18:00,32.74832,87.53272,18.2,37.31933,TAM1,SK14 8LZ
31-03-2020 19:00,28.81852,81.99904,26.6,37.81126,TAM1,SK14 8LZ
31-03-2020 20:00,18.33906,57.85209,19.2,29.73259,TAM1,SK14 8LZ
31-03-2020 21:00,null,null,null,null,TAM1,SK14 8LZ
31-03-2020 22:00,null,null,null,null,TAM1,SK14 8LZ
31-03-2020 23:00,null,null,null,null,TAM1,SK14 8LZ
