timestamp,NO₂ level  (µg/m³),NOx level  (µg/m³),PM₁₀ level  (µg/m³),NO level  (µg/m³),StationName,PostCodes
01-02-2020 00:00,16.4036,24.90441,3.9,5.54408,TRF2,M32 8WB
01-02-2020 01:00,11.03709,15.84911,5.8,3.13832,TRF2,M32 8WB
01-02-2020 02:00,3.43076,5.15447,18.4,1.12417,TRF2,M32 8WB
01-02-2020 03:00,3.38832,4.6811,26.1,0.84313,TRF2,M32 8WB
01-02-2020 04:00,4.26977,6.1012,22.2,1.19443,TRF2,M32 8WB
01-02-2020 05:00,4.69181,6.46938,25.1,1.1593,TRF2,M32 8WB
01-02-2020 06:00,6.19934,8.73103,24.2,1.65113,TRF2,M32 8WB
01-02-2020 07:00,8.64599,12.25501,19.3,2.35374,TRF2,M32 8WB
01-02-2020 08:00,10.37081,16.67312,15.5,4.11026,TRF2,M32 8WB
01-02-2020 09:00,17.2044,28.13918,18.4,7.13147,TRF2,M32 8WB
01-02-2020 10:00,15.64864,27.87619,16.4,7.9746,TRF2,M32 8WB
01-02-2020 11:00,18.63395,31.40016,14.5,8.32591,TRF2,M32 8WB
01-02-2020 12:00,14.69698,22.66913,16.4,5.1993,TRF2,M32 8WB
01-02-2020 13:00,13.61133,25.24636,18.4,7.58817,TRF2,M32 8WB
01-02-2020 14:00,14.91919,29.08591,16.4,9.2393,TRF2,M32 8WB
01-02-2020 15:00,16.75301,33.45143,19.3,10.89043,TRF2,M32 8WB
01-02-2020 16:00,15.534,25.93012,5.8,6.78017,TRF2,M32 8WB
01-02-2020 17:00,18.09601,29.13851,4.8,7.20173,TRF2,M32 8WB
01-02-2020 18:00,13.54565,19.03997,7.7,3.5833,TRF2,M32 8WB
01-02-2020 19:00,12.40827,14.83224,7.7,1.58087,TRF2,M32 8WB
01-02-2020 20:00,11.89881,13.62252,16.4,1.12417,TRF2,M32 8WB
01-02-2020 21:00,14.89301,16.77831,11.6,1.22957,TRF2,M32 8WB
01-02-2020 22:00,19.72031,26.56128,8.7,4.46156,TRF2,M32 8WB
01-02-2020 23:00,16.31438,18.14582,10.6,1.19443,TRF2,M32 8WB
02-02-2020 00:00,37.23323,57.54067,21.3,13.24416,TRF2,M32 8WB
02-02-2020 01:00,33.63864,42.05159,14.5,5.48678,TRF2,M32 8WB
02-02-2020 02:00,21.30965,37.4884,14.5,10.55151,TRF2,M32 8WB
02-02-2020 03:00,12.87418,22.85107,9.7,6.50676,TRF2,M32 8WB
02-02-2020 04:00,16.623,28.37956,7.7,7.66743,TRF2,M32 8WB
02-02-2020 05:00,14.38705,24.95716,5.8,6.89365,TRF2,M32 8WB
02-02-2020 06:00,14.90689,23.53555,6.8,5.62747,TRF2,M32 8WB
02-02-2020 07:00,15.45128,23.32494,4.8,5.13507,TRF2,M32 8WB
02-02-2020 08:00,18.20963,25.22042,2.9,4.57232,TRF2,M32 8WB
02-02-2020 09:00,23.16533,29.90647,2.9,4.39646,TRF2,M32 8WB
02-02-2020 10:00,37.13047,58.91786,3.9,14.20936,TRF2,M32 8WB
02-02-2020 11:00,45.3518,75.71392,6.8,19.80166,TRF2,M32 8WB
02-02-2020 12:00,33.68569,60.86599,7.7,17.72653,TRF2,M32 8WB
02-02-2020 13:00,29.42695,54.1265,5.8,16.10863,TRF2,M32 8WB
02-02-2020 14:00,17.30522,31.38074,6.8,9.17981,TRF2,M32 8WB
02-02-2020 15:00,22.53244,40.43692,17.4,11.677,TRF2,M32 8WB
02-02-2020 16:00,17.89206,31.644,27.1,8.96878,TRF2,M32 8WB
02-02-2020 17:00,19.84658,33.32887,24.2,8.79292,TRF2,M32 8WB
02-02-2020 18:00,27.77791,42.06914,20.3,9.3205,TRF2,M32 8WB
02-02-2020 19:00,16.96573,27.58978,23.2,6.92882,TRF2,M32 8WB
02-02-2020 20:00,18.15983,27.27386,20.3,5.94402,TRF2,M32 8WB
02-02-2020 21:00,11.84765,18.48094,18.4,4.32612,TRF2,M32 8WB
02-02-2020 22:00,9.8057,15.95363,20.3,4.00957,TRF2,M32 8WB
02-02-2020 23:00,7.1278,10.74106,13.5,2.3565,TRF2,M32 8WB
03-02-2020 00:00,5.54057,9.4774,11.6,2.56753,TRF2,M32 8WB
03-02-2020 01:00,6.13644,8.15215,18.4,1.31462,TRF2,M32 8WB
03-02-2020 02:00,6.56023,7.74806,15.5,0.77469,TRF2,M32 8WB
03-02-2020 03:00,3.04036,3.74226,9.7,0.45777,TRF2,M32 8WB
03-02-2020 04:00,2.61741,3.37331,8.7,0.49298,TRF2,M32 8WB
03-02-2020 05:00,4.40948,5.16537,10.6,0.49298,TRF2,M32 8WB
03-02-2020 06:00,4.29893,5.27079,9.7,0.63383,TRF2,M32 8WB
03-02-2020 07:00,8.94368,11.85928,14.5,1.9015,TRF2,M32 8WB
03-02-2020 08:00,14.96784,19.44921,15.5,2.92268,TRF2,M32 8WB
03-02-2020 09:00,16.97973,21.08316,20.3,2.67619,TRF2,M32 8WB
03-02-2020 10:00,20.25155,28.62039,22.2,5.45801,TRF2,M32 8WB
03-02-2020 11:00,14.30837,19.92358,18.4,3.66215,TRF2,M32 8WB
03-02-2020 12:00,10.51725,15.97049,16.4,3.55651,TRF2,M32 8WB
03-02-2020 13:00,9.71503,13.44051,17.4,2.42969,TRF2,M32 8WB
03-02-2020 14:00,8.88969,11.85928,19.3,1.93671,TRF2,M32 8WB
03-02-2020 15:00,13.30174,16.91923,16.4,2.35927,TRF2,M32 8WB
03-02-2020 16:00,15.12211,19.76546,14.5,3.02832,TRF2,M32 8WB
03-02-2020 17:00,18.65354,23.29689,15.5,3.02832,TRF2,M32 8WB
03-02-2020 18:00,23.65184,30.88683,13.5,4.71854,TRF2,M32 8WB
03-02-2020 19:00,14.40861,18.0261,7.7,2.35927,TRF2,M32 8WB
03-02-2020 20:00,28.9034,39.16196,14.5,6.69046,TRF2,M32 8WB
03-02-2020 21:00,19.28475,23.98209,10.6,3.06353,TRF2,M32 8WB
03-02-2020 22:00,8.18004,9.96179,10.6,1.16203,TRF2,M32 8WB
03-02-2020 23:00,4.59205,6.53578,11.6,1.26767,TRF2,M32 8WB
04-02-2020 00:00,4.24108,5.42891,21.3,0.77469,TRF2,M32 8WB
04-02-2020 01:00,5.18188,6.19092,17.4,0.65808,TRF2,M32 8WB
04-02-2020 02:00,2.08728,3.06029,13.5,0.63458,TRF2,M32 8WB
04-02-2020 03:00,1.39877,2.47989,9.7,0.70509,TRF2,M32 8WB
04-02-2020 04:00,0.88277,1.47738,8.7,0.3878,TRF2,M32 8WB
04-02-2020 05:00,0.8776,1.68843,12.6,0.52881,TRF2,M32 8WB
04-02-2020 06:00,1.91478,3.4824,18.4,1.02237,TRF2,M32 8WB
04-02-2020 07:00,4.98777,8.23111,14.5,2.11526,TRF2,M32 8WB
04-02-2020 08:00,6.31203,9.33915,14.5,1.97424,TRF2,M32 8WB
04-02-2020 09:00,10.99872,16.62052,20.3,3.66644,TRF2,M32 8WB
04-02-2020 10:00,11.86619,16.51499,16.4,3.03186,TRF2,M32 8WB
04-02-2020 11:00,11.09283,14.98485,17.4,2.53831,TRF2,M32 8WB
04-02-2020 12:00,13.38966,20.52502,24.2,4.65356,TRF2,M32 8WB
04-02-2020 13:00,14.60968,21.47476,24.2,4.47729,TRF2,M32 8WB
04-02-2020 14:00,20.33937,36.93448,17.4,10.82305,TRF2,M32 8WB
04-02-2020 15:00,22.15228,42.36913,13.5,13.18509,TRF2,M32 8WB
04-02-2020 16:00,29.36301,48.12035,19.3,12.23322,TRF2,M32 8WB
04-02-2020 17:00,37.14788,65.74338,20.3,18.6495,TRF2,M32 8WB
04-02-2020 18:00,36.44948,47.9093,12.6,7.4739,TRF2,M32 8WB
04-02-2020 19:00,34.12659,45.64047,21.3,7.50915,TRF2,M32 8WB
04-02-2020 20:00,34.95358,51.60275,23.2,10.85831,TRF2,M32 8WB
04-02-2020 21:00,32.03026,42.94953,20.3,7.12136,TRF2,M32 8WB
04-02-2020 22:00,24.51028,27.75362,18.4,2.11526,TRF2,M32 8WB
04-02-2020 23:00,36.37066,51.12787,21.3,9.62441,TRF2,M32 8WB
05-02-2020 00:00,45.04778,65.4268,21.3,13.29085,TRF2,M32 8WB
05-02-2020 01:00,37.41883,51.12898,26.1,8.94153,TRF2,M32 8WB
05-02-2020 02:00,33.01518,48.27675,16.4,9.95334,TRF2,M32 8WB
05-02-2020 03:00,23.03992,26.99061,21.3,2.57657,TRF2,M32 8WB
05-02-2020 04:00,22.78362,26.4096,17.4,2.3648,TRF2,M32 8WB
05-02-2020 05:00,22.66711,28.94492,16.4,4.09428,TRF2,M32 8WB
05-02-2020 06:00,36.19058,64.3866,11.6,18.38897,TRF2,M32 8WB
05-02-2020 07:00,52.55725,169.02143,17.4,75.95596,TRF2,M32 8WB
05-02-2020 08:00,65.51091,229.81632,21.3,107.1572,TRF2,M32 8WB
05-02-2020 09:00,65.83135,249.78198,27.1,119.96947,TRF2,M32 8WB
05-02-2020 10:00,57.97047,144.77742,16.4,56.61401,TRF2,M32 8WB
05-02-2020 11:00,62.61229,160.676,23.2,63.95548,TRF2,M32 8WB
05-02-2020 12:00,62.08445,164.5318,39.6,66.81442,TRF2,M32 8WB
05-02-2020 13:00,60.23757,136.22071,41.5,49.55491,TRF2,M32 8WB
05-02-2020 14:00,55.06616,102.25797,42.5,30.77769,TRF2,M32 8WB
05-02-2020 15:00,47.33188,80.0739,42.5,21.35379,TRF2,M32 8WB
05-02-2020 16:00,49.96007,94.22945,44.4,28.87174,TRF2,M32 8WB
05-02-2020 17:00,66.40527,120.90314,40.6,35.54259,TRF2,M32 8WB
05-02-2020 18:00,78.14871,164.90153,38.6,56.57872,TRF2,M32 8WB
05-02-2020 19:00,86.19202,284.48419,52.2,129.32279,TRF2,M32 8WB
05-02-2020 20:00,89.2916,396.03834,61.8,200.05501,TRF2,M32 8WB
05-02-2020 21:00,79.4767,366.03703,57,186.88978,TRF2,M32 8WB
05-02-2020 22:00,79.45848,390.96769,53.1,203.16101,TRF2,M32 8WB
05-02-2020 23:00,66.55871,319.1864,46.4,164.75949,TRF2,M32 8WB
06-02-2020 00:00,50.96413,207.36817,39.6,102.00405,TRF2,M32 8WB
06-02-2020 01:00,44.04551,199.58493,36.7,101.44017,TRF2,M32 8WB
06-02-2020 02:00,41.88322,175.28012,32.9,86.9992,TRF2,M32 8WB
06-02-2020 03:00,34.13247,140.32985,30.9,69.26012,TRF2,M32 8WB
06-02-2020 04:00,32.01423,101.09671,24.2,45.05442,TRF2,M32 8WB
06-02-2020 05:00,33.88729,77.93753,26.1,28.72882,TRF2,M32 8WB
06-02-2020 06:00,33.31733,116.32467,26.1,54.13597,TRF2,M32 8WB
06-02-2020 07:00,44.59584,223.34336,26.1,116.5761,TRF2,M32 8WB
06-02-2020 08:00,59.05333,352.99249,34.8,191.70213,TRF2,M32 8WB
06-02-2020 09:00,50.24279,308.31324,26.1,168.30917,TRF2,M32 8WB
06-02-2020 10:00,66.37302,411.94794,38.6,225.3781,TRF2,M32 8WB
06-02-2020 11:00,61.45675,321.53195,33.8,169.61663,TRF2,M32 8WB
06-02-2020 12:00,66.28295,246.87267,40.6,117.77755,TRF2,M32 8WB
06-02-2020 13:00,62.32429,194.42082,45.4,86.15111,TRF2,M32 8WB
06-02-2020 14:00,55.96272,140.54135,41.5,55.16074,TRF2,M32 8WB
06-02-2020 15:00,53.97445,117.96379,45.4,41.73276,TRF2,M32 8WB
06-02-2020 16:00,59.64906,122.93402,49.3,41.27338,TRF2,M32 8WB
06-02-2020 17:00,74.08117,176.91924,45.4,67.06924,TRF2,M32 8WB
06-02-2020 18:00,92.2489,369.06644,54.1,180.5357,TRF2,M32 8WB
06-02-2020 19:00,82.4329,310.26961,34.8,148.59123,TRF2,M32 8WB
06-02-2020 20:00,83.69562,322.74808,41.5,155.90595,TRF2,M32 8WB
06-02-2020 21:00,85.14264,347.4935,52.2,171.10077,TRF2,M32 8WB
06-02-2020 22:00,64.13056,213.40289,36.7,97.35288,TRF2,M32 8WB
06-02-2020 23:00,58.99553,234.8172,37.7,114.66791,TRF2,M32 8WB
07-02-2020 00:00,55.62148,263.89837,38.6,135.83465,TRF2,M32 8WB
07-02-2020 01:00,49.21049,173.54147,34.8,81.08655,TRF2,M32 8WB
07-02-2020 02:00,47.25899,82.51865,30,22.99575,TRF2,M32 8WB
07-02-2020 03:00,39.86879,67.75104,30,18.18433,TRF2,M32 8WB
07-02-2020 04:00,41.09904,48.80192,35.7,5.02369,TRF2,M32 8WB
07-02-2020 05:00,41.71843,50.07225,34.8,5.44822,TRF2,M32 8WB
07-02-2020 06:00,42.1135,117.1352,32.9,48.92788,TRF2,M32 8WB
07-02-2020 07:00,49.63883,124.28082,28,48.68023,TRF2,M32 8WB
07-02-2020 08:00,70.89925,292.54688,33.8,144.55482,TRF2,M32 8WB
07-02-2020 09:00,69.1618,255.49553,30,121.52369,TRF2,M32 8WB
07-02-2020 10:00,57.20917,157.99754,32.9,65.73246,TRF2,M32 8WB
07-02-2020 11:00,54.91244,158.73857,30.9,67.71364,TRF2,M32 8WB
07-02-2020 12:00,54.16946,144.97664,52.2,59.2229,TRF2,M32 8WB
07-02-2020 13:00,47.29937,122.37532,91.8,48.96326,TRF2,M32 8WB
07-02-2020 14:00,40.37899,90.88167,67.6,32.93699,TRF2,M32 8WB
07-02-2020 15:00,38.75099,77.80784,48.3,25.47222,TRF2,M32 8WB
07-02-2020 16:00,45.45769,96.06886,51.2,33.00774,TRF2,M32 8WB
07-02-2020 17:00,54.62254,113.64179,40.6,38.49135,TRF2,M32 8WB
07-02-2020 18:00,55.26199,107.55478,34.8,34.10447,TRF2,M32 8WB
07-02-2020 19:00,43.75506,79.44868,29,23.27877,TRF2,M32 8WB
07-02-2020 20:00,39.83526,64.734,22.2,16.23854,TRF2,M32 8WB
07-02-2020 21:00,29.92477,50.97207,19.3,13.72669,TRF2,M32 8WB
07-02-2020 22:00,25.79521,40.33304,20.3,9.48133,TRF2,M32 8WB
07-02-2020 23:00,21.70247,36.94549,27.1,9.94124,TRF2,M32 8WB
08-02-2020 00:00,15.25449,23.55407,27.1,5.41285,TRF2,M32 8WB
08-02-2020 01:00,13.40572,19.92279,23.2,4.25032,TRF2,M32 8WB
08-02-2020 02:00,7.40499,12.29279,6.8,3.18774,TRF2,M32 8WB
08-02-2020 03:00,6.07496,9.00765,8.7,1.91265,TRF2,M32 8WB
08-02-2020 04:00,1.60157,3.28514,9.7,1.098,TRF2,M32 8WB
08-02-2020 05:00,2.97921,4.66278,13.5,1.098,TRF2,M32 8WB
08-02-2020 06:00,7.48171,9.21959,8.7,1.13342,TRF2,M32 8WB
08-02-2020 07:00,12.73675,18.43918,4.8,3.71903,TRF2,M32 8WB
08-02-2020 08:00,28.37333,44.72031,12.6,10.66123,TRF2,M32 8WB
08-02-2020 09:00,39.4878,73.75672,14.5,22.34961,TRF2,M32 8WB
08-02-2020 10:00,29.72667,71.00144,19.3,26.91871,TRF2,M32 8WB
08-02-2020 11:00,39.52786,83.0293,15.5,28.3709,TRF2,M32 8WB
08-02-2020 12:00,27.25057,59.23852,18.4,20.862,TRF2,M32 8WB
08-02-2020 13:00,25.14046,58.9206,41.5,22.03084,TRF2,M32 8WB
08-02-2020 14:00,26.93529,58.81463,48.3,20.79116,TRF2,M32 8WB
08-02-2020 15:00,29.92244,63.15949,47.3,21.67664,TRF2,M32 8WB
08-02-2020 16:00,23.86988,51.07865,38.6,17.7451,TRF2,M32 8WB
08-02-2020 17:00,29.0812,59.87435,44.4,20.08277,TRF2,M32 8WB
08-02-2020 18:00,22.71991,44.93226,16.4,14.48652,TRF2,M32 8WB
08-02-2020 19:00,21.47999,42.38892,11.6,13.63645,TRF2,M32 8WB
08-02-2020 20:00,18.39738,35.34177,8.7,11.05084,TRF2,M32 8WB
08-02-2020 21:00,18.31654,34.22906,8.7,10.37787,TRF2,M32 8WB
08-02-2020 22:00,10.52346,22.25419,5.8,7.65058,TRF2,M32 8WB
08-02-2020 23:00,9.04771,18.28022,8.7,6.02129,TRF2,M32 8WB
09-02-2020 00:00,6.99977,15.47196,6.8,5.52542,TRF2,M32 8WB
09-02-2020 01:00,7.29281,12.73003,5.8,3.54606,TRF2,M32 8WB
09-02-2020 02:00,5.72117,14.69258,3.9,5.851,TRF2,M32 8WB
09-02-2020 03:00,6.94414,11.45703,1.9,2.94323,TRF2,M32 8WB
09-02-2020 04:00,4.98558,9.33536,-1,2.83685,TRF2,M32 8WB
09-02-2020 05:00,2.63329,5.56939,0,1.91487,TRF2,M32 8WB
09-02-2020 06:00,3.54298,6.15285,0,1.70211,TRF2,M32 8WB
09-02-2020 07:00,4.15155,7.90323,-1,2.44678,TRF2,M32 8WB
09-02-2020 08:00,6.05706,9.97186,0,2.55317,TRF2,M32 8WB
09-02-2020 09:00,4.62892,8.38061,2.9,2.44678,TRF2,M32 8WB
09-02-2020 10:00,6.24661,11.08574,1.9,3.156,TRF2,M32 8WB
09-02-2020 11:00,7.90404,14.37433,-1,4.21982,TRF2,M32 8WB
09-02-2020 12:00,6.08234,8.96407,4.8,1.87941,TRF2,M32 8WB
09-02-2020 13:00,9.88637,17.71596,6.8,5.10633,TRF2,M32 8WB
09-02-2020 14:00,9.03637,16.92034,11.6,5.14179,TRF2,M32 8WB
09-02-2020 15:00,7.90138,14.48041,11.6,4.29074,TRF2,M32 8WB
09-02-2020 16:00,8.60023,14.79866,15.5,4.04251,TRF2,M32 8WB
09-02-2020 17:00,7.52476,14.32129,19.3,4.43258,TRF2,M32 8WB
09-02-2020 18:00,22.34587,30.39296,9.7,5.24817,TRF2,M32 8WB
09-02-2020 19:00,11.958,15.32908,10.6,2.19856,TRF2,M32 8WB
09-02-2020 20:00,6.26408,8.22148,10.6,1.27658,TRF2,M32 8WB
09-02-2020 21:00,9.2542,12.57091,6.8,2.1631,TRF2,M32 8WB
09-02-2020 22:00,6.98671,9.75969,6.8,1.80849,TRF2,M32 8WB
09-02-2020 23:00,2.24754,3.60684,9.7,0.88652,TRF2,M32 8WB
10-02-2020 00:00,2.30989,3.28859,9.7,0.63829,TRF2,M32 8WB
10-02-2020 01:00,2.45112,3.53983,13.5,0.71004,TRF2,M32 8WB
10-02-2020 02:00,2.68924,3.45133,10.6,0.49703,TRF2,M32 8WB
10-02-2020 03:00,1.67637,2.60178,9.7,0.60353,TRF2,M32 8WB
10-02-2020 04:00,1.68306,2.33629,17.4,0.42602,TRF2,M32 8WB
10-02-2020 05:00,1.99228,3.02655,16.4,0.67454,TRF2,M32 8WB
10-02-2020 06:00,3.78823,5.20355,9.7,0.92305,TRF2,M32 8WB
10-02-2020 07:00,9.11987,13.96463,15.5,3.15967,TRF2,M32 8WB
10-02-2020 08:00,18.53065,27.1859,10.6,5.6448,TRF2,M32 8WB
10-02-2020 09:00,22.65936,36.15937,16.4,8.80447,TRF2,M32 8WB
10-02-2020 10:00,20.19012,34.77883,16.4,9.51451,TRF2,M32 8WB
10-02-2020 11:00,18.66319,28.40714,28,6.35484,TRF2,M32 8WB
10-02-2020 12:00,18.80423,33.61069,23.2,9.65652,TRF2,M32 8WB
10-02-2020 13:00,15.211,29.3098,14.5,9.195,TRF2,M32 8WB
10-02-2020 14:00,23.37597,37.96468,14.5,9.51451,TRF2,M32 8WB
10-02-2020 15:00,20.35568,36.84964,13.5,10.75708,TRF2,M32 8WB
10-02-2020 16:00,20.62117,37.11512,9.7,10.75708,TRF2,M32 8WB
10-02-2020 17:00,19.54182,36.74344,10.6,11.2186,TRF2,M32 8WB
10-02-2020 18:00,27.08877,41.8408,7.7,9.62102,TRF2,M32 8WB
10-02-2020 19:00,25.37536,38.54875,10.6,8.59146,TRF2,M32 8WB
10-02-2020 20:00,14.31941,19.32747,12.6,3.26618,TRF2,M32 8WB
10-02-2020 21:00,9.00164,14.33631,15.5,3.47919,TRF2,M32 8WB
10-02-2020 22:00,15.31263,18.7965,18.4,2.27212,TRF2,M32 8WB
10-02-2020 23:00,6.16691,8.01772,12.6,1.20707,TRF2,M32 8WB
11-02-2020 00:00,3.85872,4.56638,12.6,0.46153,TRF2,M32 8WB
11-02-2020 01:00,1.60132,2.76396,19.3,0.75826,TRF2,M32 8WB
11-02-2020 02:00,1.8866,2.97658,17.4,0.71086,TRF2,M32 8WB
11-02-2020 03:00,1.20099,2.07297,18.4,0.56869,TRF2,M32 8WB
11-02-2020 04:00,1.30999,2.07297,20.3,0.4976,TRF2,M32 8WB
11-02-2020 05:00,1.5771,2.28558,19.3,0.46206,TRF2,M32 8WB
11-02-2020 06:00,2.41544,3.61441,18.4,0.78195,TRF2,M32 8WB
11-02-2020 07:00,4.25696,6.21892,14.5,1.27956,TRF2,M32 8WB
11-02-2020 08:00,7.94134,11.37477,17.4,2.23922,TRF2,M32 8WB
11-02-2020 09:00,16.31127,25.19457,16.4,5.79354,TRF2,M32 8WB
11-02-2020 10:00,15.28858,22.53692,9.7,4.72724,TRF2,M32 8WB
11-02-2020 11:00,9.77344,14.35134,11.6,2.98563,TRF2,M32 8WB
11-02-2020 12:00,6.5634,9.83333,7.7,2.13259,TRF2,M32 8WB
11-02-2020 13:00,6.25928,8.92972,14.5,1.74162,TRF2,M32 8WB
11-02-2020 14:00,6.42816,8.71711,9.7,1.49281,TRF2,M32 8WB
11-02-2020 15:00,8.46211,12.33152,12.6,2.52357,TRF2,M32 8WB
11-02-2020 16:00,7.83773,11.16215,11.6,2.16813,TRF2,M32 8WB
11-02-2020 17:00,10.49942,13.66035,10.6,2.06151,TRF2,M32 8WB
11-02-2020 18:00,12.24002,15.94593,13.5,2.41694,TRF2,M32 8WB
11-02-2020 19:00,11.11707,15.09548,12.6,2.59465,TRF2,M32 8WB
11-02-2020 20:00,9.43501,12.65044,8.7,2.09705,TRF2,M32 8WB
11-02-2020 21:00,9.02324,11.69368,9.7,1.74162,TRF2,M32 8WB
11-02-2020 22:00,6.05878,8.23873,12.6,1.42173,TRF2,M32 8WB
11-02-2020 23:00,5.64836,7.22882,11.6,1.03075,TRF2,M32 8WB
12-02-2020 00:00,4.89883,6.69729,13.5,1.17293,TRF2,M32 8WB
12-02-2020 01:00,2.66884,3.76009,10.6,0.71169,TRF2,M32 8WB
12-02-2020 02:00,3.00042,4.30991,10.6,0.85403,TRF2,M32 8WB
12-02-2020 03:00,5.19822,5.85296,11.6,0.42701,TRF2,M32 8WB
12-02-2020 04:00,10.72516,11.65272,11.6,0.60494,TRF2,M32 8WB
12-02-2020 05:00,8.59546,9.57758,7.7,0.64052,TRF2,M32 8WB
12-02-2020 06:00,9.79084,11.91876,12.6,1.3878,TRF2,M32 8WB
12-02-2020 07:00,17.0885,25.32737,8.7,5.37325,TRF2,M32 8WB
12-02-2020 08:00,22.2781,35.8095,10.6,8.82495,TRF2,M32 8WB
12-02-2020 09:00,31.59855,55.49674,8.7,15.586,TRF2,M32 8WB
12-02-2020 10:00,20.68547,31.92526,7.7,7.3304,TRF2,M32 8WB
12-02-2020 11:00,16.46303,28.46669,6.8,7.82858,TRF2,M32 8WB
12-02-2020 12:00,10.3594,17.45247,7.7,4.62598,TRF2,M32 8WB
12-02-2020 13:00,8.83216,13.14256,8.7,2.81117,TRF2,M32 8WB
12-02-2020 14:00,8.72752,15.11129,11.6,4.16338,TRF2,M32 8WB
12-02-2020 15:00,12.02739,16.22867,15.5,2.74,TRF2,M32 8WB
12-02-2020 16:00,12.70693,17.39927,14.5,3.06026,TRF2,M32 8WB
12-02-2020 17:00,24.01461,36.18196,15.5,7.93534,TRF2,M32 8WB
12-02-2020 18:00,32.08924,46.93013,15.5,9.67897,TRF2,M32 8WB
12-02-2020 19:00,77.31695,154.35861,31.9,50.24526,TRF2,M32 8WB
12-02-2020 20:00,66.74171,121.79485,27.1,35.90472,TRF2,M32 8WB
12-02-2020 21:00,64.96915,118.54912,23.2,34.94394,TRF2,M32 8WB
12-02-2020 22:00,54.67841,89.81639,13.5,22.9164,TRF2,M32 8WB
12-02-2020 23:00,34.09117,64.75506,11.6,19.99847,TRF2,M32 8WB
13-02-2020 00:00,23.03698,38.15068,9.7,9.8569,TRF2,M32 8WB
13-02-2020 01:00,18.14694,25.21182,11.6,4.6076,TRF2,M32 8WB
13-02-2020 02:00,7.80148,11.079,6.8,2.13754,TRF2,M32 8WB
13-02-2020 03:00,4.34201,7.51028,2.9,2.06629,TRF2,M32 8WB
13-02-2020 04:00,5.25431,8.14946,1,1.88816,TRF2,M32 8WB
13-02-2020 05:00,5.13009,8.73536,0,2.3513,TRF2,M32 8WB
13-02-2020 06:00,11.43763,20.56006,null,5.9495,TRF2,M32 8WB
13-02-2020 07:00,33.31057,62.42589,3.9,18.98852,TRF2,M32 8WB
13-02-2020 08:00,52.33346,104.66457,7.7,34.12946,TRF2,M32 8WB
13-02-2020 09:00,54.81914,122.82773,10.6,44.35405,TRF2,M32 8WB
13-02-2020 10:00,54.07251,111.42915,13.5,37.40703,TRF2,M32 8WB
13-02-2020 11:00,47.6606,92.99966,9.7,29.56936,TRF2,M32 8WB
13-02-2020 12:00,40.0345,72.91898,5.8,21.4467,TRF2,M32 8WB
13-02-2020 13:00,32.86193,54.3297,5.8,14.00092,TRF2,M32 8WB
13-02-2020 14:00,35.09885,54.43623,12.6,12.61151,TRF2,M32 8WB
13-02-2020 15:00,38.14501,63.49118,12.6,16.53034,TRF2,M32 8WB
13-02-2020 16:00,29.43865,42.93112,9.7,8.79956,TRF2,M32 8WB
13-02-2020 17:00,27.51785,34.7284,5.8,4.7026,TRF2,M32 8WB
13-02-2020 18:00,32.66408,40.69401,14.5,5.23698,TRF2,M32 8WB
13-02-2020 19:00,50.86647,70.14923,8.7,12.57589,TRF2,M32 8WB
13-02-2020 20:00,53.78761,86.23508,8.7,21.16169,TRF2,M32 8WB
13-02-2020 21:00,74.03492,153.24171,19.3,51.65732,TRF2,M32 8WB
13-02-2020 22:00,66.09949,202.99067,22.2,89.27811,TRF2,M32 8WB
13-02-2020 23:00,68.72668,277.61411,27.1,136.23283,TRF2,M32 8WB
14-02-2020 00:00,62.55791,275.32374,30.9,138.76226,TRF2,M32 8WB
14-02-2020 01:00,52.33902,205.17561,21.3,99.67743,TRF2,M32 8WB
14-02-2020 02:00,47.65309,205.92209,25.1,103.22035,TRF2,M32 8WB
14-02-2020 03:00,39.55153,131.64724,15.5,60.06326,TRF2,M32 8WB
14-02-2020 04:00,35.2613,75.07465,18.4,25.96559,TRF2,M32 8WB
14-02-2020 05:00,33.31912,50.60074,18.4,11.27078,TRF2,M32 8WB
14-02-2020 06:00,31.56202,59.39855,16.4,18.15451,TRF2,M32 8WB
14-02-2020 07:00,45.82119,94.05659,10.6,31.45831,TRF2,M32 8WB
14-02-2020 08:00,49.09556,98.5888,14.5,32.27865,TRF2,M32 8WB
14-02-2020 09:00,44.70535,101.30812,7.7,36.91536,TRF2,M32 8WB
14-02-2020 10:00,36.1921,85.68534,7.7,32.27865,TRF2,M32 8WB
14-02-2020 11:00,39.62511,88.29803,10.6,31.74365,TRF2,M32 8WB
14-02-2020 12:00,33.80113,74.43481,16.4,26.5006,TRF2,M32 8WB
14-02-2020 13:00,30.84532,70.27584,16.4,25.71592,TRF2,M32 8WB
14-02-2020 14:00,25.34109,63.13096,12.6,24.64591,TRF2,M32 8WB
14-02-2020 15:00,38.2868,80.7799,19.3,27.71327,TRF2,M32 8WB
14-02-2020 16:00,44.02445,102.26788,14.5,37.98537,TRF2,M32 8WB
14-02-2020 17:00,54.88789,120.07678,13.5,42.51509,TRF2,M32 8WB
14-02-2020 18:00,57.08125,107.06669,14.5,32.59966,TRF2,M32 8WB
14-02-2020 19:00,53.86042,94.05659,20.3,26.21526,TRF2,M32 8WB
14-02-2020 20:00,43.74763,74.70141,22.2,20.18753,TRF2,M32 8WB
14-02-2020 21:00,41.90201,69.9026,20.3,18.26151,TRF2,M32 8WB
14-02-2020 22:00,35.22775,50.81402,19.3,10.1651,TRF2,M32 8WB
14-02-2020 23:00,36.55385,54.54643,21.3,11.73445,TRF2,M32 8WB
15-02-2020 00:00,30.73786,48.8945,18.4,11.84145,TRF2,M32 8WB
15-02-2020 01:00,30.57991,45.61845,19.3,9.80788,TRF2,M32 8WB
15-02-2020 02:00,14.93162,23.9657,14.5,5.89187,TRF2,M32 8WB
15-02-2020 03:00,9.08399,15.05195,24.2,3.89221,TRF2,M32 8WB
15-02-2020 04:00,12.60266,18.73488,16.4,3.99933,TRF2,M32 8WB
15-02-2020 05:00,11.19454,16.01271,13.5,3.14233,TRF2,M32 8WB
15-02-2020 06:00,16.15789,25.24671,14.5,5.92758,TRF2,M32 8WB
15-02-2020 07:00,15.09971,25.9406,15.5,7.07024,TRF2,M32 8WB
15-02-2020 08:00,17.88488,28.3425,3.9,6.82029,TRF2,M32 8WB
15-02-2020 09:00,24.74193,42.70057,3.9,11.71232,TRF2,M32 8WB
15-02-2020 10:00,24.10083,46.33012,1.9,14.49757,TRF2,M32 8WB
15-02-2020 11:00,23.18183,50.1198,3.9,17.56848,TRF2,M32 8WB
15-02-2020 12:00,22.95014,52.73521,4.8,19.42531,TRF2,M32 8WB
15-02-2020 13:00,24.42127,55.13712,3.9,20.03235,TRF2,M32 8WB
15-02-2020 14:00,24.57786,51.18731,1,17.35423,TRF2,M32 8WB
15-02-2020 15:00,19.70888,42.54045,0,14.89036,TRF2,M32 8WB
15-02-2020 16:00,16.74521,34.32059,2.9,11.46236,TRF2,M32 8WB
15-02-2020 17:00,17.2132,35.28135,3.9,11.78374,TRF2,M32 8WB
15-02-2020 18:00,18.39573,36.13536,1,11.56949,TRF2,M32 8WB
15-02-2020 19:00,14.54393,26.26085,1,7.64158,TRF2,M32 8WB
15-02-2020 20:00,10.76724,17.72074,2.9,4.53495,TRF2,M32 8WB
15-02-2020 21:00,7.49481,15.10533,1.9,4.96345,TRF2,M32 8WB
15-02-2020 22:00,7.33773,12.70342,6.8,3.49941,TRF2,M32 8WB
15-02-2020 23:00,9.76411,16.27959,6.8,4.24929,TRF2,M32 8WB
16-02-2020 00:00,15.33661,25.24671,5.8,6.4632,TRF2,M32 8WB
16-02-2020 01:00,8.06108,16.10065,3.9,5.24327,TRF2,M32 8WB
16-02-2020 02:00,4.84372,7.69412,1.9,1.85898,TRF2,M32 8WB
16-02-2020 03:00,2.51627,4.4348,1.9,1.25124,TRF2,M32 8WB
16-02-2020 04:00,2.09989,3.5799,-1,0.96524,TRF2,M32 8WB
16-02-2020 05:00,2.03539,3.95392,-1,1.25124,TRF2,M32 8WB
16-02-2020 06:00,1.2915,3.04559,0,1.14399,TRF2,M32 8WB
16-02-2020 07:00,2.55863,4.91569,1,1.53723,TRF2,M32 8WB
16-02-2020 08:00,4.89716,7.74755,8.7,1.85898,TRF2,M32 8WB
16-02-2020 09:00,7.11275,8.97647,7.7,1.21549,TRF2,M32 8WB
16-02-2020 10:00,12.22032,19.18186,17.4,4.5402,TRF2,M32 8WB
16-02-2020 11:00,11.45706,19.02157,14.5,4.93344,TRF2,M32 8WB
16-02-2020 12:00,12.03374,20.03676,12.6,5.21944,TRF2,M32 8WB
16-02-2020 13:00,13.23083,22.49461,15.5,6.04168,TRF2,M32 8WB
16-02-2020 14:00,15.89855,29.54755,16.4,8.90164,TRF2,M32 8WB
16-02-2020 15:00,11.17691,21.37255,11.6,6.64942,TRF2,M32 8WB
16-02-2020 16:00,13.2635,23.34951,19.3,6.57792,TRF2,M32 8WB
16-02-2020 17:00,9.28244,18.32696,19.3,5.89868,TRF2,M32 8WB
16-02-2020 18:00,9.48841,16.72402,10.6,4.71894,TRF2,M32 8WB
16-02-2020 19:00,8.16646,14.85392,9.7,4.36145,TRF2,M32 8WB
16-02-2020 20:00,7.88685,15.06765,13.5,4.68319,TRF2,M32 8WB
16-02-2020 21:00,6.04858,11.96863,17.4,3.86095,TRF2,M32 8WB
16-02-2020 22:00,4.71472,8.44216,7.7,2.43097,TRF2,M32 8WB
16-02-2020 23:00,4.2067,6.89265,14.5,1.75173,TRF2,M32 8WB
17-02-2020 00:00,2.99023,5.18284,19.3,1.42998,TRF2,M32 8WB
17-02-2020 01:00,3.23415,5.06344,14.5,1.19303,TRF2,M32 8WB
17-02-2020 02:00,1.35309,2.83481,15.5,0.96635,TRF2,M32 8WB
17-02-2020 03:00,0.77308,1.92553,8.7,0.75161,TRF2,M32 8WB
17-02-2020 04:00,null,null,13.5,0.7874,TRF2,M32 8WB
17-02-2020 05:00,1.63166,2.67435,11.6,0.68003,TRF2,M32 8WB
17-02-2020 06:00,3.96761,7.80911,11.6,2.50536,TRF2,M32 8WB
17-02-2020 07:00,10.34909,17.75769,15.5,4.83177,TRF2,M32 8WB
17-02-2020 08:00,20.33612,38.88506,9.7,12.09731,TRF2,M32 8WB
17-02-2020 09:00,32.14109,59.745,8.7,18.0028,TRF2,M32 8WB
17-02-2020 10:00,41.30756,84.99087,9.7,28.48952,TRF2,M32 8WB
17-02-2020 11:00,43.76779,91.67675,19.3,31.24541,TRF2,M32 8WB
17-02-2020 12:00,24.01837,42.89659,18.4,12.31205,TRF2,M32 8WB
17-02-2020 13:00,9.95815,13.79965,18.4,2.50536,TRF2,M32 8WB
17-02-2020 14:00,8.6015,13.21129,13.5,3.00643,TRF2,M32 8WB
17-02-2020 15:00,9.49408,14.76242,10.6,3.43592,TRF2,M32 8WB
17-02-2020 16:00,13.40124,22.78547,17.4,6.12024,TRF2,M32 8WB
17-02-2020 17:00,23.26816,42.20126,16.4,12.34784,TRF2,M32 8WB
17-02-2020 18:00,21.58041,35.35492,17.4,8.9835,TRF2,M32 8WB
17-02-2020 19:00,29.10181,45.78489,16.4,10.88042,TRF2,M32 8WB
17-02-2020 20:00,21.72139,36.2642,11.6,9.48458,TRF2,M32 8WB
17-02-2020 21:00,19.06608,26.52956,20.3,4.86756,TRF2,M32 8WB
17-02-2020 22:00,14.23216,20.37855,13.5,4.00858,TRF2,M32 8WB
17-02-2020 23:00,6.81155,8.18352,12.6,0.89477,TRF2,M32 8WB
18-02-2020 00:00,4.13024,5.7766,10.6,1.07373,TRF2,M32 8WB
18-02-2020 01:00,16.36192,18.63285,16.4,1.48106,TRF2,M32 8WB
18-02-2020 02:00,8.32048,9.58414,12.6,0.82414,TRF2,M32 8WB
18-02-2020 03:00,4.89515,6.10386,10.6,0.78831,TRF2,M32 8WB
18-02-2020 04:00,4.95009,6.10386,11.6,0.75248,TRF2,M32 8WB
18-02-2020 05:00,5.84912,7.44243,10.6,1.03913,TRF2,M32 8WB
18-02-2020 06:00,7.14291,10.49436,13.5,2.18576,TRF2,M32 8WB
18-02-2020 07:00,13.74378,22.80918,12.6,5.9123,TRF2,M32 8WB
18-02-2020 08:00,26.52416,46.74275,12.6,13.18622,TRF2,M32 8WB
18-02-2020 09:00,24.19869,41.12077,17.4,11.0363,TRF2,M32 8WB
18-02-2020 10:00,39.87402,80.42109,24.2,26.44411,TRF2,M32 8WB
18-02-2020 11:00,38.26167,68.53462,23.2,19.7435,TRF2,M32 8WB
18-02-2020 12:00,17.38198,34.96337,10.6,11.46628,TRF2,M32 8WB
18-02-2020 13:00,20.87699,42.08454,19.3,13.8312,TRF2,M32 8WB
18-02-2020 14:00,18.23931,31.59018,13.5,8.70721,TRF2,M32 8WB
18-02-2020 15:00,18.18195,33.78543,12.6,10.17632,TRF2,M32 8WB
18-02-2020 16:00,20.75582,34.10668,14.5,8.70721,TRF2,M32 8WB
18-02-2020 17:00,28.85615,41.60266,8.7,8.31305,TRF2,M32 8WB
18-02-2020 18:00,15.86515,21.52416,9.7,3.69071,TRF2,M32 8WB
18-02-2020 19:00,9.28742,12.52898,6.8,2.1141,TRF2,M32 8WB
18-02-2020 20:00,27.48615,45.6719,4.8,11.86044,TRF2,M32 8WB
18-02-2020 21:00,17.5967,22.54147,10.6,3.22489,TRF2,M32 8WB
18-02-2020 22:00,6.93536,7.92432,13.5,0.64498,TRF2,M32 8WB
18-02-2020 23:00,4.25543,5.35427,13.5,0.71664,TRF2,M32 8WB
19-02-2020 00:00,3.98072,5.35427,14.5,0.8958,TRF2,M32 8WB
19-02-2020 01:00,4.41016,5.2169,12.6,0.52614,TRF2,M32 8WB
19-02-2020 02:00,3.24699,4.12707,14.5,0.57398,TRF2,M32 8WB
19-02-2020 03:00,3.40638,4.34147,19.3,0.60985,TRF2,M32 8WB
19-02-2020 04:00,2.49239,3.53749,15.5,0.6816,TRF2,M32 8WB
19-02-2020 05:00,6.59555,8.57573,20.3,1.29144,TRF2,M32 8WB
19-02-2020 06:00,12.44916,16.0795,16.4,2.36765,TRF2,M32 8WB
19-02-2020 07:00,23.93692,39.44837,17.4,10.1163,TRF2,M32 8WB
19-02-2020 08:00,43.68656,81.25506,15.5,24.50154,TRF2,M32 8WB
19-02-2020 09:00,55.45019,117.16593,27.1,40.24996,TRF2,M32 8WB
19-02-2020 10:00,32.60282,67.64108,17.4,22.85136,TRF2,M32 8WB
19-02-2020 11:00,42.2214,84.68535,14.5,27.69427,TRF2,M32 8WB
19-02-2020 12:00,49.43001,107.62543,13.5,37.95406,TRF2,M32 8WB
19-02-2020 13:00,43.83258,92.45711,18.4,31.71209,TRF2,M32 8WB
19-02-2020 14:00,33.38513,81.84464,12.6,31.60447,TRF2,M32 8WB
19-02-2020 15:00,38.18506,87.57966,11.6,32.21432,TRF2,M32 8WB
19-02-2020 16:00,38.56166,87.90125,12.6,32.17845,TRF2,M32 8WB
19-02-2020 17:00,49.65003,107.62543,8.7,37.81057,TRF2,M32 8WB
19-02-2020 18:00,51.451,106.07108,9.7,35.62229,TRF2,M32 8WB
19-02-2020 19:00,48.34342,98.72811,10.6,32.86004,TRF2,M32 8WB
19-02-2020 20:00,46.45102,82.80941,8.7,23.71232,TRF2,M32 8WB
19-02-2020 21:00,35.55974,57.6718,7.7,14.42111,TRF2,M32 8WB
19-02-2020 22:00,17.06466,26.74556,3.9,6.31372,TRF2,M32 8WB
19-02-2020 23:00,16.41867,26.20958,3.9,6.38547,TRF2,M32 8WB
20-02-2020 00:00,6.31785,10.77326,2.9,2.90575,TRF2,M32 8WB
20-02-2020 01:00,5.50835,8.29848,0,1.81968,TRF2,M32 8WB
20-02-2020 02:00,4.6579,7.13598,null,1.61616,TRF2,M32 8WB
20-02-2020 03:00,2.90854,4.56059,null,1.07744,TRF2,M32 8WB
20-02-2020 04:00,1.96964,2.57539,null,0.39506,TRF2,M32 8WB
20-02-2020 05:00,4.34163,6.59944,null,1.4725,TRF2,M32 8WB
20-02-2020 06:00,9.9539,17.22293,-1,4.74074,TRF2,M32 8WB
20-02-2020 07:00,28.31279,49.84454,2.9,14.04264,TRF2,M32 8WB
20-02-2020 08:00,40.03991,72.91575,1,21.44107,TRF2,M32 8WB
20-02-2020 09:00,38.82133,73.18402,3.9,22.41076,TRF2,M32 8WB
20-02-2020 10:00,18.25178,28.3293,5.8,6.57239,TRF2,M32 8WB
20-02-2020 11:00,21.5275,31.49488,4.8,6.50056,TRF2,M32 8WB
20-02-2020 12:00,14.63433,25.59295,3.9,7.14702,TRF2,M32 8WB
20-02-2020 13:00,17.69412,26.50506,8.7,5.74635,TRF2,M32 8WB
20-02-2020 14:00,22.81623,41.09894,9.7,11.92368,TRF2,M32 8WB
20-02-2020 15:00,8.64225,14.75484,8.7,3.98653,TRF2,M32 8WB
20-02-2020 16:00,8.29779,13.19888,15.5,3.19641,TRF2,M32 8WB
20-02-2020 17:00,7.68506,11.37464,14.5,2.40628,TRF2,M32 8WB
20-02-2020 18:00,10.59227,13.89638,18.4,2.15488,TRF2,M32 8WB
20-02-2020 19:00,11.33494,14.96946,14.5,2.37037,TRF2,M32 8WB
20-02-2020 20:00,21.76192,30.95834,19.3,5.99775,TRF2,M32 8WB
20-02-2020 21:00,15.253,20.92505,12.6,3.69921,TRF2,M32 8WB
20-02-2020 22:00,10.23782,14.8085,14.5,2.98092,TRF2,M32 8WB
20-02-2020 23:00,15.30524,21.03236,19.3,3.73513,TRF2,M32 8WB
21-02-2020 00:00,14.7687,20.49582,14.5,3.73513,TRF2,M32 8WB
21-02-2020 01:00,14.55928,19.26385,17.4,3.06824,TRF2,M32 8WB
21-02-2020 02:00,4.94949,6.7137,20.3,1.15059,TRF2,M32 8WB
21-02-2020 03:00,3.0131,4.88758,17.4,1.2225,TRF2,M32 8WB
21-02-2020 04:00,2.2231,3.49113,15.5,0.82699,TRF2,M32 8WB
21-02-2020 05:00,3.82728,5.37096,16.4,1.00677,TRF2,M32 8WB
21-02-2020 06:00,6.04611,9.02322,17.4,1.94162,TRF2,M32 8WB
21-02-2020 07:00,19.12325,29.43288,19.3,6.72377,TRF2,M32 8WB
21-02-2020 08:00,14.53058,27.98272,17.4,8.77326,TRF2,M32 8WB
21-02-2020 09:00,20.98678,36.09287,15.5,9.85193,TRF2,M32 8WB
21-02-2020 10:00,14.87559,27.44562,11.6,8.19796,TRF2,M32 8WB
21-02-2020 11:00,11.57371,25.13611,14.5,8.84517,TRF2,M32 8WB
21-02-2020 12:00,16.48261,29.21804,9.7,8.30583,TRF2,M32 8WB
21-02-2020 13:00,13.90171,26.7474,14.5,8.37774,TRF2,M32 8WB
21-02-2020 14:00,16.12371,28.19755,11.6,7.87436,TRF2,M32 8WB
21-02-2020 15:00,14.32034,25.51207,9.7,7.29906,TRF2,M32 8WB
21-02-2020 16:00,15.88437,30.99045,10.6,9.85193,TRF2,M32 8WB
21-02-2020 17:00,41.27895,75.51574,16.4,22.32865,TRF2,M32 8WB
21-02-2020 18:00,45.71737,86.95589,13.5,26.89506,TRF2,M32 8WB
21-02-2020 19:00,40.71549,71.80977,7.7,20.27916,TRF2,M32 8WB
21-02-2020 20:00,31.60466,53.60221,5.8,14.34643,TRF2,M32 8WB
21-02-2020 21:00,22.1556,37.75787,4.8,10.17554,TRF2,M32 8WB
21-02-2020 22:00,14.09981,25.51207,3.9,7.44288,TRF2,M32 8WB
21-02-2020 23:00,12.22851,23.30998,2.9,7.22715,TRF2,M32 8WB
22-02-2020 00:00,11.18593,18.9595,2.9,5.06979,TRF2,M32 8WB
22-02-2020 01:00,6.09952,11.39824,1.9,3.45573,TRF2,M32 8WB
22-02-2020 02:00,3.63117,6.6669,0,1.97985,TRF2,M32 8WB
22-02-2020 03:00,1.50057,3.76357,3.9,1.47589,TRF2,M32 8WB
22-02-2020 04:00,1.35215,3.11839,0,1.15191,TRF2,M32 8WB
22-02-2020 05:00,2.71058,3.92487,-1,0.79194,TRF2,M32 8WB
22-02-2020 06:00,6.73439,8.27985,2.9,1.00792,TRF2,M32 8WB
22-02-2020 07:00,2.23813,3.01086,5.8,0.50396,TRF2,M32 8WB
22-02-2020 08:00,4.48769,5.59159,9.7,0.71995,TRF2,M32 8WB
22-02-2020 09:00,5.37025,7.68844,8.7,1.51188,TRF2,M32 8WB
22-02-2020 10:00,7.35757,11.82836,6.8,2.91578,TRF2,M32 8WB
22-02-2020 11:00,9.05232,14.51663,5.8,3.56373,TRF2,M32 8WB
22-02-2020 12:00,12.50447,23.76425,10.6,7.34344,TRF2,M32 8WB
22-02-2020 13:00,10.31838,16.721,9.7,4.17568,TRF2,M32 8WB
22-02-2020 14:00,5.34165,8.76374,6.8,2.23183,TRF2,M32 8WB
22-02-2020 15:00,6.36748,9.62399,13.5,2.12384,TRF2,M32 8WB
22-02-2020 16:00,9.58911,13.0112,14.5,2.23183,TRF2,M32 8WB
22-02-2020 17:00,12.60139,15.96829,11.6,2.19583,TRF2,M32 8WB
22-02-2020 18:00,14.27557,21.50611,7.7,4.71564,TRF2,M32 8WB
22-02-2020 19:00,22.79509,33.22694,8.7,6.80348,TRF2,M32 8WB
22-02-2020 20:00,21.97002,33.11941,6.8,7.27144,TRF2,M32 8WB
22-02-2020 21:00,17.44486,24.78579,7.7,4.78763,TRF2,M32 8WB
22-02-2020 22:00,10.77281,16.23711,11.6,3.56373,TRF2,M32 8WB
22-02-2020 23:00,10.75422,16.93606,8.7,4.03169,TRF2,M32 8WB
23-02-2020 00:00,6.95262,12.52731,4.8,3.63572,TRF2,M32 8WB
23-02-2020 01:00,7.78833,11.84061,1,2.64282,TRF2,M32 8WB
23-02-2020 02:00,13.91407,25.24202,-1,7.3879,TRF2,M32 8WB
23-02-2020 03:00,11.00566,20.34431,1,6.09051,TRF2,M32 8WB
23-02-2020 04:00,9.80659,17.65326,1.9,5.11747,TRF2,M32 8WB
23-02-2020 05:00,15.00502,21.63602,1.9,4.32462,TRF2,M32 8WB
23-02-2020 06:00,16.88955,21.42073,0,2.95516,TRF2,M32 8WB
23-02-2020 07:00,15.73072,17.2227,0,0.97304,TRF2,M32 8WB
23-02-2020 08:00,32.98025,45.85543,2.9,8.39698,TRF2,M32 8WB
23-02-2020 09:00,20.62971,26.21079,4.8,3.63989,TRF2,M32 8WB
23-02-2020 10:00,7.79461,10.22598,1.9,1.5857,TRF2,M32 8WB
23-02-2020 11:00,11.08887,21.36691,-1,6.70316,TRF2,M32 8WB
23-02-2020 12:00,9.50379,16.57685,1.9,4.61293,TRF2,M32 8WB
23-02-2020 13:00,7.10772,13.18613,4.8,3.96424,TRF2,M32 8WB
23-02-2020 14:00,7.93292,15.39279,13.5,4.8652,TRF2,M32 8WB
23-02-2020 15:00,7.01301,12.5941,16.4,3.63989,TRF2,M32 8WB
23-02-2020 16:00,7.80675,11.84061,16.4,2.63081,TRF2,M32 8WB
23-02-2020 17:00,10.03353,13.29377,17.4,2.12627,TRF2,M32 8WB
23-02-2020 18:00,9.56783,12.10971,17.4,1.65777,TRF2,M32 8WB
23-02-2020 19:00,10.01564,11.89443,16.4,1.22531,TRF2,M32 8WB
23-02-2020 20:00,23.83517,32.4002,16.4,5.58597,TRF2,M32 8WB
23-02-2020 21:00,42.96108,67.32998,25.1,15.89299,TRF2,M32 8WB
23-02-2020 22:00,38.06609,47.84681,21.3,6.37882,TRF2,M32 8WB
23-02-2020 23:00,28.09708,36.27531,16.4,5.3337,TRF2,M32 8WB
24-02-2020 00:00,24.48309,35.03743,16.4,6.88336,TRF2,M32 8WB
24-02-2020 01:00,23.81881,35.98956,12.6,7.93756,TRF2,M32 8WB
24-02-2020 02:00,10.26524,15.35483,8.7,3.31934,TRF2,M32 8WB
24-02-2020 03:00,2.80344,4.79502,4.8,1.29887,TRF2,M32 8WB
24-02-2020 04:00,3.35851,6.78845,2.9,2.23695,TRF2,M32 8WB
24-02-2020 05:00,5.53236,8.24312,1.9,1.76791,TRF2,M32 8WB
24-02-2020 06:00,12.96567,21.92777,1,5.84493,TRF2,M32 8WB
24-02-2020 07:00,28.06845,50.80562,2.9,14.8288,TRF2,M32 8WB
24-02-2020 08:00,39.88991,80.32998,1,26.37433,TRF2,M32 8WB
24-02-2020 09:00,45.84254,107.96867,0,40.51761,TRF2,M32 8WB
24-02-2020 10:00,56.29191,126.7716,0,45.96566,TRF2,M32 8WB
24-02-2020 11:00,48.78718,90.99755,2.9,27.52888,TRF2,M32 8WB
24-02-2020 12:00,23.89023,43.64003,5.8,12.88049,TRF2,M32 8WB
24-02-2020 13:00,23.95051,39.32991,null,10.03018,TRF2,M32 8WB
24-02-2020 14:00,13.70735,25.21424,4.8,7.5046,TRF2,M32 8WB
24-02-2020 15:00,13.24187,19.88046,13.5,4.32958,TRF2,M32 8WB
24-02-2020 16:00,9.12475,12.49937,9.7,2.20087,TRF2,M32 8WB
24-02-2020 17:00,8.38059,11.36796,6.8,1.94831,TRF2,M32 8WB
24-02-2020 18:00,9.89347,12.71487,7.7,1.84007,TRF2,M32 8WB
24-02-2020 19:00,10.50635,12.55325,12.6,1.33495,TRF2,M32 8WB
24-02-2020 20:00,6.95338,8.88964,11.6,1.26279,TRF2,M32 8WB
24-02-2020 21:00,4.76034,6.08805,6.8,0.86592,TRF2,M32 8WB
24-02-2020 22:00,8.31619,9.64391,11.6,0.86592,TRF2,M32 8WB
24-02-2020 23:00,3.52551,4.68726,14.5,0.75768,TRF2,M32 8WB
25-02-2020 00:00,3.57939,4.74114,9.7,0.75768,TRF2,M32 8WB
25-02-2020 01:00,5.018,5.68269,13.5,0.4335,TRF2,M32 8WB
25-02-2020 02:00,4.34397,5.34101,8.7,0.65025,TRF2,M32 8WB
25-02-2020 03:00,6.42927,8.14639,10.6,1.11988,TRF2,M32 8WB
25-02-2020 04:00,11.62118,16.99413,5.8,3.50414,TRF2,M32 8WB
25-02-2020 05:00,8.78719,11.11362,2.9,1.51726,TRF2,M32 8WB
25-02-2020 06:00,13.84731,22.82068,1.9,5.85228,TRF2,M32 8WB
25-02-2020 07:00,29.76345,46.99011,10.6,11.23493,TRF2,M32 8WB
25-02-2020 08:00,33.9087,55.62204,8.7,14.16107,TRF2,M32 8WB
25-02-2020 09:00,28.81603,47.20591,4.8,11.99356,TRF2,M32 8WB
25-02-2020 10:00,28.69621,41.3254,5.8,8.23654,TRF2,M32 8WB
25-02-2020 11:00,19.58161,32.10002,8.7,8.16429,TRF2,M32 8WB
25-02-2020 12:00,18.07329,28.43144,4.8,6.75541,TRF2,M32 8WB
25-02-2020 13:00,20.56607,38.78977,3.9,11.88519,TRF2,M32 8WB
25-02-2020 14:00,16.10022,25.57211,6.8,6.17741,TRF2,M32 8WB
25-02-2020 15:00,18.5646,28.70119,3.9,6.61091,TRF2,M32 8WB
25-02-2020 16:00,13.97478,20.1232,7.7,4.0099,TRF2,M32 8WB
25-02-2020 17:00,34.03163,57.24053,8.7,15.13645,TRF2,M32 8WB
25-02-2020 18:00,54.89466,84.91668,8.7,19.57985,TRF2,M32 8WB
25-02-2020 19:00,56.67272,88.855,10.6,20.98873,TRF2,M32 8WB
25-02-2020 20:00,21.79005,32.36976,8.7,6.89991,TRF2,M32 8WB
25-02-2020 21:00,26.70728,39.05951,11.6,8.05592,TRF2,M32 8WB
25-02-2020 22:00,14.98314,23.84573,7.7,5.78003,TRF2,M32 8WB
25-02-2020 23:00,7.39315,9.38723,4.8,1.30051,TRF2,M32 8WB
26-02-2020 00:00,4.49429,5.93446,3.9,0.93925,TRF2,M32 8WB
26-02-2020 01:00,4.21718,5.47429,10.6,0.81987,TRF2,M32 8WB
26-02-2020 02:00,3.31489,4.64595,10.6,0.8681,TRF2,M32 8WB
26-02-2020 03:00,1.21663,2.21493,9.7,0.65107,TRF2,M32 8WB
26-02-2020 04:00,1.21663,2.21493,6.8,0.65107,TRF2,M32 8WB
26-02-2020 05:00,2.35111,3.3494,7.7,0.65107,TRF2,M32 8WB
26-02-2020 06:00,6.26744,8.31948,10.6,1.33831,TRF2,M32 8WB
26-02-2020 07:00,15.06818,19.39412,8.7,2.82131,TRF2,M32 8WB
26-02-2020 08:00,19.22236,27.9297,5.8,5.67878,TRF2,M32 8WB
26-02-2020 09:00,35.82286,54.34676,10.6,12.08097,TRF2,M32 8WB
26-02-2020 10:00,31.77548,50.133,6.8,11.97246,TRF2,M32 8WB
26-02-2020 11:00,19.95153,33.87219,4.8,9.07882,TRF2,M32 8WB
26-02-2020 12:00,22.6204,39.8687,3.9,11.24905,TRF2,M32 8WB
26-02-2020 13:00,18.05867,34.1423,8.7,10.48947,TRF2,M32 8WB
26-02-2020 14:00,8.47023,13.07348,17.4,3.00216,TRF2,M32 8WB
26-02-2020 15:00,11.13109,17.28724,18.4,4.01493,TRF2,M32 8WB
26-02-2020 16:00,8.07544,11.23671,15.5,2.06172,TRF2,M32 8WB
26-02-2020 17:00,11.75698,16.69299,18.4,3.21918,TRF2,M32 8WB
26-02-2020 18:00,20.07171,31.44117,16.4,7.41497,TRF2,M32 8WB
26-02-2020 19:00,42.05578,63.96279,18.4,14.28738,TRF2,M32 8WB
26-02-2020 20:00,62.75356,98.96945,24.2,23.61939,TRF2,M32 8WB
26-02-2020 21:00,55.21259,88.48907,24.2,21.70235,TRF2,M32 8WB
26-02-2020 22:00,36.90781,59.42489,17.4,14.68526,TRF2,M32 8WB
26-02-2020 23:00,27.72747,48.02612,14.5,13.23843,TRF2,M32 8WB
27-02-2020 00:00,16.90388,29.6044,9.7,8.28306,TRF2,M32 8WB
27-02-2020 01:00,14.4219,22.93656,6.8,5.55312,TRF2,M32 8WB
27-02-2020 02:00,10.61295,16.49917,8.7,3.83889,TRF2,M32 8WB
27-02-2020 03:00,9.21406,12.71248,7.7,2.28161,TRF2,M32 8WB
27-02-2020 04:00,7.12442,9.84541,6.8,1.77458,TRF2,M32 8WB
27-02-2020 05:00,8.67598,12.06333,4.8,2.20917,TRF2,M32 8WB
27-02-2020 06:00,17.95375,26.56096,3.9,5.61348,TRF2,M32 8WB
27-02-2020 07:00,58.59624,118.90224,10.6,39.33055,TRF2,M32 8WB
27-02-2020 08:00,79.11127,189.17249,10.6,71.78006,TRF2,M32 8WB
27-02-2020 09:00,67.48957,168.83252,13.5,66.09415,TRF2,M32 8WB
27-02-2020 10:00,46.54061,89.79878,7.7,28.21224,TRF2,M32 8WB
27-02-2020 11:00,29.39813,57.77415,5.8,18.50636,TRF2,M32 8WB
27-02-2020 12:00,22.24528,40.62583,3.9,11.98749,TRF2,M32 8WB
27-02-2020 13:00,15.99483,25.04629,4.8,5.9032,TRF2,M32 8WB
27-02-2020 14:00,21.69715,40.35536,16.4,12.16857,TRF2,M32 8WB
27-02-2020 15:00,17.73796,30.50995,16.4,8.32967,TRF2,M32 8WB
27-02-2020 16:00,13.75868,21.42188,14.5,4.9978,TRF2,M32 8WB
27-02-2020 17:00,15.73296,24.45123,16.4,5.68591,TRF2,M32 8WB
27-02-2020 18:00,15.28526,20.39406,20.3,3.33187,TRF2,M32 8WB
27-02-2020 19:00,18.43716,22.99065,19.3,2.96971,TRF2,M32 8WB
27-02-2020 20:00,34.87523,45.9813,17.4,7.2432,TRF2,M32 8WB
27-02-2020 21:00,35.79544,51.06629,17.4,9.95939,TRF2,M32 8WB
27-02-2020 22:00,34.01746,49.01066,6.8,9.77831,TRF2,M32 8WB
27-02-2020 23:00,55.06222,111.86981,17.4,37.04894,TRF2,M32 8WB
28-02-2020 00:00,46.99473,83.14501,16.4,23.5766,TRF2,M32 8WB
28-02-2020 01:00,27.16683,37.9903,12.6,7.05888,TRF2,M32 8WB
28-02-2020 02:00,17.47842,26.59682,12.6,5.94686,TRF2,M32 8WB
28-02-2020 03:00,11.67445,14.78805,8.7,2.03064,TRF2,M32 8WB
28-02-2020 04:00,7.54904,10.99624,9.7,2.24821,TRF2,M32 8WB
28-02-2020 05:00,8.18619,12.13378,6.8,2.57456,TRF2,M32 8WB
28-02-2020 06:00,15.6837,25.0801,7.7,6.12817,TRF2,M32 8WB
28-02-2020 07:00,36.54215,66.84414,13.5,19.76244,TRF2,M32 8WB
28-02-2020 08:00,40.44174,89.70332,10.6,32.12757,TRF2,M32 8WB
28-02-2020 09:00,43.08356,88.61995,6.8,29.69806,TRF2,M32 8WB
28-02-2020 10:00,43.11416,95.87855,5.8,34.41204,TRF2,M32 8WB
28-02-2020 11:00,30.67288,65.92327,3.9,22.98971,TRF2,M32 8WB
28-02-2020 12:00,32.15471,60.3439,4.8,18.38451,TRF2,M32 8WB
28-02-2020 13:00,30.98832,62.40231,5.8,20.48767,TRF2,M32 8WB
28-02-2020 14:00,37.07392,80.38631,4.8,28.2476,TRF2,M32 8WB
28-02-2020 15:00,41.40719,86.83238,4.8,29.62554,TRF2,M32 8WB
28-02-2020 16:00,51.3555,112.23749,5.8,39.7062,TRF2,M32 8WB
28-02-2020 17:00,48.71632,115.3251,7.7,43.44112,TRF2,M32 8WB
28-02-2020 18:00,47.89433,95.93272,9.7,31.32982,TRF2,M32 8WB
28-02-2020 19:00,47.80383,88.83662,8.7,26.76089,TRF2,M32 8WB
28-02-2020 20:00,37.64677,69.22756,3.9,20.59646,TRF2,M32 8WB
28-02-2020 21:00,25.65557,43.28077,5.8,11.49485,TRF2,M32 8WB
28-02-2020 22:00,28.11661,53.24781,3.9,16.39014,TRF2,M32 8WB
28-02-2020 23:00,16.47553,32.98872,-1,10.76963,TRF2,M32 8WB
29-02-2020 00:00,9.1632,21.4508,null,8.01376,TRF2,M32 8WB
29-02-2020 01:00,6.7773,13.23497,-1,4.21159,TRF2,M32 8WB
29-02-2020 02:00,7.521,12.47559,-1,3.2313,TRF2,M32 8WB
29-02-2020 03:00,6.5175,14.64526,null,5.30079,TRF2,M32 8WB
29-02-2020 04:00,5.99652,11.17379,null,3.37653,TRF2,M32 8WB
29-02-2020 05:00,3.59136,5.26144,1,1.0892,TRF2,M32 8WB
29-02-2020 06:00,5.32138,7.21415,7.7,1.23443,TRF2,M32 8WB
29-02-2020 07:00,20.96151,26.36146,5.8,3.52176,TRF2,M32 8WB
29-02-2020 08:00,12.38704,17.954,6.8,3.63068,TRF2,M32 8WB
29-02-2020 09:00,17.58994,25.43936,4.8,5.11925,TRF2,M32 8WB
29-02-2020 10:00,37.91041,67.69364,7.7,19.42412,TRF2,M32 8WB
29-02-2020 11:00,16.96324,32.32805,12.6,10.02067,TRF2,M32 8WB
29-02-2020 12:00,11.65188,22.61879,9.7,7.15243,TRF2,M32 8WB
29-02-2020 13:00,13.94995,32.59926,16.4,12.16276,TRF2,M32 8WB
29-02-2020 14:00,14.91057,36.2877,11.6,13.9418,TRF2,M32 8WB
29-02-2020 15:00,21.8478,43.4476,14.5,14.08702,TRF2,M32 8WB
29-02-2020 16:00,21.98195,46.81058,10.6,16.19282,TRF2,M32 8WB
29-02-2020 17:00,22.09757,46.64786,19.3,16.01128,TRF2,M32 8WB
29-02-2020 18:00,19.27422,35.47407,17.4,10.56527,TRF2,M32 8WB
29-02-2020 19:00,17.75402,34.00954,6.8,10.60157,TRF2,M32 8WB
29-02-2020 20:00,14.09418,25.00542,3.9,7.11613,TRF2,M32 8WB
29-02-2020 21:00,12.64967,20.66609,12.6,5.22817,TRF2,M32 8WB
29-02-2020 22:00,4.11948,8.46171,21.3,2.83193,TRF2,M32 8WB
29-02-2020 23:00,5.25284,9.81775,17.4,2.97715,TRF2,M32 8WB
01-03-2020 00:00,2.90046,8.24474,16.4,3.48545,TRF2,M32 8WB
01-03-2020 01:00,2.3749,5.79357,15.5,2.2296,TRF2,M32 8WB
01-03-2020 02:00,1.78687,4.12792,10.6,1.52679,TRF2,M32 8WB
01-03-2020 03:00,2.05702,4.45381,13.5,1.56314,TRF2,M32 8WB
01-03-2020 04:00,1.47808,3.15026,17.4,1.09056,TRF2,M32 8WB
01-03-2020 05:00,1.85686,3.58477,9.7,1.12692,TRF2,M32 8WB
01-03-2020 06:00,1.30516,3.36751,8.7,1.34503,TRF2,M32 8WB
01-03-2020 07:00,3.09043,5.43147,7.7,1.52679,TRF2,M32 8WB
01-03-2020 08:00,4.84435,8.69035,13.5,2.5083,TRF2,M32 8WB
01-03-2020 09:00,5.29045,10.80863,11.6,3.59886,TRF2,M32 8WB
01-03-2020 10:00,5.871,14.17614,9.7,5.41647,TRF2,M32 8WB
01-03-2020 11:00,10.20051,19.11878,12.6,5.81635,TRF2,M32 8WB
01-03-2020 12:00,6.69018,16.94619,10.6,6.6888,TRF2,M32 8WB
01-03-2020 13:00,7.44328,15.8599,6.8,5.48918,TRF2,M32 8WB
01-03-2020 14:00,10.01762,19.71624,6.8,6.32527,TRF2,M32 8WB
01-03-2020 15:00,8.58568,21.18274,9.7,8.21559,TRF2,M32 8WB
01-03-2020 16:00,11.60842,20.69391,13.5,5.9254,TRF2,M32 8WB
01-03-2020 17:00,12.36759,23.6269,20.3,7.34313,TRF2,M32 8WB
01-03-2020 18:00,13.9185,26.12538,13.5,7.96112,TRF2,M32 8WB
01-03-2020 19:00,13.00921,22.54061,14.5,6.21622,TRF2,M32 8WB
01-03-2020 20:00,18.3349,27.75482,17.4,6.14351,TRF2,M32 8WB
01-03-2020 21:00,32.18911,54.20609,20.3,14.3591,TRF2,M32 8WB
01-03-2020 22:00,27.91782,44.91827,14.5,11.08741,TRF2,M32 8WB
01-03-2020 23:00,19.44683,27.86345,12.6,5.48918,TRF2,M32 8WB
02-03-2020 00:00,17.32268,23.84416,8.7,4.2532,TRF2,M32 8WB
02-03-2020 01:00,18.18816,27.26639,8.7,5.92067,TRF2,M32 8WB
02-03-2020 02:00,10.73079,14.35836,8.7,2.36584,TRF2,M32 8WB
02-03-2020 03:00,12.43671,15.28296,9.7,1.85628,TRF2,M32 8WB
02-03-2020 04:00,21.68805,30.72908,6.8,5.8964,TRF2,M32 8WB
02-03-2020 05:00,22.33502,31.59928,5.8,6.04199,TRF2,M32 8WB
02-03-2020 06:00,34.69137,69.18121,12.6,22.49368,TRF2,M32 8WB
02-03-2020 07:00,55.62949,130.74813,14.5,48.9911,TRF2,M32 8WB
02-03-2020 08:00,62.99859,213.96137,15.5,98.45536,TRF2,M32 8WB
02-03-2020 09:00,63.52877,202.21362,19.3,90.4479,TRF2,M32 8WB
02-03-2020 10:00,52.02091,117.20558,25.1,42.51233,TRF2,M32 8WB
02-03-2020 11:00,32.28604,54.44213,19.3,14.44983,TRF2,M32 8WB
02-03-2020 12:00,18.53963,29.47816,15.5,7.13392,TRF2,M32 8WB
02-03-2020 13:00,12.40764,20.66734,13.5,5.38684,TRF2,M32 8WB
02-03-2020 14:00,9.27976,14.35836,10.6,3.31218,TRF2,M32 8WB
02-03-2020 15:00,10.86696,15.55489,7.7,3.05739,TRF2,M32 8WB
02-03-2020 16:00,12.16089,17.2953,13.5,3.34857,TRF2,M32 8WB
02-03-2020 17:00,12.13777,16.04438,14.5,2.54783,TRF2,M32 8WB
02-03-2020 18:00,21.57643,30.72908,13.5,5.9692,TRF2,M32 8WB
02-03-2020 19:00,44.74122,69.01804,16.4,15.83293,TRF2,M32 8WB
02-03-2020 20:00,58.17047,89.03273,27.1,20.12784,TRF2,M32 8WB
02-03-2020 21:00,27.94975,36.71173,10.6,5.71442,TRF2,M32 8WB
02-03-2020 22:00,42.72422,65.04774,23.2,14.55902,TRF2,M32 8WB
02-03-2020 23:00,29.72865,45.52254,10.6,10.30051,TRF2,M32 8WB
03-03-2020 00:00,17.55174,26.70438,8.7,5.9692,TRF2,M32 8WB
03-03-2020 01:00,12.6883,19.17019,7.7,4.22738,TRF2,M32 8WB
03-03-2020 02:00,7.10802,10.29309,7.7,2.07725,TRF2,M32 8WB
03-03-2020 03:00,6.09594,8.38696,5.8,1.49416,TRF2,M32 8WB
03-03-2020 04:00,6.47292,8.93157,8.7,1.60349,TRF2,M32 8WB
03-03-2020 05:00,12.30872,14.4321,5.8,1.38483,TRF2,M32 8WB
03-03-2020 06:00,24.15861,37.90469,10.6,8.96496,TRF2,M32 8WB
03-03-2020 07:00,52.86546,98.57398,8.7,29.81032,TRF2,M32 8WB
03-03-2020 08:00,60.02841,126.07667,11.6,43.07555,TRF2,M32 8WB
03-03-2020 09:00,62.68045,146.55392,15.5,54.70085,TRF2,M32 8WB
03-03-2020 10:00,58.6735,133.04765,16.4,48.50555,TRF2,M32 8WB
03-03-2020 11:00,31.01452,53.58939,10.6,14.72295,TRF2,M32 8WB
03-03-2020 12:00,14.62904,21.89323,5.8,4.73758,TRF2,M32 8WB
03-03-2020 13:00,15.17483,26.68577,2.9,7.50725,TRF2,M32 8WB
03-03-2020 14:00,14.40552,21.89323,10.6,4.88335,TRF2,M32 8WB
03-03-2020 15:00,15.03212,23.58151,18.4,5.57577,TRF2,M32 8WB
03-03-2020 16:00,12.54535,20.36833,18.4,5.10201,TRF2,M32 8WB
03-03-2020 17:00,11.58857,16.33823,20.3,3.09765,TRF2,M32 8WB
03-03-2020 18:00,11.9034,14.97671,13.5,2.00436,TRF2,M32 8WB
03-03-2020 19:00,18.20041,19.93264,13.5,1.12973,TRF2,M32 8WB
03-03-2020 20:00,34.73794,52.22787,18.4,11.40664,TRF2,M32 8WB
03-03-2020 21:00,38.56318,51.24758,19.3,8.27255,TRF2,M32 8WB
03-03-2020 22:00,40.50723,45.2569,12.6,3.09765,TRF2,M32 8WB
03-03-2020 23:00,52.50975,71.45252,21.3,12.35416,TRF2,M32 8WB
04-03-2020 00:00,45.25347,69.00179,19.3,15.48825,TRF2,M32 8WB
04-03-2020 01:00,28.51159,31.0479,18.4,1.65414,TRF2,M32 8WB
04-03-2020 02:00,31.50815,40.62767,19.3,5.9476,TRF2,M32 8WB
04-03-2020 03:00,27.39893,35.11976,13.5,5.03539,TRF2,M32 8WB
04-03-2020 04:00,27.02003,34.62896,14.5,4.96241,TRF2,M32 8WB
04-03-2020 05:00,27.11778,35.17429,15.5,5.25432,TRF2,M32 8WB
04-03-2020 06:00,29.53945,43.19076,15.5,8.90315,TRF2,M32 8WB
04-03-2020 07:00,50.91039,101.48738,16.4,32.98545,TRF2,M32 8WB
04-03-2020 08:00,59.15397,156.83917,null,63.70863,TRF2,M32 8WB
04-03-2020 09:00,61.28431,176.0896,18.4,74.87406,TRF2,M32 8WB
04-03-2020 10:00,58.81086,148.4955,null,58.4908,TRF2,M32 8WB
04-03-2020 11:00,59.08557,146.53228,28,57.03126,TRF2,M32 8WB
04-03-2020 12:00,55.2029,121.50128,50.2,43.23867,TRF2,M32 8WB
04-03-2020 13:00,48.85949,102.90525,48.3,35.24773,TRF2,M32 8WB
04-03-2020 14:00,42.25569,90.03528,41.5,31.16104,TRF2,M32 8WB
04-03-2020 15:00,38.97846,80.49187,27.1,27.07434,TRF2,M32 8WB
04-03-2020 16:00,44.70485,94.83425,36.7,32.69355,TRF2,M32 8WB
04-03-2020 17:00,62.75809,123.57356,38.6,39.66282,TRF2,M32 8WB
04-03-2020 18:00,67.48035,122.70102,29,36.01398,TRF2,M32 8WB
04-03-2020 19:00,66.3887,115.17536,27.1,31.81783,TRF2,M32 8WB
04-03-2020 20:00,71.42499,121.61034,30,32.73003,TRF2,M32 8WB
04-03-2020 21:00,63.94399,80.00107,21.3,10.47215,TRF2,M32 8WB
04-03-2020 22:00,67.55185,122.10115,26.1,35.57612,TRF2,M32 8WB
04-03-2020 23:00,66.06428,183.77886,25.1,76.77145,TRF2,M32 8WB
05-03-2020 00:00,58.80126,226.53335,26.1,109.39202,TRF2,M32 8WB
05-03-2020 01:00,54.3671,225.78095,27.1,111.7932,TRF2,M32 8WB
05-03-2020 02:00,51.94347,112.16239,23.2,39.27376,TRF2,M32 8WB
05-03-2020 03:00,54.17099,130.01881,30,49.46666,TRF2,M32 8WB
05-03-2020 04:00,52.46098,100.80417,21.3,31.52861,TRF2,M32 8WB
05-03-2020 05:00,40.3185,52.58636,null,8.00089,TRF2,M32 8WB
05-03-2020 06:00,43.07997,75.79425,null,21.3357,TRF2,M32 8WB
05-03-2020 07:00,52.05225,77.59628,null,16.65938,TRF2,M32 8WB
05-03-2020 08:00,59.23446,103.15226,null,28.64244,TRF2,M32 8WB
05-03-2020 09:00,57.43601,112.05317,27.1,35.62038,TRF2,M32 8WB
05-03-2020 10:00,47.37615,85.13202,20.3,24.62373,TRF2,M32 8WB
05-03-2020 11:00,37.94635,66.34727,30,18.5226,TRF2,M32 8WB
05-03-2020 12:00,36.504,65.80121,47.3,19.10714,TRF2,M32 8WB
05-03-2020 13:00,31.67063,53.40546,30.9,14.17509,TRF2,M32 8WB
05-03-2020 14:00,22.5576,33.20094,20.3,6.94141,TRF2,M32 8WB
05-03-2020 15:00,23.78957,35.38521,17.4,7.56248,TRF2,M32 8WB
05-03-2020 16:00,21.04595,28.8324,14.5,5.07819,TRF2,M32 8WB
05-03-2020 17:00,34.52553,49.14613,14.5,9.5353,TRF2,M32 8WB
05-03-2020 18:00,35.67734,45.76051,21.3,6.57607,TRF2,M32 8WB
05-03-2020 19:00,40.76606,48.27242,26.1,4.89552,TRF2,M32 8WB
05-03-2020 20:00,47.54378,50.45669,43.5,1.89975,TRF2,M32 8WB
05-03-2020 21:00,65.45424,100.91338,48.3,23.12585,TRF2,M32 8WB
05-03-2020 22:00,58.64922,80.27201,40.6,14.10202,TRF2,M32 8WB
05-03-2020 23:00,63.04158,77.21403,29,9.24303,TRF2,M32 8WB
06-03-2020 00:00,63.33429,91.90326,30.9,18.6322,TRF2,M32 8WB
06-03-2020 01:00,61.79612,106.51631,27.1,29.16575,TRF2,M32 8WB
06-03-2020 02:00,57.26757,91.42468,null,22.27668,TRF2,M32 8WB
06-03-2020 03:00,54.62626,87.26901,20.3,21.28905,TRF2,M32 8WB
06-03-2020 04:00,47.68734,82.29315,null,22.56932,TRF2,M32 8WB
06-03-2020 05:00,48.34872,87.10497,null,25.27617,TRF2,M32 8WB
06-03-2020 06:00,46.37598,100.55621,null,35.33543,TRF2,M32 8WB
06-03-2020 07:00,51.56442,140.85525,null,58.23396,TRF2,M32 8WB
06-03-2020 08:00,62.39491,199.47203,null,89.39937,TRF2,M32 8WB
06-03-2020 09:00,66.81034,258.909,null,125.28348,TRF2,M32 8WB
06-03-2020 10:00,57.05405,169.4528,null,73.30455,TRF2,M32 8WB
06-03-2020 11:00,67.0651,174.92078,null,70.34165,TRF2,M32 8WB
06-03-2020 12:00,49.20964,116.8508,59.9,44.11442,TRF2,M32 8WB
06-03-2020 13:00,40.82985,76.33304,55.1,23.15458,TRF2,M32 8WB
06-03-2020 14:00,55.86916,110.8907,50.2,35.88412,TRF2,M32 8WB
06-03-2020 15:00,45.61493,82.18379,46.4,23.84959,TRF2,M32 8WB
06-03-2020 16:00,51.46406,90.2764,45.4,25.31275,TRF2,M32 8WB
06-03-2020 17:00,33.30581,46.14978,21.3,8.37662,TRF2,M32 8WB
06-03-2020 18:00,22.04499,30.40199,14.5,5.45029,TRF2,M32 8WB
06-03-2020 19:00,29.92593,38.00248,17.4,5.26739,TRF2,M32 8WB
06-03-2020 20:00,64.19639,114.22617,25.1,32.62857,TRF2,M32 8WB
06-03-2020 21:00,82.73818,165.24245,28,53.80788,TRF2,M32 8WB
06-03-2020 22:00,66.21917,105.36804,22.2,25.53223,TRF2,M32 8WB
06-03-2020 23:00,50.49556,71.24782,19.3,13.53427,TRF2,M32 8WB
07-03-2020 00:00,54.77018,92.57295,21.3,24.65433,TRF2,M32 8WB
07-03-2020 01:00,36.63668,42.92624,16.4,4.10195,TRF2,M32 8WB
07-03-2020 02:00,29.50617,47.25171,12.6,11.57335,TRF2,M32 8WB
07-03-2020 03:00,21.31992,29.23803,13.5,5.16406,TRF2,M32 8WB
07-03-2020 04:00,15.77724,22.01065,13.5,4.06532,TRF2,M32 8WB
07-03-2020 05:00,14.56004,21.29886,null,4.39494,TRF2,M32 8WB
07-03-2020 06:00,15.42486,24.80304,8.7,6.11629,TRF2,M32 8WB
07-03-2020 07:00,18.24252,30.99012,null,8.31377,TRF2,M32 8WB
07-03-2020 08:00,25.59063,46.64943,4.8,13.73419,TRF2,M32 8WB
07-03-2020 09:00,32.78571,70.46692,2.9,24.57505,TRF2,M32 8WB
07-03-2020 10:00,35.63145,77.74905,12.6,27.46838,TRF2,M32 8WB
07-03-2020 11:00,35.66656,67.61978,13.5,20.83935,TRF2,M32 8WB
07-03-2020 12:00,27.35114,59.02358,21.3,20.65623,TRF2,M32 8WB
07-03-2020 13:00,31.64433,58.03803,16.4,17.21352,TRF2,M32 8WB
07-03-2020 14:00,39.49083,69.59088,16.4,19.63074,TRF2,M32 8WB
07-03-2020 15:00,27.71196,47.14221,7.7,12.67208,TRF2,M32 8WB
07-03-2020 16:00,25.0066,43.14525,26.1,11.82972,TRF2,M32 8WB
07-03-2020 17:00,27.17847,43.85704,30.9,10.87748,TRF2,M32 8WB
07-03-2020 18:00,24.34676,42.59772,28,11.90297,TRF2,M32 8WB
07-03-2020 19:00,23.51845,39.86008,20.3,10.65773,TRF2,M32 8WB
07-03-2020 20:00,14.53618,24.41977,28,6.44591,TRF2,M32 8WB
07-03-2020 21:00,12.37554,23.26996,11.6,7.10516,TRF2,M32 8WB
07-03-2020 22:00,15.64808,29.23803,10.6,8.86313,TRF2,M32 8WB
07-03-2020 23:00,11.4981,20.25856,11.6,5.71342,TRF2,M32 8WB
08-03-2020 00:00,9.47224,20.42282,7.7,7.14178,TRF2,M32 8WB
08-03-2020 01:00,7.64843,17.54428,5.8,6.4539,TRF2,M32 8WB
08-03-2020 02:00,7.21802,14.58368,5.8,4.80376,TRF2,M32 8WB
08-03-2020 03:00,7.52297,13.65164,5.8,3.99702,TRF2,M32 8WB
08-03-2020 04:00,4.69282,7.78528,1,2.01685,TRF2,M32 8WB
08-03-2020 05:00,5.31412,7.67562,-1,1.54014,TRF2,M32 8WB
08-03-2020 06:00,4.39048,6.41463,1.9,1.32012,TRF2,M32 8WB
08-03-2020 07:00,9.84506,12.99373,2.9,2.05352,TRF2,M32 8WB
08-03-2020 08:00,20.63496,28.61911,7.7,5.20713,TRF2,M32 8WB
08-03-2020 09:00,22.84702,38.87155,5.8,10.45092,TRF2,M32 8WB
08-03-2020 10:00,15.14718,27.74189,11.6,8.21406,TRF2,M32 8WB
08-03-2020 11:00,9.91891,21.10796,7.7,7.29731,TRF2,M32 8WB
08-03-2020 12:00,11.68895,24.45234,6.8,8.32407,TRF2,M32 8WB
08-03-2020 13:00,12.30204,26.86468,12.6,9.49751,TRF2,M32 8WB
08-03-2020 14:00,13.71911,28.61911,23.2,9.71753,TRF2,M32 8WB
08-03-2020 15:00,17.87327,33.27931,18.4,10.04755,TRF2,M32 8WB
08-03-2020 16:00,16.38317,32.18279,14.5,10.30424,TRF2,M32 8WB
08-03-2020 17:00,17.43145,28.56428,15.5,7.26064,TRF2,M32 8WB
08-03-2020 18:00,22.34078,36.67851,17.4,9.35083,TRF2,M32 8WB
08-03-2020 19:00,11.31555,14.85781,5.8,2.3102,TRF2,M32 8WB
08-03-2020 20:00,43.5132,70.67056,11.6,17.71156,TRF2,M32 8WB
08-03-2020 21:00,40.6022,56.96409,11.6,10.67094,TRF2,M32 8WB
08-03-2020 22:00,12.8943,16.88637,8.7,2.60356,TRF2,M32 8WB
08-03-2020 23:00,11.59108,15.07712,8.7,2.27354,TRF2,M32 8WB
09-03-2020 00:00,6.93228,10.36209,10.6,2.23686,TRF2,M32 8WB
09-03-2020 01:00,3.38258,5.70949,9.7,1.51757,TRF2,M32 8WB
09-03-2020 02:00,3.0422,4.33701,7.7,0.84445,TRF2,M32 8WB
09-03-2020 03:00,3.09571,4.44681,9.7,0.88117,TRF2,M32 8WB
09-03-2020 04:00,3.92478,5.0507,16.4,0.73431,TRF2,M32 8WB
09-03-2020 05:00,3.37858,4.39191,10.6,0.66088,TRF2,M32 8WB
09-03-2020 06:00,4.23601,6.09378,18.4,1.21161,TRF2,M32 8WB
09-03-2020 07:00,9.24102,15.1521,14.5,3.85511,TRF2,M32 8WB
09-03-2020 08:00,12.60941,17.73234,15.5,3.34109,TRF2,M32 8WB
09-03-2020 09:00,19.00505,27.44945,17.4,5.5073,TRF2,M32 8WB
09-03-2020 10:00,14.04138,21.19098,22.2,4.66284,TRF2,M32 8WB
09-03-2020 11:00,null,null,null,null,TRF2,M32 8WB
09-03-2020 12:00,10.40507,15.86578,20.3,3.56139,TRF2,M32 8WB
09-03-2020 13:00,16.03936,33.37853,24.2,11.30831,TRF2,M32 8WB
09-03-2020 14:00,13.43495,29.53561,20.3,10.50058,TRF2,M32 8WB
09-03-2020 15:00,23.16447,45.40139,13.5,14.50254,TRF2,M32 8WB
09-03-2020 16:00,50.53224,102.60604,20.3,33.96165,TRF2,M32 8WB
09-03-2020 17:00,38.58819,83.06203,14.5,29.00509,TRF2,M32 8WB
09-03-2020 18:00,34.13973,69.8314,7.7,23.2775,TRF2,M32 8WB
09-03-2020 19:00,29.12831,56.60077,4.8,17.91707,TRF2,M32 8WB
09-03-2020 20:00,23.70368,46.33467,4.8,14.75955,TRF2,M32 8WB
09-03-2020 21:00,17.81807,32.06096,2.9,9.28897,TRF2,M32 8WB
09-03-2020 22:00,19.63589,29.20621,3.9,6.2416,TRF2,M32 8WB
09-03-2020 23:00,6.99115,10.65039,1.9,2.38649,TRF2,M32 8WB
10-03-2020 00:00,5.25953,7.90544,5.8,1.72562,TRF2,M32 8WB
10-03-2020 01:00,6.54646,8.57562,4.8,1.32339,TRF2,M32 8WB
10-03-2020 02:00,4.25715,5.49719,5.8,0.80874,TRF2,M32 8WB
10-03-2020 03:00,3.81598,5.11239,3.9,0.8455,TRF2,M32 8WB
10-03-2020 04:00,6.46021,7.53115,3.9,0.69845,TRF2,M32 8WB
10-03-2020 05:00,6.87908,8.79551,2.9,1.24986,TRF2,M32 8WB
10-03-2020 06:00,11.5537,15.61203,1.9,2.64677,TRF2,M32 8WB
10-03-2020 07:00,15.05146,26.60641,3.9,7.53594,TRF2,M32 8WB
10-03-2020 08:00,22.59423,40.34939,4.8,11.57962,TRF2,M32 8WB
10-03-2020 09:00,20.82258,39.08504,2.9,11.91046,TRF2,M32 8WB
10-03-2020 10:00,19.84981,37.43588,3.9,11.46934,TRF2,M32 8WB
10-03-2020 11:00,19.41422,36.83119,2.9,11.35905,TRF2,M32 8WB
10-03-2020 12:00,17.51467,31.7188,3.9,9.2637,TRF2,M32 8WB
10-03-2020 13:00,10.41663,15.99683,2.9,3.63931,TRF2,M32 8WB
10-03-2020 14:00,16.30544,26.05669,3.9,6.3596,TRF2,M32 8WB
10-03-2020 15:00,12.44363,18.30565,14.5,3.82311,TRF2,M32 8WB
10-03-2020 16:00,12.34623,17.70096,21.3,3.49227,TRF2,M32 8WB
10-03-2020 17:00,10.40766,14.12779,15.5,2.42621,TRF2,M32 8WB
10-03-2020 18:00,9.82805,12.5336,15.5,1.76451,TRF2,M32 8WB
10-03-2020 19:00,10.97967,13.79795,14.5,1.83804,TRF2,M32 8WB
10-03-2020 20:00,13.22655,16.32666,13.5,2.02184,TRF2,M32 8WB
10-03-2020 21:00,19.40354,23.91279,21.3,2.94086,TRF2,M32 8WB
10-03-2020 22:00,26.21711,35.29198,20.3,5.91847,TRF2,M32 8WB
10-03-2020 23:00,13.9127,15.94186,11.6,1.32339,TRF2,M32 8WB
11-03-2020 00:00,12.28166,13.57807,9.7,0.8455,TRF2,M32 8WB
11-03-2020 01:00,9.66567,10.56863,13.5,0.5889,TRF2,M32 8WB
11-03-2020 02:00,11.75459,12.77043,12.6,0.66251,TRF2,M32 8WB
11-03-2020 03:00,9.54863,10.73377,8.7,0.77293,TRF2,M32 8WB
11-03-2020 04:00,6.24454,7.48611,9.7,0.80973,TRF2,M32 8WB
11-03-2020 05:00,6.62429,8.09161,11.6,0.95696,TRF2,M32 8WB
11-03-2020 06:00,18.07194,26.31149,11.6,5.37369,TRF2,M32 8WB
11-03-2020 07:00,45.64824,80.75094,16.4,22.89338,TRF2,M32 8WB
11-03-2020 08:00,52.36414,118.73195,14.5,43.28396,TRF2,M32 8WB
11-03-2020 09:00,53.44001,120.82365,20.3,43.94647,TRF2,M32 8WB
11-03-2020 10:00,39.77341,80.97111,24.2,26.86844,TRF2,M32 8WB
11-03-2020 11:00,23.35647,47.22856,20.3,15.56897,TRF2,M32 8WB
11-03-2020 12:00,11.0523,24.93536,7.7,9.0543,TRF2,M32 8WB
11-03-2020 13:00,10.74983,23.50419,9.7,8.31818,TRF2,M32 8WB
11-03-2020 14:00,21.86083,39.41218,8.7,11.44669,TRF2,M32 8WB
11-03-2020 15:00,25.2522,45.90748,14.5,13.47103,TRF2,M32 8WB
11-03-2020 16:00,17.74888,30.16463,18.4,8.09734,TRF2,M32 8WB
11-03-2020 17:00,20.85112,36.93516,10.6,10.48973,TRF2,M32 8WB
11-03-2020 18:00,13.24854,27.35734,7.7,9.20152,TRF2,M32 8WB
11-03-2020 19:00,22.91086,40.2929,6.8,11.33627,TRF2,M32 8WB
11-03-2020 20:00,17.73694,28.40319,4.8,6.95635,TRF2,M32 8WB
11-03-2020 21:00,12.74592,22.67852,6.8,6.47787,TRF2,M32 8WB
11-03-2020 22:00,5.92205,9.08242,6.8,2.06114,TRF2,M32 8WB
11-03-2020 23:00,4.38496,7.37602,5.8,1.95072,TRF2,M32 8WB
12-03-2020 00:00,5.37633,6.10999,7.7,0.47848,TRF2,M32 8WB
12-03-2020 01:00,2.18068,3.1601,6.8,0.63876,TRF2,M32 8WB
12-03-2020 02:00,1.3516,2.42519,7.7,0.70018,TRF2,M32 8WB
12-03-2020 03:00,1.40672,2.48031,7.7,0.70018,TRF2,M32 8WB
12-03-2020 04:00,2.46644,3.03149,13.5,0.36852,TRF2,M32 8WB
12-03-2020 05:00,2.89213,4.07873,11.6,0.77388,TRF2,M32 8WB
12-03-2020 06:00,8.78107,12.5669,10.6,2.46905,TRF2,M32 8WB
12-03-2020 07:00,15.35569,25.24403,10.6,6.44901,TRF2,M32 8WB
12-03-2020 08:00,48.68595,99.65329,21.3,33.24003,TRF2,M32 8WB
12-03-2020 09:00,29.77501,62.99984,22.2,21.66867,TRF2,M32 8WB
12-03-2020 10:00,16.36129,36.92904,17.4,13.41394,TRF2,M32 8WB
12-03-2020 11:00,13.25043,30.31488,16.4,11.12915,TRF2,M32 8WB
12-03-2020 12:00,11.49949,25.79521,17.4,9.32342,TRF2,M32 8WB
12-03-2020 13:00,12.38312,24.36214,16.4,7.81251,TRF2,M32 8WB
12-03-2020 14:00,9.72323,24.5275,16.4,9.65509,TRF2,M32 8WB
12-03-2020 15:00,13.39847,26.6771,20.3,8.6601,TRF2,M32 8WB
12-03-2020 16:00,10.47341,21.66136,18.4,7.29659,TRF2,M32 8WB
12-03-2020 17:00,20.46708,35.44085,17.4,9.76564,TRF2,M32 8WB
12-03-2020 18:00,11.12618,15.92909,14.5,3.13238,TRF2,M32 8WB
12-03-2020 19:00,15.96615,25.68497,15.5,6.33845,TRF2,M32 8WB
12-03-2020 20:00,13.16,18.18893,8.7,3.27978,TRF2,M32 8WB
12-03-2020 21:00,10.63983,15.04721,5.8,2.87442,TRF2,M32 8WB
12-03-2020 22:00,9.85605,12.51178,7.7,1.73202,TRF2,M32 8WB
12-03-2020 23:00,6.5046,10.96848,10.6,2.91127,TRF2,M32 8WB
13-03-2020 00:00,6.69943,7.71652,9.7,0.66333,TRF2,M32 8WB
13-03-2020 01:00,3.71794,5.15116,12.6,0.93472,TRF2,M32 8WB
13-03-2020 02:00,5.04022,6.56773,11.6,0.99622,TRF2,M32 8WB
13-03-2020 03:00,4.28553,5.07757,13.5,0.51656,TRF2,M32 8WB
13-03-2020 04:00,3.71564,5.24314,13.5,0.99622,TRF2,M32 8WB
13-03-2020 05:00,3.33622,4.58085,13.5,0.81173,TRF2,M32 8WB
13-03-2020 06:00,2.48483,4.69123,10.6,1.43898,TRF2,M32 8WB
13-03-2020 07:00,17.8438,30.68619,13.5,8.37559,TRF2,M32 8WB
13-03-2020 08:00,31.9049,47.51944,12.6,10.18354,TRF2,M32 8WB
13-03-2020 09:00,34.73151,58.88879,17.4,15.75496,TRF2,M32 8WB
13-03-2020 10:00,33.17786,57.67459,7.7,15.97635,TRF2,M32 8WB
13-03-2020 11:00,21.76345,39.07522,8.7,11.29044,TRF2,M32 8WB
13-03-2020 12:00,16.85022,31.95558,7.7,9.85147,TRF2,M32 8WB
13-03-2020 13:00,24.17052,51.38281,18.4,17.7474,TRF2,M32 8WB
13-03-2020 14:00,28.35673,55.90847,16.4,17.96878,TRF2,M32 8WB
13-03-2020 15:00,29.10604,55.35656,10.6,17.12015,TRF2,M32 8WB
13-03-2020 16:00,45.48538,92.55529,24.2,30.6982,TRF2,M32 8WB
13-03-2020 17:00,52.58201,114.13497,23.2,40.1438,TRF2,M32 8WB
13-03-2020 18:00,51.02275,92.83125,16.4,27.26679,TRF2,M32 8WB
13-03-2020 19:00,52.22494,87.75367,12.6,23.17123,TRF2,M32 8WB
13-03-2020 20:00,38.27786,57.34344,11.6,12.43425,TRF2,M32 8WB
13-03-2020 21:00,36.63305,57.50901,8.7,13.61495,TRF2,M32 8WB
13-03-2020 22:00,28.1541,52.7074,12.6,16.01324,TRF2,M32 8WB
13-03-2020 23:00,29.77415,51.27243,9.7,14.02081,TRF2,M32 8WB
14-03-2020 00:00,26.04636,42.00034,12.6,10.40492,TRF2,M32 8WB
14-03-2020 01:00,25.43843,39.86378,12.6,9.40796,TRF2,M32 8WB
14-03-2020 02:00,17.91401,24.37143,14.5,4.21142,TRF2,M32 8WB
14-03-2020 03:00,14.4379,20.66874,12.6,4.06365,TRF2,M32 8WB
14-03-2020 04:00,12.06851,20.28189,7.7,5.35663,TRF2,M32 8WB
14-03-2020 05:00,10.5846,16.19236,4.8,3.65728,TRF2,M32 8WB
14-03-2020 06:00,11.39141,15.63972,2.9,2.77067,TRF2,M32 8WB
14-03-2020 07:00,14.79577,22.21613,1.9,4.83944,TRF2,M32 8WB
14-03-2020 08:00,24.8845,42.3875,1.9,11.41516,TRF2,M32 8WB
14-03-2020 09:00,29.65151,64.71416,7.7,22.86726,TRF2,M32 8WB
14-03-2020 10:00,29.01043,63.16677,7.7,22.27619,TRF2,M32 8WB
14-03-2020 11:00,31.72658,63.27729,8.7,20.57684,TRF2,M32 8WB
14-03-2020 12:00,22.7834,51.67185,8.7,18.84056,TRF2,M32 8WB
14-03-2020 13:00,22.28853,42.00065,9.7,12.85591,TRF2,M32 8WB
14-03-2020 14:00,19.06246,37.35847,14.5,11.93235,TRF2,M32 8WB
14-03-2020 15:00,20.41928,42.00065,16.4,14.075,TRF2,M32 8WB
14-03-2020 16:00,24.97426,41.06116,5.8,10.4916,TRF2,M32 8WB
14-03-2020 17:00,46.98384,87.42767,9.7,26.37678,TRF2,M32 8WB
14-03-2020 18:00,40.38779,70.29582,6.8,19.50552,TRF2,M32 8WB
14-03-2020 19:00,22.23314,37.41374,3.9,9.90053,TRF2,M32 8WB
14-03-2020 20:00,22.70016,39.12692,1.9,10.71326,TRF2,M32 8WB
14-03-2020 21:00,16.43048,33.87684,9.7,11.37822,TRF2,M32 8WB
14-03-2020 22:00,14.6301,26.58199,14.5,7.79482,TRF2,M32 8WB
14-03-2020 23:00,11.44687,22.49245,13.5,7.20374,TRF2,M32 8WB
15-03-2020 00:00,8.64628,16.68973,12.6,5.2458,TRF2,M32 8WB
15-03-2020 01:00,8.43582,13.50224,7.7,3.30423,TRF2,M32 8WB
15-03-2020 02:00,5.85939,10.68005,3.9,3.14395,TRF2,M32 8WB
15-03-2020 03:00,5.11496,8.68791,1,2.33022,TRF2,M32 8WB
15-03-2020 04:00,4.03988,6.30842,1.9,1.47951,TRF2,M32 8WB
15-03-2020 05:00,5.03732,7.24915,1.9,1.44252,TRF2,M32 8WB
15-03-2020 06:00,6.44883,12.06347,2.9,3.66178,TRF2,M32 8WB
15-03-2020 07:00,14.68606,22.90953,1,5.36321,TRF2,M32 8WB
15-03-2020 08:00,13.56666,20.03201,0,4.21659,TRF2,M32 8WB
15-03-2020 09:00,20.92923,38.68059,4.8,11.57714,TRF2,M32 8WB
15-03-2020 10:00,30.12563,54.28563,5.8,15.75674,TRF2,M32 8WB
15-03-2020 11:00,34.20074,66.01708,7.7,20.75008,TRF2,M32 8WB
15-03-2020 12:00,15.17335,26.11908,7.7,7.13862,TRF2,M32 8WB
15-03-2020 13:00,10.85514,17.32049,9.7,4.21659,TRF2,M32 8WB
15-03-2020 14:00,6.40423,9.29662,11.6,1.88637,TRF2,M32 8WB
15-03-2020 15:00,5.68209,8.68791,14.5,1.96035,TRF2,M32 8WB
15-03-2020 16:00,7.42672,11.5101,13.5,2.66311,TRF2,M32 8WB
15-03-2020 17:00,5.41367,8.07921,12.6,1.73842,TRF2,M32 8WB
15-03-2020 18:00,6.91052,9.46263,13.5,1.66445,TRF2,M32 8WB
15-03-2020 19:00,8.57201,11.06741,12.6,1.62746,TRF2,M32 8WB
15-03-2020 20:00,10.0383,11.39943,10.6,0.8877,TRF2,M32 8WB
15-03-2020 21:00,7.32541,8.74325,14.5,0.92469,TRF2,M32 8WB
15-03-2020 22:00,6.981,8.90926,10.6,1.25758,TRF2,M32 8WB
15-03-2020 23:00,7.41544,9.68398,14.5,1.47951,TRF2,M32 8WB
16-03-2020 00:00,8.94285,12.11881,15.5,2.07131,TRF2,M32 8WB
16-03-2020 01:00,6.94354,10.04769,18.4,2.02447,TRF2,M32 8WB
16-03-2020 02:00,4.83352,6.5938,15.5,1.14803,TRF2,M32 8WB
16-03-2020 03:00,2.89829,4.48822,16.4,1.03693,TRF2,M32 8WB
16-03-2020 04:00,3.79858,4.82067,16.4,0.6666,TRF2,M32 8WB
16-03-2020 05:00,5.2461,5.98429,15.5,0.48143,TRF2,M32 8WB
16-03-2020 06:00,8.9421,10.36168,17.4,0.92583,TRF2,M32 8WB
16-03-2020 07:00,45.04142,77.40785,18.4,21.10884,TRF2,M32 8WB
16-03-2020 08:00,66.88629,142.23762,32.9,49.14286,TRF2,M32 8WB
16-03-2020 09:00,50.76173,105.50075,27.1,35.69986,TRF2,M32 8WB
16-03-2020 10:00,32.16205,67.82191,25.1,23.25676,TRF2,M32 8WB
16-03-2020 11:00,26.88695,49.25954,18.4,14.59102,TRF2,M32 8WB
16-03-2020 12:00,21.16324,44.21723,18.4,15.03542,TRF2,M32 8WB
16-03-2020 13:00,19.88057,43.27525,17.4,15.25762,TRF2,M32 8WB
16-03-2020 14:00,20.00965,38.06671,11.6,11.77651,TRF2,M32 8WB
16-03-2020 15:00,16.6012,31.25127,10.6,9.55453,TRF2,M32 8WB
16-03-2020 16:00,17.14068,34.6867,10.6,11.44321,TRF2,M32 8WB
16-03-2020 17:00,20.12685,35.62867,14.5,10.11002,TRF2,M32 8WB
16-03-2020 18:00,19.45232,35.35162,10.6,10.36925,TRF2,M32 8WB
16-03-2020 19:00,19.99632,34.02178,12.6,9.14716,TRF2,M32 8WB
16-03-2020 20:00,25.81623,42.05624,11.6,10.59145,TRF2,M32 8WB
16-03-2020 21:00,21.79052,37.23556,10.6,10.07299,TRF2,M32 8WB
16-03-2020 22:00,17.11403,26.59683,13.5,6.18452,TRF2,M32 8WB
16-03-2020 23:00,12.76458,23.38305,8.7,6.92518,TRF2,M32 8WB
17-03-2020 00:00,9.78658,15.23777,8.7,3.55517,TRF2,M32 8WB
17-03-2020 01:00,7.91651,10.94866,8.7,1.97752,TRF2,M32 8WB
17-03-2020 02:00,3.24474,4.43865,5.8,0.77865,TRF2,M32 8WB
17-03-2020 03:00,4.01465,5.49282,4.8,0.96404,TRF2,M32 8WB
17-03-2020 04:00,5.06472,6.71345,2.9,1.07528,TRF2,M32 8WB
17-03-2020 05:00,7.16008,11.65145,2.9,2.9292,TRF2,M32 8WB
17-03-2020 06:00,14.88526,25.74415,7.7,7.08198,TRF2,M32 8WB
17-03-2020 07:00,29.46502,50.04574,7.7,13.4224,TRF2,M32 8WB
17-03-2020 08:00,44.74007,85.33298,15.5,26.47401,TRF2,M32 8WB
17-03-2020 09:00,47.62936,106.47203,19.3,38.37619,TRF2,M32 8WB
17-03-2020 10:00,22.69747,47.82642,13.5,16.38867,TRF2,M32 8WB
17-03-2020 11:00,17.19296,31.29246,8.7,9.19545,TRF2,M32 8WB
17-03-2020 12:00,15.39352,28.18541,10.6,8.34265,TRF2,M32 8WB
17-03-2020 13:00,15.35791,29.62796,11.6,9.30669,TRF2,M32 8WB
17-03-2020 14:00,14.33112,27.46413,102.4,8.56512,TRF2,M32 8WB
17-03-2020 15:00,19.05542,36.45238,15.5,11.346,TRF2,M32 8WB
17-03-2020 16:00,17.95944,30.1828,8.7,7.97187,TRF2,M32 8WB
17-03-2020 17:00,16.53675,30.23828,14.5,8.93591,TRF2,M32 8WB
17-03-2020 18:00,11.66655,20.25133,9.7,5.59885,TRF2,M32 8WB
17-03-2020 19:00,13.90985,23.80224,5.8,6.45165,TRF2,M32 8WB
17-03-2020 20:00,10.99047,17.6991,6.8,4.37526,TRF2,M32 8WB
17-03-2020 21:00,14.53319,26.18801,3.9,7.60108,TRF2,M32 8WB
17-03-2020 22:00,9.72532,15.97913,2.9,4.07863,TRF2,M32 8WB
17-03-2020 23:00,4.64895,7.43473,7.7,1.81684,TRF2,M32 8WB
18-03-2020 00:00,3.42832,6.21411,4.8,1.81684,TRF2,M32 8WB
18-03-2020 01:00,2.40621,4.00004,1.9,1.03947,TRF2,M32 8WB
18-03-2020 02:00,2.26004,3.00003,1.9,0.48261,TRF2,M32 8WB
18-03-2020 03:00,3.25868,4.0556,1.9,0.51973,TRF2,M32 8WB
18-03-2020 04:00,2.4768,3.44448,1.9,0.63111,TRF2,M32 8WB
18-03-2020 05:00,2.86569,3.83337,1.9,0.63111,TRF2,M32 8WB
18-03-2020 06:00,5.87619,8.72231,1.9,1.85619,TRF2,M32 8WB
18-03-2020 07:00,23.41457,38.55594,3.9,9.87494,TRF2,M32 8WB
18-03-2020 08:00,41.81728,63.33396,7.7,14.03281,TRF2,M32 8WB
18-03-2020 09:00,36.53079,60.72282,10.6,15.77763,TRF2,M32 8WB
18-03-2020 10:00,19.5457,29.22251,7.7,6.31105,TRF2,M32 8WB
18-03-2020 11:00,27.17963,45.16711,9.7,11.73113,TRF2,M32 8WB
18-03-2020 12:00,23.89499,42.16708,7.7,11.91675,TRF2,M32 8WB
18-03-2020 13:00,20.52658,31.00031,11.6,6.83079,TRF2,M32 8WB
18-03-2020 14:00,15.41498,21.27799,6.8,3.82376,TRF2,M32 8WB
18-03-2020 15:00,19.27019,31.16697,5.8,7.75888,TRF2,M32 8WB
18-03-2020 16:00,21.55392,30.88919,16.4,6.08831,TRF2,M32 8WB
18-03-2020 17:00,15.62854,24.16691,19.3,5.56858,TRF2,M32 8WB
18-03-2020 18:00,16.48557,21.72244,19.3,3.41539,TRF2,M32 8WB
18-03-2020 19:00,21.76157,29.38918,17.4,4.97459,TRF2,M32 8WB
18-03-2020 20:00,17.66501,20.05575,19.3,1.5592,TRF2,M32 8WB
18-03-2020 21:00,27.2243,31.77809,38.6,2.96991,TRF2,M32 8WB
18-03-2020 22:00,29.60775,34.38923,23.2,3.1184,TRF2,M32 8WB
18-03-2020 23:00,41.8806,58.44502,21.3,10.80304,TRF2,M32 8WB
19-03-2020 00:00,50.27591,75.83408,18.4,16.6686,TRF2,M32 8WB
19-03-2020 01:00,51.86167,94.64369,22.2,27.9017,TRF2,M32 8WB
19-03-2020 02:00,47.02481,67.19999,16.4,13.15791,TRF2,M32 8WB
19-03-2020 03:00,39.3071,61.19204,17.4,14.27299,TRF2,M32 8WB
19-03-2020 04:00,31.37717,47.5629,20.3,10.55606,TRF2,M32 8WB
19-03-2020 05:00,34.77984,52.9033,16.4,11.81982,TRF2,M32 8WB
19-03-2020 06:00,37.66817,109.47812,18.4,46.83323,TRF2,M32 8WB
19-03-2020 07:00,43.74531,191.7536,28,96.52849,TRF2,M32 8WB
19-03-2020 08:00,51.98364,176.51122,30.9,81.21477,TRF2,M32 8WB
19-03-2020 09:00,49.60315,129.44898,30,52.07409,TRF2,M32 8WB
19-03-2020 10:00,40.02247,71.53906,19.3,20.55458,TRF2,M32 8WB
19-03-2020 11:00,36.77901,62.02648,23.2,16.46597,TRF2,M32 8WB
19-03-2020 12:00,38.13108,69.64767,18.4,20.55458,TRF2,M32 8WB
19-03-2020 13:00,27.41796,44.00264,14.5,10.81625,TRF2,M32 8WB
19-03-2020 14:00,35.01907,61.74833,14.5,17.43237,TRF2,M32 8WB
19-03-2020 15:00,21.86509,33.37748,7.7,7.50819,TRF2,M32 8WB
19-03-2020 16:00,16.38011,22.30728,7.7,3.8656,TRF2,M32 8WB
19-03-2020 17:00,21.62535,29.20529,11.6,4.94351,TRF2,M32 8WB
19-03-2020 18:00,20.33139,23.8649,9.7,2.30449,TRF2,M32 8WB
19-03-2020 19:00,23.81856,25.75629,19.3,1.26375,TRF2,M32 8WB
19-03-2020 20:00,24.93387,26.75761,20.3,1.18942,TRF2,M32 8WB
19-03-2020 21:00,29.77224,31.65297,19.3,1.22659,TRF2,M32 8WB
19-03-2020 22:00,39.77594,42.05562,20.3,1.48677,TRF2,M32 8WB
19-03-2020 23:00,57.05788,69.42515,24.2,8.06572,TRF2,M32 8WB
20-03-2020 00:00,48.17271,55.23972,22.2,4.60898,TRF2,M32 8WB
20-03-2020 01:00,31.21309,33.49556,27.1,1.48859,TRF2,M32 8WB
20-03-2020 02:00,22.85144,24.62035,26.1,1.15365,TRF2,M32 8WB
20-03-2020 03:00,18.17246,19.94137,23.2,1.15365,TRF2,M32 8WB
20-03-2020 04:00,11.61456,12.75579,16.4,0.74429,TRF2,M32 8WB
20-03-2020 05:00,10.71789,12.08737,14.5,0.89315,TRF2,M32 8WB
20-03-2020 06:00,12.859,15.5409,16.4,1.74909,TRF2,M32 8WB
20-03-2020 07:00,22.87573,35.31516,19.3,8.11279,TRF2,M32 8WB
20-03-2020 08:00,30.03261,53.02845,18.4,14.99749,TRF2,M32 8WB
20-03-2020 09:00,21.69639,39.21431,14.5,11.42489,TRF2,M32 8WB
20-03-2020 10:00,18.17636,31.47171,10.6,8.67101,TRF2,M32 8WB
20-03-2020 11:00,14.25957,25.9572,12.6,7.629,TRF2,M32 8WB
20-03-2020 12:00,12.64828,24.17473,10.6,7.51735,TRF2,M32 8WB
20-03-2020 13:00,13.60202,24.84316,9.7,7.33128,TRF2,M32 8WB
20-03-2020 14:00,13.34798,23.56201,7.7,6.66142,TRF2,M32 8WB
20-03-2020 15:00,14.38865,25.34448,11.6,7.14521,TRF2,M32 8WB
20-03-2020 16:00,14.95518,25.51158,15.5,6.88471,TRF2,M32 8WB
20-03-2020 17:00,17.59218,29.68925,10.6,7.8895,TRF2,M32 8WB
20-03-2020 18:00,16.48229,23.72912,8.7,4.72626,TRF2,M32 8WB
20-03-2020 19:00,24.5088,33.86691,19.3,6.1032,TRF2,M32 8WB
20-03-2020 20:00,21.25232,27.01554,15.5,3.75868,TRF2,M32 8WB
20-03-2020 21:00,25.131,36.4292,16.4,7.3685,TRF2,M32 8WB
20-03-2020 22:00,16.99724,21.33392,16.4,2.82831,TRF2,M32 8WB
20-03-2020 23:00,16.26631,20.88831,15.5,3.01439,TRF2,M32 8WB
21-03-2020 00:00,10.57793,13.14571,15.5,1.67466,TRF2,M32 8WB
21-03-2020 01:00,9.55536,11.15504,16.4,1.04328,TRF2,M32 8WB
21-03-2020 02:00,6.22512,7.13922,13.5,0.59616,TRF2,M32 8WB
21-03-2020 03:00,6.60334,8.03162,16.4,0.9315,TRF2,M32 8WB
21-03-2020 04:00,5.04706,6.24682,11.6,0.78246,TRF2,M32 8WB
21-03-2020 05:00,3.25141,4.90822,10.6,1.08054,TRF2,M32 8WB
21-03-2020 06:00,5.71094,7.13922,9.7,0.9315,TRF2,M32 8WB
21-03-2020 07:00,5.66212,9.14713,16.4,2.27286,TRF2,M32 8WB
21-03-2020 08:00,9.81832,16.78833,17.4,4.54572,TRF2,M32 8WB
21-03-2020 09:00,12.32449,24.15065,12.6,7.71282,TRF2,M32 8WB
21-03-2020 10:00,18.57301,35.02681,13.5,10.73089,TRF2,M32 8WB
21-03-2020 11:00,13.30149,28.61266,9.7,9.98568,TRF2,M32 8WB
21-03-2020 12:00,16.17315,30.34169,14.5,9.24048,TRF2,M32 8WB
21-03-2020 13:00,13.62394,29.44929,16.4,10.32103,TRF2,M32 8WB
21-03-2020 14:00,17.62501,36.42119,12.6,12.25855,TRF2,M32 8WB
21-03-2020 15:00,17.03454,34.85948,9.7,11.62513,TRF2,M32 8WB
21-03-2020 16:00,15.62642,31.6803,11.6,10.47006,TRF2,M32 8WB
21-03-2020 17:00,16.00005,25.71235,19.3,6.3342,TRF2,M32 8WB
21-03-2020 18:00,16.31571,26.82786,20.3,6.85584,TRF2,M32 8WB
21-03-2020 19:00,17.35256,31.17832,16.4,9.01692,TRF2,M32 8WB
21-03-2020 20:00,19.53558,28.33379,17.4,5.73804,TRF2,M32 8WB
21-03-2020 21:00,19.31519,27.99914,19.3,5.66352,TRF2,M32 8WB
21-03-2020 22:00,15.15782,22.75627,13.5,4.95558,TRF2,M32 8WB
21-03-2020 23:00,14.4463,21.47344,15.5,4.58298,TRF2,M32 8WB
22-03-2020 00:00,13.906,17.84805,15.5,2.57094,TRF2,M32 8WB
22-03-2020 01:00,14.41,15.93535,16.4,0.99481,TRF2,M32 8WB
22-03-2020 02:00,15.82301,17.42464,19.3,1.04455,TRF2,M32 8WB
22-03-2020 03:00,13.21167,14.24129,17.4,0.6715,TRF2,M32 8WB
22-03-2020 04:00,13.21573,14.07375,15.5,0.55958,TRF2,M32 8WB
22-03-2020 05:00,13.3139,14.74392,14.5,0.93264,TRF2,M32 8WB
22-03-2020 06:00,17.62233,18.70914,19.3,0.7088,TRF2,M32 8WB
22-03-2020 07:00,17.49305,19.32348,16.4,1.19377,TRF2,M32 8WB
22-03-2020 08:00,16.38324,20.27289,13.5,2.53677,TRF2,M32 8WB
22-03-2020 09:00,17.40765,29.93463,16.4,8.16989,TRF2,M32 8WB
22-03-2020 10:00,16.1618,31.77762,10.6,10.18438,TRF2,M32 8WB
22-03-2020 11:00,17.54757,35.96624,15.5,12.01234,TRF2,M32 8WB
22-03-2020 12:00,21.41056,39.42883,15.5,11.7512,TRF2,M32 8WB
22-03-2020 13:00,20.39216,41.32766,18.4,13.65378,TRF2,M32 8WB
22-03-2020 14:00,21.37173,43.39405,15.5,14.36258,TRF2,M32 8WB
22-03-2020 15:00,19.42651,41.04842,14.5,14.10145,TRF2,M32 8WB
22-03-2020 16:00,21.91185,39.98731,13.5,11.78851,TRF2,M32 8WB
22-03-2020 17:00,20.494,39.48467,21.3,12.3854,TRF2,M32 8WB
22-03-2020 18:00,23.1347,39.09374,21.3,10.40821,TRF2,M32 8WB
22-03-2020 19:00,22.98493,31.10744,21.3,5.29737,TRF2,M32 8WB
22-03-2020 20:00,20.68529,26.86298,19.3,4.02899,TRF2,M32 8WB
22-03-2020 21:00,22.3905,27.30977,19.3,3.20827,TRF2,M32 8WB
22-03-2020 22:00,18.67785,27.08637,21.3,5.4839,TRF2,M32 8WB
22-03-2020 23:00,14.24381,21.22231,23.2,4.55126,TRF2,M32 8WB
23-03-2020 00:00,14.5416,18.37406,21.3,2.49946,TRF2,M32 8WB
23-03-2020 01:00,12.6377,14.24127,19.3,1.04582,TRF2,M32 8WB
23-03-2020 02:00,12.66174,14.03623,18.4,0.89642,TRF2,M32 8WB
23-03-2020 03:00,13.43924,15.04281,17.4,1.04582,TRF2,M32 8WB
23-03-2020 04:00,11.43687,12.58227,15.5,0.74702,TRF2,M32 8WB
23-03-2020 05:00,28.05583,43.00342,28,9.74856,TRF2,M32 8WB
23-03-2020 06:00,32.84677,50.94423,20.3,11.80285,TRF2,M32 8WB
23-03-2020 07:00,34.27598,46.30277,25.1,7.84367,TRF2,M32 8WB
23-03-2020 08:00,43.53419,70.85218,29,17.81633,TRF2,M32 8WB
23-03-2020 09:00,44.60421,90.59237,30.9,29.99269,TRF2,M32 8WB
23-03-2020 10:00,33.62626,75.60549,32.9,27.37814,TRF2,M32 8WB
23-03-2020 11:00,35.54991,74.20745,31.9,25.21179,TRF2,M32 8WB
23-03-2020 12:00,37.63519,75.60549,43.5,24.76358,TRF2,M32 8WB
23-03-2020 13:00,35.03253,71.91468,36.7,24.05392,TRF2,M32 8WB
23-03-2020 14:00,45.46071,85.95091,37.7,26.40702,TRF2,M32 8WB
23-03-2020 15:00,33.45189,70.96402,35.7,24.46478,TRF2,M32 8WB
23-03-2020 16:00,33.20062,69.51007,34.8,23.68041,TRF2,M32 8WB
23-03-2020 17:00,37.92783,68.22388,24.2,19.75857,TRF2,M32 8WB
23-03-2020 18:00,50.89931,88.41144,34.8,24.46478,TRF2,M32 8WB
23-03-2020 19:00,59.2527,88.74697,32.9,19.23566,TRF2,M32 8WB
23-03-2020 20:00,45.13865,63.69427,30.9,12.10166,TRF2,M32 8WB
23-03-2020 21:00,45.36052,56.87188,47.3,7.50751,TRF2,M32 8WB
23-03-2020 22:00,53.78652,85.05617,35.7,20.39354,TRF2,M32 8WB
23-03-2020 23:00,28.81459,40.03959,28,7.32076,TRF2,M32 8WB
24-03-2020 00:00,32.17526,43.17118,28,7.17135,TRF2,M32 8WB
24-03-2020 01:00,29.12815,35.01506,28,3.83934,TRF2,M32 8WB
24-03-2020 02:00,16.98404,20.99784,23.2,2.61773,TRF2,M32 8WB
24-03-2020 03:00,19.03213,21.66977,15.5,1.72023,TRF2,M32 8WB
24-03-2020 04:00,14.89663,17.19023,25.1,1.49585,TRF2,M32 8WB
24-03-2020 05:00,16.16835,19.15003,18.4,1.9446,TRF2,M32 8WB
24-03-2020 06:00,24.83241,35.61234,17.4,7.03049,TRF2,M32 8WB
24-03-2020 07:00,39.61686,71.78462,30,20.97927,TRF2,M32 8WB
24-03-2020 08:00,47.11744,91.32661,40.6,28.83247,TRF2,M32 8WB
24-03-2020 09:00,38.89787,84.99926,40.6,30.06654,TRF2,M32 8WB
24-03-2020 10:00,31.53835,66.74513,39.6,22.96126,TRF2,M32 8WB
24-03-2020 11:00,30.75011,61.36969,45.4,19.96957,TRF2,M32 8WB
24-03-2020 12:00,24.35033,50.89876,36.7,17.31444,TRF2,M32 8WB
24-03-2020 13:00,21.41652,39.36395,38.6,11.70501,TRF2,M32 8WB
24-03-2020 14:00,23.64903,44.29144,43.5,13.46263,TRF2,M32 8WB
24-03-2020 15:00,20.37229,39.8679,46.4,12.71471,TRF2,M32 8WB
24-03-2020 16:00,27.24881,47.20314,45.4,13.01388,TRF2,M32 8WB
24-03-2020 17:00,27.94281,44.57142,40.6,10.8449,TRF2,M32 8WB
24-03-2020 18:00,18.74062,31.41277,37.7,8.26456,TRF2,M32 8WB
24-03-2020 19:00,23.93194,37.29216,38.6,8.71331,TRF2,M32 8WB
24-03-2020 20:00,21.06518,30.1249,38.6,5.9086,TRF2,M32 8WB
24-03-2020 21:00,20.83798,32.42066,44.4,7.55403,TRF2,M32 8WB
24-03-2020 22:00,22.60447,28.10911,33.8,3.59004,TRF2,M32 8WB
24-03-2020 23:00,17.19052,21.94974,38.6,3.10389,TRF2,M32 8WB
25-03-2020 00:00,15.32978,18.25412,36.7,1.90721,TRF2,M32 8WB
25-03-2020 01:00,16.08831,18.61433,29,1.64743,TRF2,M32 8WB
25-03-2020 02:00,14.09808,15.4185,29,0.86116,TRF2,M32 8WB
25-03-2020 03:00,14.12595,16.65198,34.8,1.64743,TRF2,M32 8WB
25-03-2020 04:00,12.40263,14.29715,25.1,1.23557,TRF2,M32 8WB
25-03-2020 05:00,14.68528,17.26872,26.1,1.68487,TRF2,M32 8WB
25-03-2020 06:00,26.88616,32.79935,23.2,3.85648,TRF2,M32 8WB
25-03-2020 07:00,40.8947,59.15096,24.2,11.90643,TRF2,M32 8WB
25-03-2020 08:00,54.01968,93.63233,30.9,25.8347,TRF2,M32 8WB
25-03-2020 09:00,42.2848,77.82136,26.1,23.17634,TRF2,M32 8WB
25-03-2020 10:00,34.96003,60.04804,31.9,16.36197,TRF2,M32 8WB
25-03-2020 11:00,32.35977,55.95513,32.9,15.38849,TRF2,M32 8WB
25-03-2020 12:00,24.54257,46.7601,34.8,14.4899,TRF2,M32 8WB
25-03-2020 13:00,23.60781,37.8454,30,9.28551,TRF2,M32 8WB
25-03-2020 14:00,25.42416,43.5082,35.7,11.7941,TRF2,M32 8WB
25-03-2020 15:00,26.88996,44.62954,30,11.56945,TRF2,M32 8WB
25-03-2020 16:00,28.16103,44.29314,34.8,10.52109,TRF2,M32 8WB
25-03-2020 17:00,32.50743,49.78773,31.9,11.26992,TRF2,M32 8WB
25-03-2020 18:00,34.32543,52.98356,35.7,12.16852,TRF2,M32 8WB
25-03-2020 19:00,47.5761,65.43049,31.9,11.64433,TRF2,M32 8WB
25-03-2020 20:00,52.75939,62.34679,31.9,6.25275,TRF2,M32 8WB
25-03-2020 21:00,61.47684,89.09088,40.6,18.0094,TRF2,M32 8WB
25-03-2020 22:00,61.52857,91.72604,44.4,19.69428,TRF2,M32 8WB
25-03-2020 23:00,65.1873,87.57706,48.3,14.60222,TRF2,M32 8WB
26-03-2020 00:00,55.67775,84.32516,50.2,18.68335,TRF2,M32 8WB
26-03-2020 01:00,46.45177,54.26894,38.6,5.09823,TRF2,M32 8WB
26-03-2020 02:00,34.3416,39.8596,31.9,3.59875,TRF2,M32 8WB
26-03-2020 03:00,35.37488,39.91574,36.7,2.96147,TRF2,M32 8WB
26-03-2020 04:00,30.70845,37.95083,35.7,4.72336,TRF2,M32 8WB
26-03-2020 05:00,33.58174,54.84906,32.9,13.87018,TRF2,M32 8WB
26-03-2020 06:00,40.84277,56.47713,33.8,10.19646,TRF2,M32 8WB
26-03-2020 07:00,45.33189,80.33675,32.9,22.82957,TRF2,M32 8WB
26-03-2020 08:00,50.01765,100.77181,40.6,33.10101,TRF2,M32 8WB
26-03-2020 09:00,59.79351,158.42788,46.4,64.32766,TRF2,M32 8WB
26-03-2020 10:00,55.15587,104.64549,43.5,32.27629,TRF2,M32 8WB
26-03-2020 11:00,51.72634,91.78937,45.4,26.12843,TRF2,M32 8WB
26-03-2020 12:00,47.321,78.8771,36.7,20.58035,TRF2,M32 8WB
26-03-2020 13:00,37.81091,60.68765,27.1,14.91982,TRF2,M32 8WB
26-03-2020 14:00,24.87359,39.18592,15.5,9.33426,TRF2,M32 8WB
26-03-2020 15:00,24.56506,32.84207,16.4,5.39813,TRF2,M32 8WB
26-03-2020 16:00,25.47401,33.29119,23.2,5.09823,TRF2,M32 8WB
26-03-2020 17:00,28.31307,37.16487,30,5.773,TRF2,M32 8WB
26-03-2020 18:00,39.3553,48.95433,43.5,6.26033,TRF2,M32 8WB
26-03-2020 19:00,34.83089,38.62452,44.4,2.47414,TRF2,M32 8WB
26-03-2020 20:00,31.16446,33.29119,36.7,1.38702,TRF2,M32 8WB
26-03-2020 21:00,38.78882,41.37539,45.4,1.68692,TRF2,M32 8WB
26-03-2020 22:00,33.36311,39.91574,43.5,4.27352,TRF2,M32 8WB
26-03-2020 23:00,20.6689,22.68067,42.5,1.31205,TRF2,M32 8WB
27-03-2020 00:00,19.8268,21.83857,39.6,1.31205,TRF2,M32 8WB
27-03-2020 01:00,17.43155,18.81272,42.5,0.90078,TRF2,M32 8WB
27-03-2020 02:00,17.11434,18.43797,43.5,0.86325,TRF2,M32 8WB
27-03-2020 03:00,25.66957,28.94985,45.4,2.13935,TRF2,M32 8WB
27-03-2020 04:00,20.27164,21.19242,43.5,0.60052,TRF2,M32 8WB
27-03-2020 05:00,17.48914,19.61844,48.3,1.3887,TRF2,M32 8WB
27-03-2020 06:00,16.36086,18.66282,42.5,1.5013,TRF2,M32 8WB
27-03-2020 07:00,31.6243,37.49428,47.3,3.8283,TRF2,M32 8WB
27-03-2020 08:00,30.38117,41.37299,47.3,7.16868,TRF2,M32 8WB
27-03-2020 09:00,28.98798,41.87891,40.6,8.40725,TRF2,M32 8WB
27-03-2020 10:00,23.02524,33.67177,38.6,6.94349,TRF2,M32 8WB
27-03-2020 11:00,20.45824,32.71615,38.6,7.9944,TRF2,M32 8WB
27-03-2020 12:00,22.46165,30.74868,26.1,5.40466,TRF2,M32 8WB
27-03-2020 13:00,26.91464,37.10078,30,6.64323,TRF2,M32 8WB
27-03-2020 14:00,21.16607,29.5682,28,5.47973,TRF2,M32 8WB
27-03-2020 15:00,18.05685,24.79007,33.8,4.39129,TRF2,M32 8WB
27-03-2020 16:00,17.35279,22.93503,30,3.64064,TRF2,M32 8WB
27-03-2020 17:00,16.87625,21.19242,27.1,2.81493,TRF2,M32 8WB
27-03-2020 18:00,18.93478,24.17172,30,3.41545,TRF2,M32 8WB
27-03-2020 19:00,20.05892,22.87882,29,1.83909,TRF2,M32 8WB
27-03-2020 20:00,17.50249,19.05631,28,1.01337,TRF2,M32 8WB
27-03-2020 21:00,18.94801,21.19242,30.9,1.46376,TRF2,M32 8WB
27-03-2020 22:00,27.34395,31.14217,29,2.47714,TRF2,M32 8WB
27-03-2020 23:00,19.97721,21.47348,28,0.97584,TRF2,M32 8WB
28-03-2020 00:00,13.61576,15.51487,36.7,1.23857,TRF2,M32 8WB
28-03-2020 01:00,10.92865,12.15785,39.6,0.80166,TRF2,M32 8WB
28-03-2020 02:00,5.87809,7.26094,31.9,0.90187,TRF2,M32 8WB
28-03-2020 03:00,5.15703,6.07892,20.3,0.60125,TRF2,M32 8WB
28-03-2020 04:00,4.19483,5.3472,12.6,0.75156,TRF2,M32 8WB
28-03-2020 05:00,3.52872,4.27776,8.7,0.48851,TRF2,M32 8WB
28-03-2020 06:00,3.29958,4.22148,4.8,0.60125,TRF2,M32 8WB
28-03-2020 07:00,5.48009,7.03579,12.6,1.0146,TRF2,M32 8WB
28-03-2020 08:00,6.48925,8.2178,9.7,1.12733,TRF2,M32 8WB
28-03-2020 09:00,6.36069,8.78067,13.5,1.57827,TRF2,M32 8WB
28-03-2020 10:00,8.14454,11.31355,14.5,2.06678,TRF2,M32 8WB
28-03-2020 11:00,7.14071,9.90639,15.5,1.80373,TRF2,M32 8WB
28-03-2020 12:00,7.19966,9.85011,14.5,1.72858,TRF2,M32 8WB
28-03-2020 13:00,8.24912,11.76384,8.7,2.29224,TRF2,M32 8WB
28-03-2020 14:00,9.21531,12.32671,5.8,2.0292,TRF2,M32 8WB
28-03-2020 15:00,7.42747,9.96268,15.5,1.65342,TRF2,M32 8WB
28-03-2020 16:00,8.00898,9.73754,21.3,1.12733,TRF2,M32 8WB
28-03-2020 17:00,7.38184,9.4561,16.4,1.3528,TRF2,M32 8WB
28-03-2020 18:00,6.88592,8.49924,12.6,1.05218,TRF2,M32 8WB
28-03-2020 19:00,7.1084,8.83695,12.6,1.12733,TRF2,M32 8WB
28-03-2020 20:00,5.82714,6.9795,14.5,0.75156,TRF2,M32 8WB
28-03-2020 21:00,5.82314,7.14837,16.4,0.86429,TRF2,M32 8WB
28-03-2020 22:00,5.87277,7.48608,17.4,1.05218,TRF2,M32 8WB
28-03-2020 23:00,4.63979,6.02264,12.6,0.90187,TRF2,M32 8WB
29-03-2020 00:00,3.78751,5.51606,11.6,1.12733,TRF2,M32 8WB
29-03-2020 01:00,2.23312,3.15612,16.4,0.60197,TRF2,M32 8WB
29-03-2020 02:00,1.54086,3.15612,19.3,1.05345,TRF2,M32 8WB
29-03-2020 03:00,1.16627,1.91622,14.5,0.4891,TRF2,M32 8WB
29-03-2020 04:00,1.50842,2.0853,11.6,0.37623,TRF2,M32 8WB
29-03-2020 05:00,1.66819,2.64889,8.7,0.63959,TRF2,M32 8WB
29-03-2020 06:00,2.01432,2.64889,8.7,0.41386,TRF2,M32 8WB
29-03-2020 07:00,3.18591,4.33967,12.6,0.75246,TRF2,M32 8WB
29-03-2020 08:00,2.61301,4.17059,14.5,1.01583,TRF2,M32 8WB
29-03-2020 09:00,3.11759,4.79055,13.5,1.09107,TRF2,M32 8WB
29-03-2020 10:00,4.67572,7.214,14.5,1.65542,TRF2,M32 8WB
29-03-2020 11:00,6.59061,9.18658,12.6,1.69304,TRF2,M32 8WB
29-03-2020 12:00,6.15435,8.11575,20.3,1.27919,TRF2,M32 8WB
29-03-2020 13:00,6.87108,9.52473,9.7,1.73067,TRF2,M32 8WB
29-03-2020 14:00,6.66292,8.56662,11.6,1.24157,TRF2,M32 8WB
29-03-2020 15:00,7.22252,9.29929,16.4,1.35443,TRF2,M32 8WB
29-03-2020 16:00,5.41903,7.49579,9.7,1.35443,TRF2,M32 8WB
29-03-2020 17:00,5.88319,7.38308,7.7,0.9782,TRF2,M32 8WB
29-03-2020 18:00,5.49531,6.70676,8.7,0.79009,TRF2,M32 8WB
29-03-2020 19:00,6.34735,7.27036,14.5,0.60197,TRF2,M32 8WB
29-03-2020 20:00,7.47188,8.51026,12.6,0.67722,TRF2,M32 8WB
29-03-2020 21:00,11.64114,12.73721,11.6,0.71484,TRF2,M32 8WB
29-03-2020 22:00,27.60789,32.8575,16.4,3.42371,TRF2,M32 8WB
29-03-2020 23:00,26.97731,32.68843,19.3,3.72469,TRF2,M32 8WB
30-03-2020 00:00,14.06061,15.32974,11.6,0.82771,TRF2,M32 8WB
30-03-2020 01:00,12.74363,14.8229,13.5,1.35607,TRF2,M32 8WB
30-03-2020 02:00,13.23245,14.50312,15.5,0.82871,TRF2,M32 8WB
30-03-2020 03:00,21.84959,28.78051,12.6,4.52023,TRF2,M32 8WB
30-03-2020 04:00,24.29419,32.90007,15.5,5.61261,TRF2,M32 8WB
30-03-2020 05:00,30.6315,45.87952,18.4,9.9445,TRF2,M32 8WB
30-03-2020 06:00,46.70808,91.75904,26.1,29.38147,TRF2,M32 8WB
30-03-2020 07:00,51.9673,135.88916,30,54.73241,TRF2,M32 8WB
30-03-2020 08:00,53.55567,159.25216,36.7,68.93345,TRF2,M32 8WB
30-03-2020 09:00,37.26322,80.75473,24.2,28.36442,TRF2,M32 8WB
30-03-2020 10:00,17.01629,23.08084,7.7,3.9552,TRF2,M32 8WB
30-03-2020 11:00,14.91902,21.38787,9.7,4.21888,TRF2,M32 8WB
30-03-2020 12:00,12.50093,16.13966,12.6,2.37312,TRF2,M32 8WB
30-03-2020 13:00,10.11144,12.13296,11.6,1.3184,TRF2,M32 8WB
30-03-2020 14:00,12.18089,15.01101,14.5,1.84576,TRF2,M32 8WB
30-03-2020 15:00,11.62982,13.88237,16.4,1.46907,TRF2,M32 8WB
30-03-2020 16:00,9.77285,11.79437,8.7,1.3184,TRF2,M32 8WB
30-03-2020 17:00,8.08385,9.9321,9.7,1.20539,TRF2,M32 8WB
30-03-2020 18:00,11.5143,13.88237,7.7,1.54441,TRF2,M32 8WB
30-03-2020 19:00,8.88186,10.38356,8.7,0.97938,TRF2,M32 8WB
30-03-2020 20:00,9.72039,11.56864,7.7,1.20539,TRF2,M32 8WB
30-03-2020 21:00,9.72437,11.39934,10.6,1.09239,TRF2,M32 8WB
30-03-2020 22:00,9.3871,11.00431,12.6,1.05472,TRF2,M32 8WB
30-03-2020 23:00,7.35686,8.91632,8.7,1.01705,TRF2,M32 8WB
31-03-2020 00:00,7.30573,8.63415,12.6,0.86638,TRF2,M32 8WB
31-03-2020 01:00,8.33284,9.64359,11.6,0.85485,TRF2,M32 8WB
31-03-2020 02:00,6.92241,8.13678,7.7,0.79199,TRF2,M32 8WB
31-03-2020 03:00,9.0749,10.05796,9.7,0.64114,TRF2,M32 8WB
31-03-2020 04:00,9.29299,10.62302,6.8,0.86742,TRF2,M32 8WB
31-03-2020 05:00,8.83698,10.34049,4.8,0.98056,TRF2,M32 8WB
31-03-2020 06:00,14.68446,17.46017,5.8,1.81027,TRF2,M32 8WB
31-03-2020 07:00,15.23233,18.75979,4.8,2.30055,TRF2,M32 8WB
31-03-2020 08:00,18.62794,21.9241,4.8,2.1497,TRF2,M32 8WB
31-03-2020 09:00,13.36369,17.06463,3.9,2.41369,TRF2,M32 8WB
31-03-2020 10:00,15.10214,19.38135,null,2.79083,TRF2,M32 8WB
31-03-2020 11:00,10.58964,14.52189,15.5,2.56455,TRF2,M32 8WB
31-03-2020 12:00,13.5669,20.73748,19.3,4.67653,TRF2,M32 8WB
31-03-2020 13:00,18.70889,25.87947,19.3,4.67653,TRF2,M32 8WB
31-03-2020 14:00,17.03753,23.16721,16.4,3.99768,TRF2,M32 8WB
31-03-2020 15:00,17.54673,28.59173,17.4,7.20337,TRF2,M32 8WB
31-03-2020 16:00,20.38654,30.79544,14.5,6.78851,TRF2,M32 8WB
31-03-2020 17:00,21.80479,29.49582,13.5,5.01596,TRF2,M32 8WB
31-03-2020 18:00,25.30681,33.05566,14.5,5.05367,TRF2,M32 8WB
31-03-2020 19:00,18.85793,21.9806,13.5,2.03655,TRF2,M32 8WB
31-03-2020 20:00,18.90254,22.54565,12.6,2.37598,TRF2,M32 8WB
31-03-2020 21:00,23.14044,26.78356,12.6,2.37598,TRF2,M32 8WB
31-03-2020 22:00,16.04323,18.70329,11.6,1.73484,TRF2,M32 8WB
31-03-2020 23:00,15.59516,18.08173,9.7,1.6217,TRF2,M32 8WB
