timestamp,PM₁₀ level  (µg/m³),NO level  (µg/m³),NO₂ level  (µg/m³),NOx level  (µg/m³),StationName,PostCodes
01-02-2020 00:00,9.2,31.92639,33.77788,82.731,MAN1,M1 7EL
01-02-2020 01:00,15,16.48848,24.36336,49.64535,MAN1,M1 7EL
01-02-2020 02:00,20,9.16264,13.71519,27.76438,MAN1,M1 7EL
01-02-2020 03:00,27.5,9.80338,12.63357,27.66522,MAN1,M1 7EL
01-02-2020 04:00,26.7,7.40059,12.54978,23.89719,MAN1,M1 7EL
01-02-2020 05:00,20.8,4.22891,11.66176,18.146,MAN1,M1 7EL
01-02-2020 06:00,20.8,2.65909,9.30918,13.3864,MAN1,M1 7EL
01-02-2020 07:00,17.5,1.56982,7.60798,10.01501,MAN1,M1 7EL
01-02-2020 08:00,9.2,1.98631,15.14996,18.19558,MAN1,M1 7EL
01-02-2020 09:00,10.8,5.15799,23.87149,31.78029,MAN1,M1 7EL
01-02-2020 10:00,17.5,12.52655,27.99234,47.19944,MAN1,M1 7EL
01-02-2020 11:00,16.7,11.46932,25.10169,42.68773,MAN1,M1 7EL
01-02-2020 12:00,14.2,13.67989,19.48113,40.45666,MAN1,M1 7EL
01-02-2020 13:00,22.5,9.45097,18.87554,33.36683,MAN1,M1 7EL
01-02-2020 14:00,19.2,9.8995,18.53487,33.71388,MAN1,M1 7EL
01-02-2020 15:00,15.8,18.29324,24.8518,52.90105,MAN1,M1 7EL
01-02-2020 16:00,10.8,16.37101,15.85059,40.95245,MAN1,M1 7EL
01-02-2020 17:00,7.5,29.282,30.26369,75.16213,MAN1,M1 7EL
01-02-2020 18:00,15.8,20.18344,45.45411,76.40161,MAN1,M1 7EL
01-02-2020 19:00,21.7,26.23847,38.54966,78.78141,MAN1,M1 7EL
01-02-2020 20:00,18.3,23.25901,41.72988,77.3932,MAN1,M1 7EL
01-02-2020 21:00,29.2,44.46763,56.16198,124.34474,MAN1,M1 7EL
01-02-2020 22:00,39.2,28.25681,43.23885,86.56535,MAN1,M1 7EL
01-02-2020 23:00,35.8,35.08073,52.16113,105.95084,MAN1,M1 7EL
02-02-2020 00:00,37.5,100.34051,69.30286,223.15616,MAN1,M1 7EL
02-02-2020 01:00,26.7,58.66026,70.26196,160.20643,MAN1,M1 7EL
02-02-2020 02:00,23.3,56.22675,58.04206,144.25522,MAN1,M1 7EL
02-02-2020 03:00,22.5,48.22181,58.46431,132.40338,MAN1,M1 7EL
02-02-2020 04:00,17.5,10.91875,30.6655,47.40735,MAN1,M1 7EL
02-02-2020 05:00,7.5,14.50497,32.60511,54.84574,MAN1,M1 7EL
02-02-2020 06:00,8.3,6.7882,24.94874,35.35716,MAN1,M1 7EL
02-02-2020 07:00,5.8,3.33006,24.20125,29.30727,MAN1,M1 7EL
02-02-2020 08:00,6.7,4.96307,25.41653,33.02646,MAN1,M1 7EL
02-02-2020 09:00,5,7.90889,33.34658,45.47337,MAN1,M1 7EL
02-02-2020 10:00,0,39.3203,63.48455,123.77484,MAN1,M1 7EL
02-02-2020 11:00,0.8,57.18735,57.3626,145.04864,MAN1,M1 7EL
02-02-2020 12:00,4.2,55.61838,45.18907,130.4694,MAN1,M1 7EL
02-02-2020 13:00,12.5,64.13564,54.84134,153.18129,MAN1,M1 7EL
02-02-2020 14:00,13.3,14.40891,27.44634,49.53969,MAN1,M1 7EL
02-02-2020 15:00,20,11.94338,23.44124,41.75417,MAN1,M1 7EL
02-02-2020 16:00,27.5,20.26853,29.81766,60.89564,MAN1,M1 7EL
02-02-2020 17:00,25.8,22.67001,30.40011,65.16031,MAN1,M1 7EL
02-02-2020 18:00,20,42.5543,44.64082,109.88984,MAN1,M1 7EL
02-02-2020 19:00,22.5,26.16017,30.75138,70.86308,MAN1,M1 7EL
02-02-2020 20:00,27.5,33.973,43.91364,96.00485,MAN1,M1 7EL
02-02-2020 21:00,15,11.71924,17.8342,35.80346,MAN1,M1 7EL
02-02-2020 22:00,17.5,15.17738,32.06998,55.34164,MAN1,M1 7EL
02-02-2020 23:00,19.2,13.83255,34.67751,55.88712,MAN1,M1 7EL
03-02-2020 00:00,17.5,14.18477,27.8892,49.63887,MAN1,M1 7EL
03-02-2020 01:00,17.5,4.43766,10.85304,17.65736,MAN1,M1 7EL
03-02-2020 02:00,10.8,2.09082,8.96248,12.16837,MAN1,M1 7EL
03-02-2020 03:00,9.2,0.92807,2.94172,4.36474,MAN1,M1 7EL
03-02-2020 04:00,14.2,2.43218,4.75219,8.48148,MAN1,M1 7EL
03-02-2020 05:00,18.3,1.53612,6.42374,8.77908,MAN1,M1 7EL
03-02-2020 06:00,15,2.6882,10.01396,14.13581,MAN1,M1 7EL
03-02-2020 07:00,17.5,5.3444,15.81144,24.00607,MAN1,M1 7EL
03-02-2020 08:00,19.2,13.28099,35.48494,55.84884,MAN1,M1 7EL
03-02-2020 09:00,28.3,23.45775,52.51715,88.48519,MAN1,M1 7EL
03-02-2020 10:00,40.8,44.48331,45.52445,113.73124,MAN1,M1 7EL
03-02-2020 11:00,36.7,23.52175,34.16646,70.23264,MAN1,M1 7EL
03-02-2020 12:00,30.8,35.61865,48.94888,103.56338,MAN1,M1 7EL
03-02-2020 13:00,33.3,52.70792,41.89103,122.70872,MAN1,M1 7EL
03-02-2020 14:00,33.3,41.12306,47.8992,110.95368,MAN1,M1 7EL
03-02-2020 15:00,30.8,62.34064,35.75135,131.339,MAN1,M1 7EL
03-02-2020 16:00,24.2,37.37878,57.0627,114.37603,MAN1,M1 7EL
03-02-2020 17:00,35,44.03528,49.03859,116.5584,MAN1,M1 7EL
03-02-2020 18:00,30,75.10959,48.31293,163.47936,MAN1,M1 7EL
03-02-2020 19:00,18.3,33.89052,43.21635,95.1811,MAN1,M1 7EL
03-02-2020 20:00,19.2,16.19321,33.99556,58.82479,MAN1,M1 7EL
03-02-2020 21:00,23.3,12.41692,27.43555,46.47456,MAN1,M1 7EL
03-02-2020 22:00,15.8,11.07283,20.023,37.00109,MAN1,M1 7EL
03-02-2020 23:00,17.5,9.3767,16.67177,31.04917,MAN1,M1 7EL
04-02-2020 00:00,19.2,9.15268,13.7417,27.77562,MAN1,M1 7EL
04-02-2020 01:00,18.3,4.56319,8.67977,15.67656,MAN1,M1 7EL
04-02-2020 02:00,13.3,2.34557,6.78841,10.38489,MAN1,M1 7EL
04-02-2020 03:00,11.7,2.52681,9.52013,13.39453,MAN1,M1 7EL
04-02-2020 04:00,17.5,2.46284,5.00455,8.78086,MAN1,M1 7EL
04-02-2020 05:00,17.5,1.53528,3.7975,6.15156,MAN1,M1 7EL
04-02-2020 06:00,18.3,3.87018,10.93299,16.86718,MAN1,M1 7EL
04-02-2020 07:00,25,5.94921,18.80808,27.93007,MAN1,M1 7EL
04-02-2020 08:00,28.3,19.92664,37.26224,67.816,MAN1,M1 7EL
04-02-2020 09:00,28.3,36.65478,61.42058,117.62379,MAN1,M1 7EL
04-02-2020 10:00,18.3,64.38575,46.88003,145.60347,MAN1,M1 7EL
04-02-2020 11:00,22.5,59.74793,68.47719,160.0894,MAN1,M1 7EL
04-02-2020 12:00,43.3,150.52128,100.34639,331.14248,MAN1,M1 7EL
04-02-2020 13:00,32.5,74.30109,66.60171,180.52846,MAN1,M1 7EL
04-02-2020 14:00,25,68.76769,69.52989,174.97221,MAN1,M1 7EL
04-02-2020 15:00,24.2,42.95582,54.48764,120.35231,MAN1,M1 7EL
04-02-2020 16:00,32.5,103.05558,67.45818,225.47454,MAN1,M1 7EL
04-02-2020 17:00,37.5,98.16188,74.21761,224.7304,MAN1,M1 7EL
04-02-2020 18:00,47.5,274.68695,157.06591,578.2467,MAN1,M1 7EL
04-02-2020 19:00,56.7,263.0764,114.29547,517.67367,MAN1,M1 7EL
04-02-2020 20:00,39.2,179.59562,86.12729,361.5034,MAN1,M1 7EL
04-02-2020 21:00,36.7,145.11582,75.54521,298.05303,MAN1,M1 7EL
04-02-2020 22:00,33.3,128.1318,76.6335,273.09953,MAN1,M1 7EL
04-02-2020 23:00,35,143.93238,78.05433,298.74756,MAN1,M1 7EL
05-02-2020 00:00,29.2,156.47049,84.52714,324.44521,MAN1,M1 7EL
05-02-2020 01:00,31.7,72.24669,61.43568,172.2124,MAN1,M1 7EL
05-02-2020 02:00,29.2,15.04607,41.50106,64.57138,MAN1,M1 7EL
05-02-2020 03:00,28.3,16.78297,37.63044,63.36397,MAN1,M1 7EL
05-02-2020 04:00,25,21.06663,44.9557,77.25741,MAN1,M1 7EL
05-02-2020 05:00,25,15.02476,43.5516,66.58923,MAN1,M1 7EL
05-02-2020 06:00,24.2,74.10081,60.14747,173.76714,MAN1,M1 7EL
05-02-2020 07:00,25,143.88601,78.93018,299.55231,MAN1,M1 7EL
05-02-2020 08:00,35,215.10974,79.62895,409.45928,MAN1,M1 7EL
05-02-2020 09:00,40.8,297.01064,98.88835,554.29831,MAN1,M1 7EL
05-02-2020 10:00,36.7,309.12634,91.62442,565.61153,MAN1,M1 7EL
05-02-2020 11:00,41.7,269.42263,94.94409,508.05303,MAN1,M1 7EL
05-02-2020 12:00,52.5,236.2403,98.93263,461.1627,MAN1,M1 7EL
05-02-2020 13:00,64.2,189.27995,91.54645,381.77166,MAN1,M1 7EL
05-02-2020 14:00,75,165.46411,97.84535,351.55344,MAN1,M1 7EL
05-02-2020 15:00,68.3,79.11972,69.66985,190.98507,MAN1,M1 7EL
05-02-2020 16:00,77.5,122.43577,87.01039,274.74261,MAN1,M1 7EL
05-02-2020 17:00,103.3,314.08132,109.8786,591.46324,MAN1,M1 7EL
05-02-2020 18:00,98.3,434.08755,139.78084,805.37247,MAN1,M1 7EL
05-02-2020 19:00,87.5,386.45588,94.27431,686.83172,MAN1,M1 7EL
05-02-2020 20:00,72.5,398.69946,122.29218,733.62282,MAN1,M1 7EL
05-02-2020 21:00,61.7,361.42528,106.65346,660.83116,MAN1,M1 7EL
05-02-2020 22:00,49.2,289.69007,104.90303,549.08827,MAN1,M1 7EL
05-02-2020 23:00,49.2,284.67116,101.8808,538.37048,MAN1,M1 7EL
06-02-2020 00:00,47.5,245.76663,86.80675,463.64367,MAN1,M1 7EL
06-02-2020 01:00,37.5,127.50242,72.89502,268.39601,MAN1,M1 7EL
06-02-2020 02:00,32.5,43.73976,65.0965,132.1632,MAN1,M1 7EL
06-02-2020 03:00,30,62.97376,53.96768,150.52609,MAN1,M1 7EL
06-02-2020 04:00,26.7,33.41986,49.40543,100.6485,MAN1,M1 7EL
06-02-2020 05:00,25.8,37.06218,46.79839,103.62627,MAN1,M1 7EL
06-02-2020 06:00,27.5,107.60812,66.6734,231.67022,MAN1,M1 7EL
06-02-2020 07:00,58.3,327.93639,93.61781,596.4466,MAN1,M1 7EL
06-02-2020 08:00,46.7,484.93945,112.69325,856.25671,MAN1,M1 7EL
06-02-2020 09:00,55.8,495.0996,118.75301,877.89515,MAN1,M1 7EL
06-02-2020 10:00,60,427.74867,94.37607,750.24823,MAN1,M1 7EL
06-02-2020 11:00,47.5,172.97814,85.70032,350.92976,MAN1,M1 7EL
06-02-2020 12:00,53.3,135.11721,68.96137,276.1382,MAN1,M1 7EL
06-02-2020 13:00,67.5,169.81507,80.47551,340.85499,MAN1,M1 7EL
06-02-2020 14:00,58.3,85.27496,67.11945,197.87257,MAN1,M1 7EL
06-02-2020 15:00,58.3,69.90694,68.89611,176.08525,MAN1,M1 7EL
06-02-2020 16:00,103.3,281.00161,97.14447,528.0076,MAN1,M1 7EL
06-02-2020 17:00,125,443.3084,126.99646,806.72653,MAN1,M1 7EL
06-02-2020 18:00,115,498.13487,116.23307,880.02921,MAN1,M1 7EL
06-02-2020 19:00,106.7,476.37681,123.78765,854.22191,MAN1,M1 7EL
06-02-2020 20:00,66.7,465.44986,128.33323,842.01306,MAN1,M1 7EL
06-02-2020 21:00,35,162.08314,87.41766,335.94167,MAN1,M1 7EL
06-02-2020 22:00,26.7,68.66088,66.38968,171.66823,MAN1,M1 7EL
06-02-2020 23:00,38.3,52.20655,60.79942,140.84835,MAN1,M1 7EL
07-02-2020 00:00,35,38.91529,54.87547,114.54475,MAN1,M1 7EL
07-02-2020 01:00,35,22.73612,54.29095,89.1525,MAN1,M1 7EL
07-02-2020 02:00,34.2,11.53837,45.84662,63.53853,MAN1,M1 7EL
07-02-2020 03:00,33.3,18.16973,40.69225,68.55212,MAN1,M1 7EL
07-02-2020 04:00,34.2,13.22016,48.92681,69.19743,MAN1,M1 7EL
07-02-2020 05:00,30,6.89747,40.20521,50.78119,MAN1,M1 7EL
07-02-2020 06:00,25,28.64367,48.80686,92.72655,MAN1,M1 7EL
07-02-2020 07:00,23.3,50.42181,60.98323,138.29559,MAN1,M1 7EL
07-02-2020 08:00,30,52.88063,60.78713,141.86963,MAN1,M1 7EL
07-02-2020 09:00,39.2,113.07385,79.83349,253.21098,MAN1,M1 7EL
07-02-2020 10:00,56.7,58.66045,56.44205,146.38682,MAN1,M1 7EL
07-02-2020 11:00,80.8,78.07556,65.09358,184.80778,MAN1,M1 7EL
07-02-2020 12:00,95.8,76.89405,60.50172,178.40429,MAN1,M1 7EL
07-02-2020 13:00,54.2,65.36633,61.00205,161.22903,MAN1,M1 7EL
07-02-2020 14:00,54.2,81.68396,56.53277,181.77977,MAN1,M1 7EL
07-02-2020 15:00,57.5,153.18138,90.36302,325.23787,MAN1,M1 7EL
07-02-2020 16:00,56.7,118.98141,75.98751,258.42313,MAN1,M1 7EL
07-02-2020 17:00,50,145.1024,104.53765,327.02489,MAN1,M1 7EL
07-02-2020 18:00,48.3,139.89736,96.1872,310.6935,MAN1,M1 7EL
07-02-2020 19:00,40.8,98.38479,70.43822,221.2928,MAN1,M1 7EL
07-02-2020 20:00,42.5,108.57134,60.37869,226.85242,MAN1,M1 7EL
07-02-2020 21:00,23.3,66.35625,50.3009,152.04572,MAN1,M1 7EL
07-02-2020 22:00,19.2,45.72769,40.23374,110.34856,MAN1,M1 7EL
07-02-2020 23:00,28.3,46.36635,41.93502,113.02909,MAN1,M1 7EL
08-02-2020 00:00,20.8,44.86551,50.63977,119.43259,MAN1,M1 7EL
08-02-2020 01:00,15,29.1919,38.45231,83.21259,MAN1,M1 7EL
08-02-2020 02:00,3.3,16.08533,20.81513,45.47896,MAN1,M1 7EL
08-02-2020 03:00,2.5,12.38315,18.29956,37.28679,MAN1,M1 7EL
08-02-2020 04:00,14.2,6.89371,9.1903,19.76051,MAN1,M1 7EL
08-02-2020 05:00,13.3,3.1277,8.11313,12.90888,MAN1,M1 7EL
08-02-2020 06:00,-1.7,3.41494,14.12714,19.36331,MAN1,M1 7EL
08-02-2020 07:00,0,11.84059,25.13906,43.29438,MAN1,M1 7EL
08-02-2020 08:00,-1.7,16.30874,27.96966,52.97604,MAN1,M1 7EL
08-02-2020 09:00,20.8,44.77722,48.81332,117.47076,MAN1,M1 7EL
08-02-2020 10:00,14.2,61.78809,58.42834,153.16877,MAN1,M1 7EL
08-02-2020 11:00,56.7,51.12837,54.51602,132.91176,MAN1,M1 7EL
08-02-2020 12:00,65.8,67.24562,54.03222,157.14073,MAN1,M1 7EL
08-02-2020 13:00,41.7,50.55389,47.8005,125.31538,MAN1,M1 7EL
08-02-2020 14:00,34.2,50.39432,43.77532,121.04553,MAN1,M1 7EL
08-02-2020 15:00,37.5,38.7133,31.84659,91.20617,MAN1,M1 7EL
08-02-2020 16:00,29.2,48.54323,45.62063,120.05254,MAN1,M1 7EL
08-02-2020 17:00,32.5,77.55427,59.32688,178.24177,MAN1,M1 7EL
08-02-2020 18:00,20.8,65.20303,52.09989,152.07648,MAN1,M1 7EL
08-02-2020 19:00,19.2,79.72451,60.41803,182.66058,MAN1,M1 7EL
08-02-2020 20:00,14.2,49.43686,57.55648,133.35861,MAN1,M1 7EL
08-02-2020 21:00,7.5,41.80909,49.98821,114.09459,MAN1,M1 7EL
08-02-2020 22:00,7.5,27.19187,25.68078,67.3744,MAN1,M1 7EL
08-02-2020 23:00,8.3,17.80876,27.65564,54.96202,MAN1,M1 7EL
09-02-2020 00:00,8.3,47.68151,35.02602,108.13665,MAN1,M1 7EL
09-02-2020 01:00,5.8,23.05157,38.61439,73.95964,MAN1,M1 7EL
09-02-2020 02:00,3.3,8.63371,19.80199,33.04016,MAN1,M1 7EL
09-02-2020 03:00,1.7,8.48485,11.86952,24.87944,MAN1,M1 7EL
09-02-2020 04:00,0.8,10.90909,16.9918,33.71884,MAN1,M1 7EL
09-02-2020 05:00,-2.5,5.32695,9.46126,17.62914,MAN1,M1 7EL
09-02-2020 06:00,null,2.13716,5.01621,8.29315,MAN1,M1 7EL
09-02-2020 07:00,-1.7,1.88198,6.99659,9.88225,MAN1,M1 7EL
09-02-2020 08:00,-1.7,1.563,7.93262,10.32919,MAN1,M1 7EL
09-02-2020 09:00,-2.5,2.32855,4.07498,6.42264,MAN1,M1 7EL
09-02-2020 10:00,-1.7,6.63477,9.93895,20.11212,MAN1,M1 7EL
09-02-2020 11:00,0.8,7.52791,16.66399,28.20663,MAN1,M1 7EL
09-02-2020 12:00,2.5,3.92345,11.56362,17.57948,MAN1,M1 7EL
09-02-2020 13:00,1.7,4.17863,15.69136,22.0985,MAN1,M1 7EL
09-02-2020 14:00,2.5,4.97608,14.81624,22.44612,MAN1,M1 7EL
09-02-2020 15:00,12.5,4.6252,10.38829,17.48016,MAN1,M1 7EL
09-02-2020 16:00,13.3,5.19936,9.50792,17.48016,MAN1,M1 7EL
09-02-2020 17:00,15.8,8.89952,14.75952,28.40527,MAN1,M1 7EL
09-02-2020 18:00,5.8,14.67305,31.18362,53.68198,MAN1,M1 7EL
09-02-2020 19:00,14.2,10.87719,24.5393,41.21743,MAN1,M1 7EL
09-02-2020 20:00,11.7,4.81659,12.92543,20.31076,MAN1,M1 7EL
09-02-2020 21:00,8.3,4.91228,23.30653,30.83859,MAN1,M1 7EL
09-02-2020 22:00,5.8,4.43381,11.02937,17.82778,MAN1,M1 7EL
09-02-2020 23:00,8.3,3.0622,9.01073,13.70604,MAN1,M1 7EL
10-02-2020 00:00,9.2,3.47687,7.53069,12.86183,MAN1,M1 7EL
10-02-2020 01:00,12.5,1.48776,6.26197,8.54317,MAN1,M1 7EL
10-02-2020 02:00,11.7,1.02018,4.26365,5.8279,MAN1,M1 7EL
10-02-2020 03:00,11.7,0.73325,3.84266,4.96696,MAN1,M1 7EL
10-02-2020 04:00,9.2,0.82889,4.59006,5.86101,MAN1,M1 7EL
10-02-2020 05:00,16.7,0.60573,4.98191,5.91068,MAN1,M1 7EL
10-02-2020 06:00,10,1.84907,4.86359,7.69879,MAN1,M1 7EL
10-02-2020 07:00,7.5,3.7619,12.75859,18.52676,MAN1,M1 7EL
10-02-2020 08:00,7.5,7.58756,23.68098,35.31509,MAN1,M1 7EL
10-02-2020 09:00,14.2,15.94026,29.10244,53.54383,MAN1,M1 7EL
10-02-2020 10:00,33.3,61.46564,44.67987,138.92587,MAN1,M1 7EL
10-02-2020 11:00,44.2,22.28448,38.94459,73.11365,MAN1,M1 7EL
10-02-2020 12:00,39.2,17.59805,34.75602,61.73931,MAN1,M1 7EL
10-02-2020 13:00,23.3,21.00926,33.89648,66.11024,MAN1,M1 7EL
10-02-2020 14:00,15,23.49594,35.49761,71.52422,MAN1,M1 7EL
10-02-2020 15:00,21.7,50.59438,54.09713,131.67411,MAN1,M1 7EL
10-02-2020 16:00,20,36.56696,40.14146,96.21001,MAN1,M1 7EL
10-02-2020 17:00,10,43.22998,58.53465,124.8197,MAN1,M1 7EL
10-02-2020 18:00,6.7,38.54355,56.18386,115.28314,MAN1,M1 7EL
10-02-2020 19:00,3.3,40.01005,35.25948,96.60737,MAN1,M1 7EL
10-02-2020 20:00,5,10.32929,17.19226,33.03028,MAN1,M1 7EL
10-02-2020 21:00,12.5,8.41646,14.4629,27.36795,MAN1,M1 7EL
10-02-2020 22:00,21.7,5.32405,12.20111,20.36454,MAN1,M1 7EL
10-02-2020 23:00,27.5,5.83414,10.07791,19.02346,MAN1,M1 7EL
11-02-2020 00:00,33.3,4.55891,6.37088,13.36112,MAN1,M1 7EL
11-02-2020 01:00,22.5,3.14383,9.15607,13.97654,MAN1,M1 7EL
11-02-2020 02:00,17.5,2.10297,2.83641,6.06092,MAN1,M1 7EL
11-02-2020 03:00,25,1.65688,4.27117,6.16028,MAN1,M1 7EL
11-02-2020 04:00,20.8,1.08335,4.00237,5.66348,MAN1,M1 7EL
11-02-2020 05:00,18.3,1.17894,4.45196,6.25963,MAN1,M1 7EL
11-02-2020 06:00,20,1.8162,7.39953,10.18433,MAN1,M1 7EL
11-02-2020 07:00,21.7,5.48046,11.71701,20.12025,MAN1,M1 7EL
11-02-2020 08:00,20.8,14.17908,19.14538,40.88634,MAN1,M1 7EL
11-02-2020 09:00,14.2,24.43901,37.59331,75.06593,MAN1,M1 7EL
11-02-2020 10:00,13.3,22.14486,33.55965,67.51463,MAN1,M1 7EL
11-02-2020 11:00,14.2,20.83847,32.28389,64.23577,MAN1,M1 7EL
11-02-2020 12:00,20,13.95604,18.34474,39.74371,MAN1,M1 7EL
11-02-2020 13:00,22.5,16.21832,24.36477,49.23252,MAN1,M1 7EL
11-02-2020 14:00,20.8,14.01977,18.34639,39.84307,MAN1,M1 7EL
11-02-2020 15:00,18.3,16.05901,19.49205,44.11552,MAN1,M1 7EL
11-02-2020 16:00,20,22.65467,21.64971,56.38639,MAN1,M1 7EL
11-02-2020 17:00,17.5,20.67916,22.59224,54.29984,MAN1,M1 7EL
11-02-2020 18:00,20.8,26.41452,34.4152,74.91689,MAN1,M1 7EL
11-02-2020 19:00,16.7,18.32129,33.7589,61.85115,MAN1,M1 7EL
11-02-2020 20:00,21.7,20.39239,19.2563,50.52419,MAN1,M1 7EL
11-02-2020 21:00,21.7,12.77711,26.51141,46.1027,MAN1,M1 7EL
11-02-2020 22:00,15,5.44859,12.80914,21.16353,MAN1,M1 7EL
11-02-2020 23:00,16.7,7.07361,14.49057,25.33661,MAN1,M1 7EL
12-02-2020 00:00,21.7,6.43635,11.14556,21.01449,MAN1,M1 7EL
12-02-2020 01:00,14.2,4.54332,9.79566,16.76198,MAN1,M1 7EL
12-02-2020 02:00,16.7,3.31195,7.89075,12.96901,MAN1,M1 7EL
12-02-2020 03:00,22.5,1.8152,5.11738,7.90066,MAN1,M1 7EL
12-02-2020 04:00,21.7,2.61135,6.77865,10.78266,MAN1,M1 7EL
12-02-2020 05:00,12.5,1.33752,4.90572,6.95655,MAN1,M1 7EL
12-02-2020 06:00,10,3.66226,17.44063,23.05601,MAN1,M1 7EL
12-02-2020 07:00,15,5.98699,17.35436,26.53429,MAN1,M1 7EL
12-02-2020 08:00,12.5,40.22112,61.75764,123.42916,MAN1,M1 7EL
12-02-2020 09:00,20,105.75957,70.83248,232.9949,MAN1,M1 7EL
12-02-2020 10:00,19.2,76.74814,66.17297,183.85181,MAN1,M1 7EL
12-02-2020 11:00,24.2,72.70374,48.22512,159.70262,MAN1,M1 7EL
12-02-2020 12:00,null,26.30455,29.82875,70.16183,MAN1,M1 7EL
12-02-2020 13:00,15.8,29.58466,42.93605,88.29856,MAN1,M1 7EL
12-02-2020 14:00,25,23.27921,28.95198,64.64627,MAN1,M1 7EL
12-02-2020 15:00,27.5,28.31083,29.1376,72.54693,MAN1,M1 7EL
12-02-2020 16:00,32.5,34.64812,49.63187,102.75825,MAN1,M1 7EL
12-02-2020 17:00,45.8,33.85198,42.80288,94.70853,MAN1,M1 7EL
12-02-2020 18:00,41.7,72.32159,63.71798,174.60953,MAN1,M1 7EL
12-02-2020 19:00,77.5,323.01094,140.30413,635.58067,MAN1,M1 7EL
12-02-2020 20:00,50.8,177.4124,98.408,370.43655,MAN1,M1 7EL
12-02-2020 21:00,31.7,86.46108,81.19319,213.76499,MAN1,M1 7EL
12-02-2020 22:00,23.3,38.91545,63.61057,123.28009,MAN1,M1 7EL
12-02-2020 23:00,7.5,24.71226,36.29508,74.18669,MAN1,M1 7EL
13-02-2020 00:00,10,11.27338,38.01901,55.30461,MAN1,M1 7EL
13-02-2020 01:00,17.5,6.0686,27.34021,36.64526,MAN1,M1 7EL
13-02-2020 02:00,5.8,3.94671,18.13566,24.1872,MAN1,M1 7EL
13-02-2020 03:00,0.8,2.60992,10.5105,14.51232,MAN1,M1 7EL
13-02-2020 04:00,-1.7,4.99704,11.57177,19.23379,MAN1,M1 7EL
13-02-2020 05:00,null,1.97336,10.59196,13.61772,MAN1,M1 7EL
13-02-2020 06:00,null,6.62028,17.03479,27.18575,MAN1,M1 7EL
13-02-2020 07:00,-1.7,50.0659,67.61103,144.37768,MAN1,M1 7EL
13-02-2020 08:00,0,120.78837,97.38635,282.59259,MAN1,M1 7EL
13-02-2020 09:00,3.3,221.33394,126.21298,465.58695,MAN1,M1 7EL
13-02-2020 10:00,5,199.97716,102.69951,409.32687,MAN1,M1 7EL
13-02-2020 11:00,3.3,126.26283,77.41225,271.01256,MAN1,M1 7EL
13-02-2020 12:00,4.2,119.73803,73.20268,256.79844,MAN1,M1 7EL
13-02-2020 13:00,7.5,175.18292,106.22521,374.83527,MAN1,M1 7EL
13-02-2020 14:00,13.3,114.10443,84.97184,259.92952,MAN1,M1 7EL
13-02-2020 15:00,30.8,132.9786,82.86969,286.76737,MAN1,M1 7EL
13-02-2020 16:00,22.5,111.81279,89.82753,261.27141,MAN1,M1 7EL
13-02-2020 17:00,20,158.50489,95.86493,338.90237,MAN1,M1 7EL
13-02-2020 18:00,14.2,207.42498,105.84169,423.88889,MAN1,M1 7EL
13-02-2020 19:00,6.7,410.55314,148.79154,778.29757,MAN1,M1 7EL
13-02-2020 20:00,7.5,301.25478,107.6909,569.60846,MAN1,M1 7EL
13-02-2020 21:00,7.5,300.74553,104.59517,565.73188,MAN1,M1 7EL
13-02-2020 22:00,5.8,227.76326,97.41924,446.65136,MAN1,M1 7EL
13-02-2020 23:00,7.5,304.43761,107.58181,574.37963,MAN1,M1 7EL
14-02-2020 00:00,22.5,268.24884,97.56625,508.87541,MAN1,M1 7EL
14-02-2020 01:00,22.5,173.94191,80.2669,346.97411,MAN1,M1 7EL
14-02-2020 02:00,15,72.24252,61.02661,171.79692,MAN1,M1 7EL
14-02-2020 03:00,15.8,40.71793,51.79973,114.23302,MAN1,M1 7EL
14-02-2020 04:00,10,20.13629,46.32404,77.19925,MAN1,M1 7EL
14-02-2020 05:00,10,18.10039,41.59156,69.34511,MAN1,M1 7EL
14-02-2020 06:00,9.2,11.16562,35.7708,52.89118,MAN1,M1 7EL
14-02-2020 07:00,7.5,41.03604,51.65994,114.58099,MAN1,M1 7EL
14-02-2020 08:00,13.3,124.09425,84.71918,274.99438,MAN1,M1 7EL
14-02-2020 09:00,14.2,172.38317,87.82674,352.14392,MAN1,M1 7EL
14-02-2020 10:00,9.2,174.32364,81.02375,348.31627,MAN1,M1 7EL
14-02-2020 11:00,13.3,148.39777,83.34475,310.88482,MAN1,M1 7EL
14-02-2020 12:00,20.8,117.66846,65.44201,245.86446,MAN1,M1 7EL
14-02-2020 13:00,40,132.61957,60.26367,263.61084,MAN1,M1 7EL
14-02-2020 14:00,18.3,64.73515,66.672,165.93117,MAN1,M1 7EL
14-02-2020 15:00,10.8,123.13993,84.04494,272.85686,MAN1,M1 7EL
14-02-2020 16:00,8.3,153.71019,100.10375,335.78941,MAN1,M1 7EL
14-02-2020 17:00,7.5,180.71763,94.58336,371.67985,MAN1,M1 7EL
14-02-2020 18:00,6.7,150.91083,76.65799,308.05137,MAN1,M1 7EL
14-02-2020 19:00,6.7,239.63138,98.99699,466.42665,MAN1,M1 7EL
14-02-2020 20:00,8.3,200.02683,95.49812,402.20165,MAN1,M1 7EL
14-02-2020 21:00,14.2,89.13409,71.66322,208.33359,MAN1,M1 7EL
14-02-2020 22:00,9.2,88.46607,65.9767,201.62278,MAN1,M1 7EL
14-02-2020 23:00,9.2,67.91624,64.57814,168.71492,MAN1,M1 7EL
15-02-2020 00:00,23.3,124.63504,98.55436,289.65876,MAN1,M1 7EL
15-02-2020 01:00,15,71.72608,66.16222,176.14067,MAN1,M1 7EL
15-02-2020 02:00,14.2,31.1894,49.03109,96.85416,MAN1,M1 7EL
15-02-2020 03:00,9.2,35.48152,47.22303,101.62727,MAN1,M1 7EL
15-02-2020 04:00,9.2,36.33994,46.00624,101.72671,MAN1,M1 7EL
15-02-2020 05:00,7.5,15.92853,33.54988,57.97328,MAN1,M1 7EL
15-02-2020 06:00,8.3,14.1481,36.23012,57.92356,MAN1,M1 7EL
15-02-2020 07:00,5.8,10.7144,30.95445,47.38297,MAN1,M1 7EL
15-02-2020 08:00,-0.8,14.05272,30.70831,52.25551,MAN1,M1 7EL
15-02-2020 09:00,-2.5,24.8307,31.88254,69.95575,MAN1,M1 7EL
15-02-2020 10:00,null,35.5769,38.8233,93.37378,MAN1,M1 7EL
15-02-2020 11:00,null,33.6057,33.59227,85.12029,MAN1,M1 7EL
15-02-2020 12:00,null,44.57445,43.02581,111.37235,MAN1,M1 7EL
15-02-2020 13:00,null,42.41249,58.72099,123.75258,MAN1,M1 7EL
15-02-2020 14:00,null,55.0663,91.32567,175.75948,MAN1,M1 7EL
15-02-2020 15:00,-3.3,41.20434,34.02309,97.2022,MAN1,M1 7EL
15-02-2020 16:00,-3.3,35.35434,38.86622,93.07546,MAN1,M1 7EL
15-02-2020 17:00,null,41.68124,46.26872,110.17907,MAN1,M1 7EL
15-02-2020 18:00,null,45.94157,49.08363,119.52639,MAN1,M1 7EL
15-02-2020 19:00,null,30.90326,32.21706,79.60139,MAN1,M1 7EL
15-02-2020 20:00,null,77.57608,56.86088,175.8092,MAN1,M1 7EL
15-02-2020 21:00,null,48.13532,41.54347,115.34993,MAN1,M1 7EL
15-02-2020 22:00,null,24.25842,25.30206,62.49778,MAN1,M1 7EL
15-02-2020 23:00,null,20.15706,28.85613,59.7632,MAN1,M1 7EL
16-02-2020 00:00,null,88.672,53.37115,189.33299,MAN1,M1 7EL
16-02-2020 01:00,null,20.76036,28.70568,60.53779,MAN1,M1 7EL
16-02-2020 02:00,null,8.68546,17.6476,30.96511,MAN1,M1 7EL
16-02-2020 03:00,null,9.97768,21.65037,36.94927,MAN1,M1 7EL
16-02-2020 04:00,null,7.78514,12.33112,24.26816,MAN1,M1 7EL
16-02-2020 05:00,null,4.13089,8.43582,14.76976,MAN1,M1 7EL
16-02-2020 06:00,null,2.2561,3.60233,7.06164,MAN1,M1 7EL
16-02-2020 07:00,null,0.95328,3.01401,4.47569,MAN1,M1 7EL
16-02-2020 08:00,null,1.49348,7.45708,9.74705,MAN1,M1 7EL
16-02-2020 09:00,1.7,2.22433,11.01107,14.42165,MAN1,M1 7EL
16-02-2020 10:00,2.5,4.54398,13.32244,20.28977,MAN1,M1 7EL
16-02-2020 11:00,3.3,10.20012,17.57957,33.21953,MAN1,M1 7EL
16-02-2020 12:00,2.5,7.94402,15.36967,27.55033,MAN1,M1 7EL
16-02-2020 13:00,6.7,10.61321,20.17862,36.45197,MAN1,M1 7EL
16-02-2020 14:00,15,12.13846,16.64641,35.25845,MAN1,M1 7EL
16-02-2020 15:00,5.8,10.96274,28.54431,45.35361,MAN1,M1 7EL
16-02-2020 16:00,8.3,10.70853,19.63461,36.05413,MAN1,M1 7EL
16-02-2020 17:00,10,12.29734,15.25902,34.11467,MAN1,M1 7EL
16-02-2020 18:00,6.7,6.83185,10.75928,21.23464,MAN1,M1 7EL
16-02-2020 19:00,4.2,10.26367,22.15673,37.89414,MAN1,M1 7EL
16-02-2020 20:00,0.8,10.54965,27.48689,43.6628,MAN1,M1 7EL
16-02-2020 21:00,2.5,7.91224,16.21408,28.34601,MAN1,M1 7EL
16-02-2020 22:00,6.7,4.98884,14.13222,21.78167,MAN1,M1 7EL
16-02-2020 23:00,9.2,5.71969,13.21052,21.98059,MAN1,M1 7EL
17-02-2020 00:00,15,5.43371,14.14376,21.5496,MAN1,M1 7EL
17-02-2020 01:00,7.5,3.59932,4.36278,9.88166,MAN1,M1 7EL
17-02-2020 02:00,12.5,2.11724,3.65087,6.89726,MAN1,M1 7EL
17-02-2020 03:00,10.8,1.74673,2.94233,5.62061,MAN1,M1 7EL
17-02-2020 04:00,15,1.4609,3.38059,5.62061,MAN1,M1 7EL
17-02-2020 05:00,7.5,1.39738,3.67695,5.81957,MAN1,M1 7EL
17-02-2020 06:00,14.2,3.36642,5.78101,10.94277,MAN1,M1 7EL
17-02-2020 07:00,20.8,13.2116,19.63388,39.89138,MAN1,M1 7EL
17-02-2020 08:00,19.2,68.02704,64.31151,168.61818,MAN1,M1 7EL
17-02-2020 09:00,12.5,63.99369,53.68381,151.8061,MAN1,M1 7EL
17-02-2020 10:00,22.5,212.6242,103.03695,429.05618,MAN1,M1 7EL
17-02-2020 11:00,20.8,91.84603,55.09676,195.92537,MAN1,M1 7EL
17-02-2020 12:00,16.7,48.7813,68.00624,142.80319,MAN1,M1 7EL
17-02-2020 13:00,26.7,20.32554,25.58781,56.7532,MAN1,M1 7EL
17-02-2020 14:00,25.8,22.04051,20.12305,53.91803,MAN1,M1 7EL
17-02-2020 15:00,20.8,55.3871,36.38986,121.31556,MAN1,M1 7EL
17-02-2020 16:00,16.7,18.99168,31.91067,61.03083,MAN1,M1 7EL
17-02-2020 17:00,11.7,39.44425,38.99941,99.47975,MAN1,M1 7EL
17-02-2020 18:00,14.2,37.44346,39.72948,97.14198,MAN1,M1 7EL
17-02-2020 19:00,21.7,44.74795,51.31028,119.92284,MAN1,M1 7EL
17-02-2020 20:00,21.7,50.30571,48.80702,125.94137,MAN1,M1 7EL
17-02-2020 21:00,17.5,9.71815,26.43288,41.33384,MAN1,M1 7EL
17-02-2020 22:00,20,10.35332,23.51911,39.39398,MAN1,M1 7EL
17-02-2020 23:00,15,7.33625,13.57144,24.8202,MAN1,M1 7EL
18-02-2020 00:00,12.5,10.19453,10.53178,26.16318,MAN1,M1 7EL
18-02-2020 01:00,11.7,7.27933,7.94249,19.10397,MAN1,M1 7EL
18-02-2020 02:00,15,6.09432,12.28014,21.62463,MAN1,M1 7EL
18-02-2020 03:00,13.3,3.9994,11.57865,17.71097,MAN1,M1 7EL
18-02-2020 04:00,15,8.50666,13.17485,26.21821,MAN1,M1 7EL
18-02-2020 05:00,11.7,4.22159,8.80022,15.27323,MAN1,M1 7EL
18-02-2020 06:00,13.3,5.52298,13.91902,22.38746,MAN1,M1 7EL
18-02-2020 07:00,12.5,15.29928,30.37084,53.82941,MAN1,M1 7EL
18-02-2020 08:00,30,69.799,75.16055,182.18419,MAN1,M1 7EL
18-02-2020 09:00,25.8,42.34282,58.20629,123.13104,MAN1,M1 7EL
18-02-2020 10:00,25,95.06503,71.69253,217.45688,MAN1,M1 7EL
18-02-2020 11:00,25.8,85.06654,51.75065,182.18419,MAN1,M1 7EL
18-02-2020 12:00,19.2,36.97855,28.62145,85.32111,MAN1,M1 7EL
18-02-2020 13:00,37.5,64.43473,63.28669,162.08523,MAN1,M1 7EL
18-02-2020 14:00,13.3,35.61368,57.57918,112.18606,MAN1,M1 7EL
18-02-2020 15:00,2.5,35.96283,40.7756,95.91784,MAN1,M1 7EL
18-02-2020 16:00,2.5,37.26422,49.02864,106.16632,MAN1,M1 7EL
18-02-2020 17:00,3.3,46.50093,43.32338,114.62381,MAN1,M1 7EL
18-02-2020 18:00,24.2,48.65933,59.26709,133.87703,MAN1,M1 7EL
18-02-2020 19:00,9.2,62.87941,61.89048,158.30423,MAN1,M1 7EL
18-02-2020 20:00,15,40.47009,62.96827,125.02154,MAN1,M1 7EL
18-02-2020 21:00,14.2,36.6294,47.51453,103.67883,MAN1,M1 7EL
18-02-2020 22:00,20,15.39451,23.70759,47.31217,MAN1,M1 7EL
18-02-2020 23:00,16.7,8.18924,17.14404,29.7007,MAN1,M1 7EL
19-02-2020 00:00,15.8,17.71162,23.93573,51.09316,MAN1,M1 7EL
19-02-2020 01:00,11.7,5.71029,13.20507,21.96073,MAN1,M1 7EL
19-02-2020 02:00,21.7,2.19952,6.5131,9.88565,MAN1,M1 7EL
19-02-2020 03:00,16.7,3.74341,7.99393,13.73375,MAN1,M1 7EL
19-02-2020 04:00,15.8,2.91859,9.30839,13.78351,MAN1,M1 7EL
19-02-2020 05:00,20,7.55027,16.73649,28.31342,MAN1,M1 7EL
19-02-2020 06:00,10.8,4.72685,22.55848,29.80621,MAN1,M1 7EL
19-02-2020 07:00,14.2,16.75019,37.31284,62.99611,MAN1,M1 7EL
19-02-2020 08:00,12.5,67.25454,63.42439,166.54657,MAN1,M1 7EL
19-02-2020 09:00,22.5,463.51699,157.19701,867.91315,MAN1,M1 7EL
19-02-2020 10:00,35.8,610.30319,197.49783,1133.283,MAN1,M1 7EL
19-02-2020 11:00,43.3,189.61338,93.31088,384.04734,MAN1,M1 7EL
19-02-2020 12:00,17.5,77.91375,70.0696,189.53567,MAN1,M1 7EL
19-02-2020 13:00,24.2,211.15386,107.60432,431.36906,MAN1,M1 7EL
19-02-2020 14:00,18.3,148.43584,97.98095,325.57939,MAN1,M1 7EL
19-02-2020 15:00,12.5,154.97095,96.86762,334.48642,MAN1,M1 7EL
19-02-2020 16:00,10.8,152.59166,104.49661,338.46722,MAN1,M1 7EL
19-02-2020 17:00,9.2,257.72446,113.325,508.49699,MAN1,M1 7EL
19-02-2020 18:00,10.8,194.65747,123.34452,421.81515,MAN1,M1 7EL
19-02-2020 19:00,11.7,146.50068,98.50991,323.14115,MAN1,M1 7EL
19-02-2020 20:00,8.3,44.09613,59.17524,126.78837,MAN1,M1 7EL
19-02-2020 21:00,9.2,43.55683,33.57963,100.36583,MAN1,M1 7EL
19-02-2020 22:00,9.2,47.14162,37.28861,109.57142,MAN1,M1 7EL
19-02-2020 23:00,1.7,17.7019,28.53886,55.68139,MAN1,M1 7EL
20-02-2020 00:00,-3.3,22.84116,43.39906,78.42169,MAN1,M1 7EL
20-02-2020 01:00,null,9.25828,21.63857,35.8344,MAN1,M1 7EL
20-02-2020 02:00,null,4.02672,7.21392,13.38813,MAN1,M1 7EL
20-02-2020 03:00,null,6.34129,9.43828,19.16145,MAN1,M1 7EL
20-02-2020 04:00,null,3.17064,5.19196,10.05354,MAN1,M1 7EL
20-02-2020 05:00,null,3.26576,8.33093,13.33836,MAN1,M1 7EL
20-02-2020 06:00,null,7.03883,23.94674,34.73946,MAN1,M1 7EL
20-02-2020 07:00,-3.3,12.61916,32.561,51.91011,MAN1,M1 7EL
20-02-2020 08:00,-1.7,57.10328,58.21918,145.77632,MAN1,M1 7EL
20-02-2020 09:00,-2.5,108.18233,91.18476,257.06203,MAN1,M1 7EL
20-02-2020 10:00,-2.5,170.32693,79.90946,341.07378,MAN1,M1 7EL
20-02-2020 11:00,null,36.71604,65.83842,122.13557,MAN1,M1 7EL
20-02-2020 12:00,null,66.90056,54.34536,156.9248,MAN1,M1 7EL
20-02-2020 13:00,2.5,92.01206,85.51961,226.60279,MAN1,M1 7EL
20-02-2020 14:00,5.8,44.83289,60.75872,129.50153,MAN1,M1 7EL
20-02-2020 15:00,15,54.91553,65.95343,150.15608,MAN1,M1 7EL
20-02-2020 16:00,17.5,38.77696,38.78879,98.24597,MAN1,M1 7EL
20-02-2020 17:00,20,50.12786,42.9845,119.84615,MAN1,M1 7EL
20-02-2020 18:00,25,39.53792,36.67638,97.30034,MAN1,M1 7EL
20-02-2020 19:00,25,51.20588,50.48924,129.00383,MAN1,M1 7EL
20-02-2020 20:00,26.7,14.48984,29.84198,52.05942,MAN1,M1 7EL
20-02-2020 21:00,23.3,11.50943,25.65234,43.2999,MAN1,M1 7EL
20-02-2020 22:00,22.5,10.08264,26.39673,41.85657,MAN1,M1 7EL
20-02-2020 23:00,20,9.41681,18.35952,32.79843,MAN1,M1 7EL
21-02-2020 00:00,24.2,20.03846,30.93981,61.66502,MAN1,M1 7EL
21-02-2020 01:00,13.3,18.8444,33.23114,62.12548,MAN1,M1 7EL
21-02-2020 02:00,15,11.2496,12.32019,29.56934,MAN1,M1 7EL
21-02-2020 03:00,19.2,11.12285,15.50135,32.55614,MAN1,M1 7EL
21-02-2020 04:00,17.5,16.35153,11.76522,36.83723,MAN1,M1 7EL
21-02-2020 05:00,15,1.77459,9.0271,11.74809,MAN1,M1 7EL
21-02-2020 06:00,15.8,6.08429,14.11728,23.4464,MAN1,M1 7EL
21-02-2020 07:00,15.8,16.79518,28.75689,54.50914,MAN1,M1 7EL
21-02-2020 08:00,18.3,31.94253,43.81212,92.78999,MAN1,M1 7EL
21-02-2020 09:00,17.5,101.34149,79.9719,235.36001,MAN1,M1 7EL
21-02-2020 10:00,13.3,132.71361,80.35439,283.84576,MAN1,M1 7EL
21-02-2020 11:00,15,35.93535,27.08674,82.18684,MAN1,M1 7EL
21-02-2020 12:00,9.2,12.01014,21.55808,39.97337,MAN1,M1 7EL
21-02-2020 13:00,10,26.90398,26.8469,68.09909,MAN1,M1 7EL
21-02-2020 14:00,11.7,32.79814,37.67155,87.96132,MAN1,M1 7EL
21-02-2020 15:00,10,47.50184,102.24125,175.07639,MAN1,M1 7EL
21-02-2020 16:00,16.7,68.19477,80.61788,185.18173,MAN1,M1 7EL
21-02-2020 17:00,10,77.85992,74.80837,194.19192,MAN1,M1 7EL
21-02-2020 18:00,7.5,210.0982,108.40145,430.54753,MAN1,M1 7EL
21-02-2020 19:00,6.7,99.59859,71.49357,224.20928,MAN1,M1 7EL
21-02-2020 20:00,8.3,37.17122,42.0672,99.06227,MAN1,M1 7EL
21-02-2020 21:00,7.5,32.10098,31.57219,80.793,MAN1,M1 7EL
21-02-2020 22:00,5,28.64687,46.07771,90.0023,MAN1,M1 7EL
21-02-2020 23:00,0,16.66843,22.72874,48.28663,MAN1,M1 7EL
22-02-2020 00:00,-3.3,25.50966,25.89846,65.01273,MAN1,M1 7EL
22-02-2020 01:00,null,14.3578,19.34397,41.35896,MAN1,M1 7EL
22-02-2020 02:00,null,7.53784,9.80208,21.35994,MAN1,M1 7EL
22-02-2020 03:00,-1.7,8.96307,18.42121,32.16439,MAN1,M1 7EL
22-02-2020 04:00,-3.3,3.38886,6.80323,11.99941,MAN1,M1 7EL
22-02-2020 05:00,-3.3,2.37537,4.67276,8.31494,MAN1,M1 7EL
22-02-2020 06:00,-2.5,1.17185,6.91645,8.71326,MAN1,M1 7EL
22-02-2020 07:00,null,0.95015,5.16521,6.62208,MAN1,M1 7EL
22-02-2020 08:00,null,2.122,7.25202,10.50571,MAN1,M1 7EL
22-02-2020 09:00,null,4.11731,10.61551,16.92863,MAN1,M1 7EL
22-02-2020 10:00,4.2,6.55602,18.57686,28.62929,MAN1,M1 7EL
22-02-2020 11:00,8.3,6.55602,12.20374,22.25616,MAN1,M1 7EL
22-02-2020 12:00,15.8,9.31145,21.22296,35.50032,MAN1,M1 7EL
22-02-2020 13:00,15,10.80002,17.99451,34.55431,MAN1,M1 7EL
22-02-2020 14:00,19.2,11.05339,16.75958,33.70788,MAN1,M1 7EL
22-02-2020 15:00,9.2,21.34667,23.18316,55.91426,MAN1,M1 7EL
22-02-2020 16:00,22.5,27.26926,27.84404,69.65632,MAN1,M1 7EL
22-02-2020 17:00,14.2,40.31796,33.87651,95.69653,MAN1,M1 7EL
22-02-2020 18:00,14.2,50.48455,51.94606,129.35462,MAN1,M1 7EL
22-02-2020 19:00,10,33.73027,52.34224,104.06126,MAN1,M1 7EL
22-02-2020 20:00,10,31.95666,33.70179,82.70132,MAN1,M1 7EL
22-02-2020 21:00,10.8,21.60004,38.82706,71.94666,MAN1,M1 7EL
22-02-2020 22:00,10.8,17.76777,22.84528,50.08882,MAN1,M1 7EL
22-02-2020 23:00,9.2,49.12267,39.89386,115.21424,MAN1,M1 7EL
23-02-2020 00:00,5.8,70.43766,64.96781,172.97072,MAN1,M1 7EL
23-02-2020 01:00,0,19.83663,39.23802,69.65376,MAN1,M1 7EL
23-02-2020 02:00,0,38.39655,47.44936,106.32325,MAN1,M1 7EL
23-02-2020 03:00,-0.8,31.17939,37.05167,84.8594,MAN1,M1 7EL
23-02-2020 04:00,0.8,29.28014,41.85622,86.7518,MAN1,M1 7EL
23-02-2020 05:00,7.5,18.8026,41.73652,70.56676,MAN1,M1 7EL
23-02-2020 06:00,7.5,6.52077,29.24412,39.24249,MAN1,M1 7EL
23-02-2020 07:00,3.3,16.49184,49.51264,74.79977,MAN1,M1 7EL
23-02-2020 08:00,0.8,13.86454,41.93768,63.19635,MAN1,M1 7EL
23-02-2020 09:00,-0.8,4.02008,26.00683,32.17087,MAN1,M1 7EL
23-02-2020 10:00,-3.3,5.53949,15.5597,24.05346,MAN1,M1 7EL
23-02-2020 11:00,0,13.64296,26.14219,47.06111,MAN1,M1 7EL
23-02-2020 12:00,2.5,15.8271,27.52424,51.79212,MAN1,M1 7EL
23-02-2020 13:00,5,15.19402,28.04675,51.34392,MAN1,M1 7EL
23-02-2020 14:00,17.5,17.50477,25.99764,52.83792,MAN1,M1 7EL
23-02-2020 15:00,17.5,10.73077,19.40246,35.85608,MAN1,M1 7EL
23-02-2020 16:00,22.5,14.05447,25.81003,47.35991,MAN1,M1 7EL
23-02-2020 17:00,27.5,28.74202,30.7791,74.84957,MAN1,M1 7EL
23-02-2020 18:00,33.3,31.08443,47.0577,94.71982,MAN1,M1 7EL
23-02-2020 19:00,27.5,57.70561,43.93781,132.41851,MAN1,M1 7EL
23-02-2020 20:00,37.5,40.61234,49.48007,111.75146,MAN1,M1 7EL
23-02-2020 21:00,30,61.85231,76.42371,171.2626,MAN1,M1 7EL
23-02-2020 22:00,29.2,68.9112,76.85506,182.51742,MAN1,M1 7EL
23-02-2020 23:00,23.3,37.47858,59.11572,116.58207,MAN1,M1 7EL
24-02-2020 00:00,23.3,62.07389,61.89093,157.06956,MAN1,M1 7EL
24-02-2020 01:00,20,25.30944,45.80359,84.61085,MAN1,M1 7EL
24-02-2020 02:00,9.2,15.01693,26.38603,49.41167,MAN1,M1 7EL
24-02-2020 03:00,4.2,6.77027,11.03743,21.41837,MAN1,M1 7EL
24-02-2020 04:00,0.8,2.49931,9.71615,13.54836,MAN1,M1 7EL
24-02-2020 05:00,5.8,1.74002,12.37467,15.04267,MAN1,M1 7EL
24-02-2020 06:00,7.5,3.66987,19.87575,25.5028,MAN1,M1 7EL
24-02-2020 07:00,5,29.45385,52.61539,97.77733,MAN1,M1 7EL
24-02-2020 08:00,7.5,99.14971,81.43276,233.4602,MAN1,M1 7EL
24-02-2020 09:00,10,92.91726,71.91176,214.38291,MAN1,M1 7EL
24-02-2020 10:00,27.5,78.01633,45.69653,165.3199,MAN1,M1 7EL
24-02-2020 11:00,14.2,65.99435,49.33636,150.52629,MAN1,M1 7EL
24-02-2020 12:00,9.2,36.98341,50.08587,106.79297,MAN1,M1 7EL
24-02-2020 13:00,3.3,77.25705,63.59696,182.05612,MAN1,M1 7EL
24-02-2020 14:00,-0.8,15.75512,35.61467,59.77219,MAN1,M1 7EL
24-02-2020 15:00,0.8,19.07699,23.34855,52.59952,MAN1,M1 7EL
24-02-2020 16:00,5.8,20.05773,31.20908,61.96383,MAN1,M1 7EL
24-02-2020 17:00,5,37.29978,34.80716,91.99936,MAN1,M1 7EL
24-02-2020 18:00,16.7,50.27086,29.56263,106.64354,MAN1,M1 7EL
24-02-2020 19:00,5.8,18.25443,23.21511,51.20484,MAN1,M1 7EL
24-02-2020 20:00,5,13.73037,20.98683,42.03977,MAN1,M1 7EL
24-02-2020 21:00,5.8,17.49515,20.79299,47.61851,MAN1,M1 7EL
24-02-2020 22:00,5.8,14.55293,22.61459,44.92876,MAN1,M1 7EL
24-02-2020 23:00,5,8.06738,14.22881,26.59862,MAN1,M1 7EL
25-02-2020 00:00,13.3,7.68774,10.92573,22.71343,MAN1,M1 7EL
25-02-2020 01:00,9.2,3.96296,12.52308,18.59954,MAN1,M1 7EL
25-02-2020 02:00,8.3,2.10796,9.85395,13.08611,MAN1,M1 7EL
25-02-2020 03:00,6.7,3.2568,8.60723,13.60091,MAN1,M1 7EL
25-02-2020 04:00,3.3,1.64421,8.19026,10.71134,MAN1,M1 7EL
25-02-2020 05:00,2.5,2.52955,12.71154,16.59013,MAN1,M1 7EL
25-02-2020 06:00,5,5.88121,19.28015,28.29787,MAN1,M1 7EL
25-02-2020 07:00,9.2,18.46572,46.31694,74.63065,MAN1,M1 7EL
25-02-2020 08:00,10,55.23906,58.58417,143.28288,MAN1,M1 7EL
25-02-2020 09:00,9.2,62.98581,65.63766,162.21455,MAN1,M1 7EL
25-02-2020 10:00,7.5,107.31619,69.40644,233.95563,MAN1,M1 7EL
25-02-2020 11:00,19.2,71.17523,73.80592,182.93976,MAN1,M1 7EL
25-02-2020 12:00,25,85.84663,59.38097,191.01063,MAN1,M1 7EL
25-02-2020 13:00,14.2,52.74113,41.29051,122.15912,MAN1,M1 7EL
25-02-2020 14:00,10.8,81.8942,66.03911,191.60847,MAN1,M1 7EL
25-02-2020 15:00,14.2,128.2166,76.66772,273.26377,MAN1,M1 7EL
25-02-2020 16:00,8.3,40.59929,54.02896,116.28034,MAN1,M1 7EL
25-02-2020 17:00,9.2,122.52511,84.19887,272.06808,MAN1,M1 7EL
25-02-2020 18:00,14.2,231.8017,119.56142,474.98574,MAN1,M1 7EL
25-02-2020 19:00,8.3,190.53841,128.32763,420.48244,MAN1,M1 7EL
25-02-2020 20:00,2.5,64.5984,57.73465,156.78415,MAN1,M1 7EL
25-02-2020 21:00,-3.3,40.34633,54.81538,116.6789,MAN1,M1 7EL
25-02-2020 22:00,null,32.88416,49.26854,99.69021,MAN1,M1 7EL
25-02-2020 23:00,0,33.57979,44.01703,95.50531,MAN1,M1 7EL
26-02-2020 00:00,5.8,32.06206,39.469,88.63013,MAN1,M1 7EL
26-02-2020 01:00,5.8,16.64371,35.93729,61.45729,MAN1,M1 7EL
26-02-2020 02:00,6.7,3.31821,10.95749,16.04534,MAN1,M1 7EL
26-02-2020 03:00,8.3,2.81258,8.99212,13.30467,MAN1,M1 7EL
26-02-2020 04:00,11.7,9.48059,15.85974,30.39644,MAN1,M1 7EL
26-02-2020 05:00,10,5.08792,17.76154,25.56291,MAN1,M1 7EL
26-02-2020 06:00,8.3,12.10356,28.23206,46.79059,MAN1,M1 7EL
26-02-2020 07:00,10,32.58164,47.80911,97.76692,MAN1,M1 7EL
26-02-2020 08:00,15,80.64824,76.70846,200.36737,MAN1,M1 7EL
26-02-2020 09:00,15.8,192.23481,101.69341,396.44935,MAN1,M1 7EL
26-02-2020 10:00,12.5,192.39282,101.50096,396.49918,MAN1,M1 7EL
26-02-2020 11:00,14.2,119.45546,71.02154,254.18403,MAN1,M1 7EL
26-02-2020 12:00,9.2,78.30969,84.87857,204.95175,MAN1,M1 7EL
26-02-2020 13:00,15,55.36666,51.19201,136.08637,MAN1,M1 7EL
26-02-2020 14:00,25.8,60.99181,54.42649,147.94597,MAN1,M1 7EL
26-02-2020 15:00,23.3,82.03873,57.78363,183.57458,MAN1,M1 7EL
26-02-2020 16:00,28.3,39.31286,54.33067,114.60954,MAN1,M1 7EL
26-02-2020 17:00,22.5,51.10039,65.40738,143.76023,MAN1,M1 7EL
26-02-2020 18:00,46.7,86.05218,71.61168,203.55651,MAN1,M1 7EL
26-02-2020 19:00,36.7,82.82878,78.64703,205.64938,MAN1,M1 7EL
26-02-2020 20:00,35,155.32371,97.14795,335.30765,MAN1,M1 7EL
26-02-2020 21:00,33.3,61.33943,66.30121,160.35369,MAN1,M1 7EL
26-02-2020 22:00,25.8,31.15955,47.54793,95.32524,MAN1,M1 7EL
26-02-2020 23:00,20.8,63.58317,55.187,152.67984,MAN1,M1 7EL
27-02-2020 00:00,19.2,39.53407,45.17153,105.78959,MAN1,M1 7EL
27-02-2020 01:00,7.5,20.42507,24.89682,56.21483,MAN1,M1 7EL
27-02-2020 02:00,8.3,12.72347,20.35691,39.86596,MAN1,M1 7EL
27-02-2020 03:00,5.8,17.81919,21.02571,48.34808,MAN1,M1 7EL
27-02-2020 04:00,4.2,15.85686,31.91795,56.23146,MAN1,M1 7EL
27-02-2020 05:00,4.2,11.1093,19.58878,36.6228,MAN1,M1 7EL
27-02-2020 06:00,2.5,22.4085,39.78448,74.1437,MAN1,M1 7EL
27-02-2020 07:00,5,94.06506,82.04193,226.27301,MAN1,M1 7EL
27-02-2020 08:00,17.5,305.04677,100.81961,568.55147,MAN1,M1 7EL
27-02-2020 09:00,17.5,296.4062,106.38449,560.86766,MAN1,M1 7EL
27-02-2020 10:00,20,211.32987,121.32655,445.36116,MAN1,M1 7EL
27-02-2020 11:00,43.3,84.03187,73.62611,202.47318,MAN1,M1 7EL
27-02-2020 12:00,14.2,32.69489,50.20702,100.33848,MAN1,M1 7EL
27-02-2020 13:00,23.3,50.67233,52.27952,129.97601,MAN1,M1 7EL
27-02-2020 14:00,15,35.22692,74.56509,128.57895,MAN1,M1 7EL
27-02-2020 15:00,20.8,60.10415,56.17888,148.3373,MAN1,M1 7EL
27-02-2020 16:00,25.8,47.79214,47.26563,120.54588,MAN1,M1 7EL
27-02-2020 17:00,31.7,78.93615,76.54974,197.58349,MAN1,M1 7EL
27-02-2020 18:00,35.8,96.28058,103.0933,250.72147,MAN1,M1 7EL
27-02-2020 19:00,54.2,100.49009,77.08004,231.1627,MAN1,M1 7EL
27-02-2020 20:00,73.3,106.59862,89.5178,252.96674,MAN1,M1 7EL
27-02-2020 21:00,42.5,166.35462,102.9717,358.04522,MAN1,M1 7EL
27-02-2020 22:00,14.2,77.57519,63.61819,182.56514,MAN1,M1 7EL
27-02-2020 23:00,28.3,161.70201,101.57359,349.51321,MAN1,M1 7EL
28-02-2020 00:00,23.3,93.21049,66.98674,209.90751,MAN1,M1 7EL
28-02-2020 01:00,13.3,54.14179,53.47297,136.48922,MAN1,M1 7EL
28-02-2020 02:00,17.5,24.72517,38.2268,76.13821,MAN1,M1 7EL
28-02-2020 03:00,10,25.51765,41.35816,80.48468,MAN1,M1 7EL
28-02-2020 04:00,14.2,23.42552,38.97059,74.88922,MAN1,M1 7EL
28-02-2020 05:00,5.8,11.9505,27.73877,46.06261,MAN1,M1 7EL
28-02-2020 06:00,8.3,16.51515,39.57445,64.89733,MAN1,M1 7EL
28-02-2020 07:00,14.2,32.11103,56.97758,106.21379,MAN1,M1 7EL
28-02-2020 08:00,23.3,117.82496,68.28553,248.94795,MAN1,M1 7EL
28-02-2020 09:00,10.8,108.79076,82.03785,248.84803,MAN1,M1 7EL
28-02-2020 10:00,10.8,81.97346,73.69729,199.38817,MAN1,M1 7EL
28-02-2020 11:00,10,56.8045,65.87682,152.97584,MAN1,M1 7EL
28-02-2020 12:00,9.2,54.71237,73.43118,157.32231,MAN1,M1 7EL
28-02-2020 13:00,5.8,59.11852,63.37785,154.02499,MAN1,M1 7EL
28-02-2020 14:00,15,107.17411,92.11051,256.44186,MAN1,M1 7EL
28-02-2020 15:00,31.7,127.33464,77.23512,272.47885,MAN1,M1 7EL
28-02-2020 16:00,15,96.01609,85.43855,232.66117,MAN1,M1 7EL
28-02-2020 17:00,15.8,213.30216,102.59252,429.65128,MAN1,M1 7EL
28-02-2020 18:00,-2.5,152.25001,70.50655,303.9533,MAN1,M1 7EL
28-02-2020 19:00,1.7,70.30825,80.99229,188.79677,MAN1,M1 7EL
28-02-2020 20:00,-1.7,39.21159,78.8636,138.98719,MAN1,M1 7EL
28-02-2020 21:00,null,38.07043,40.69575,99.06959,MAN1,M1 7EL
28-02-2020 22:00,-0.8,61.11556,45.97741,139.68663,MAN1,M1 7EL
28-02-2020 23:00,2.5,65.23642,53.24782,153.2756,MAN1,M1 7EL
29-02-2020 00:00,2.5,60.51328,43.60357,136.3893,MAN1,M1 7EL
29-02-2020 01:00,-1.7,36.31909,53.36401,109.0525,MAN1,M1 7EL
29-02-2020 02:00,null,24.50904,29.51897,67.09897,MAN1,M1 7EL
29-02-2020 03:00,null,23.04865,28.03974,63.38051,MAN1,M1 7EL
29-02-2020 04:00,null,22.82642,20.37664,55.37666,MAN1,M1 7EL
29-02-2020 05:00,null,2.66679,9.16737,13.25638,MAN1,M1 7EL
29-02-2020 06:00,null,2.66679,9.01729,13.10631,MAN1,M1 7EL
29-02-2020 07:00,0,9.80997,28.2291,43.27083,MAN1,M1 7EL
29-02-2020 08:00,0.8,5.84153,18.80648,27.76337,MAN1,M1 7EL
29-02-2020 09:00,0,10.82588,29.37268,45.97213,MAN1,M1 7EL
29-02-2020 10:00,0,32.09668,54.63578,103.85,MAN1,M1 7EL
29-02-2020 11:00,0,25.11224,37.58174,76.08663,MAN1,M1 7EL
29-02-2020 12:00,5.8,15.01655,20.64597,43.67103,MAN1,M1 7EL
29-02-2020 13:00,11.7,18.88974,21.76056,50.72442,MAN1,M1 7EL
29-02-2020 14:00,9.2,22.44545,37.8189,72.23478,MAN1,M1 7EL
29-02-2020 15:00,4.2,23.27089,30.40029,66.08181,MAN1,M1 7EL
29-02-2020 16:00,4.2,37.96996,37.9265,96.14629,MAN1,M1 7EL
29-02-2020 17:00,10,35.65239,39.9293,94.59554,MAN1,M1 7EL
29-02-2020 18:00,11.7,34.19201,36.41575,88.84277,MAN1,M1 7EL
29-02-2020 19:00,6.7,46.92274,47.26019,119.20739,MAN1,M1 7EL
29-02-2020 20:00,0,40.98597,26.94896,89.79323,MAN1,M1 7EL
29-02-2020 21:00,1.7,26.19165,26.37206,66.53203,MAN1,M1 7EL
29-02-2020 22:00,17.5,12.73073,30.75402,50.2742,MAN1,M1 7EL
29-02-2020 23:00,18.3,12.09578,16.3702,34.91681,MAN1,M1 7EL
01-03-2020 00:00,14.2,29.68387,35.07416,80.5888,MAN1,M1 7EL
01-03-2020 01:00,12.5,42.86097,23.63903,89.35827,MAN1,M1 7EL
01-03-2020 02:00,14.2,11.8705,40.5028,58.70397,MAN1,M1 7EL
01-03-2020 03:00,16.7,7.21769,13.62677,24.69374,MAN1,M1 7EL
01-03-2020 04:00,15.8,7.72642,10.14193,21.98895,MAN1,M1 7EL
01-03-2020 05:00,11.7,4.70581,7.66088,14.87635,MAN1,M1 7EL
01-03-2020 06:00,11.7,2.19392,5.25129,8.61526,MAN1,M1 7EL
01-03-2020 07:00,13.3,1.43082,7.32296,9.51686,MAN1,M1 7EL
01-03-2020 08:00,9.2,1.52621,5.92449,8.26464,MAN1,M1 7EL
01-03-2020 09:00,15,2.86164,9.08608,13.47387,MAN1,M1 7EL
01-03-2020 10:00,14.2,3.27499,9.00327,14.02484,MAN1,M1 7EL
01-03-2020 11:00,15,7.82181,8.79354,20.78682,MAN1,M1 7EL
01-03-2020 12:00,8.3,5.37352,15.45268,23.69196,MAN1,M1 7EL
01-03-2020 13:00,8.3,9.06185,7.69359,21.58824,MAN1,M1 7EL
01-03-2020 14:00,10,7.63103,14.59582,26.29658,MAN1,M1 7EL
01-03-2020 15:00,15,8.36234,13.17397,25.99604,MAN1,M1 7EL
01-03-2020 16:00,10,9.15724,16.81374,30.85465,MAN1,M1 7EL
01-03-2020 17:00,12.5,30.7785,18.27291,65.46595,MAN1,M1 7EL
01-03-2020 18:00,16.7,12.78198,30.2896,49.88836,MAN1,M1 7EL
01-03-2020 19:00,28.3,18.79142,29.99104,58.80415,MAN1,M1 7EL
01-03-2020 20:00,34.2,25.05523,43.12695,81.54443,MAN1,M1 7EL
01-03-2020 21:00,15,19.07758,38.7185,67.97039,MAN1,M1 7EL
01-03-2020 22:00,21.7,22.06641,35.28774,69.12243,MAN1,M1 7EL
01-03-2020 23:00,13.3,61.6206,65.70011,160.18371,MAN1,M1 7EL
02-03-2020 00:00,4.2,35.89765,39.17457,94.21687,MAN1,M1 7EL
02-03-2020 01:00,4.2,29.29693,37.59764,82.51897,MAN1,M1 7EL
02-03-2020 02:00,5.8,24.79624,28.44953,66.4699,MAN1,M1 7EL
02-03-2020 03:00,7.5,26.23986,33.69214,73.92603,MAN1,M1 7EL
02-03-2020 04:00,13.3,16.33622,43.05972,68.10825,MAN1,M1 7EL
02-03-2020 05:00,5,25.25268,58.12587,96.84611,MAN1,M1 7EL
02-03-2020 06:00,5.8,44.16831,63.87858,131.60238,MAN1,M1 7EL
02-03-2020 07:00,13.3,126.99583,88.44157,283.1658,MAN1,M1 7EL
02-03-2020 08:00,20,253.86429,104.65702,493.91016,MAN1,M1 7EL
02-03-2020 09:00,47.5,351.97717,110.19628,649.88707,MAN1,M1 7EL
02-03-2020 10:00,66.7,268.73566,112.24748,524.30309,MAN1,M1 7EL
02-03-2020 11:00,38.3,131.74066,104.03619,306.03572,MAN1,M1 7EL
02-03-2020 12:00,14.2,68.24275,76.06509,180.70251,MAN1,M1 7EL
02-03-2020 13:00,18.3,38.97766,41.4947,101.25961,MAN1,M1 7EL
02-03-2020 14:00,23.3,33.08643,38.99252,89.72434,MAN1,M1 7EL
02-03-2020 15:00,28.3,37.2899,53.91261,111.08966,MAN1,M1 7EL
02-03-2020 16:00,25.8,48.43547,65.86177,140.12845,MAN1,M1 7EL
02-03-2020 17:00,35,54.96359,48.57988,132.85622,MAN1,M1 7EL
02-03-2020 18:00,31.7,69.3573,66.63251,172.97889,MAN1,M1 7EL
02-03-2020 19:00,31.7,78.43298,75.53644,195.79867,MAN1,M1 7EL
02-03-2020 20:00,29.2,80.59841,73.06877,196.65127,MAN1,M1 7EL
02-03-2020 21:00,39.2,78.11454,79.68591,199.45986,MAN1,M1 7EL
02-03-2020 22:00,15,51.23779,62.81877,141.38229,MAN1,M1 7EL
02-03-2020 23:00,8.3,41.52522,58.40214,122.07325,MAN1,M1 7EL
03-03-2020 00:00,12.5,49.55003,44.64315,120.6188,MAN1,M1 7EL
03-03-2020 01:00,5,15.56379,26.55471,50.41885,MAN1,M1 7EL
03-03-2020 02:00,3.3,13.55453,20.19455,40.97787,MAN1,M1 7EL
03-03-2020 03:00,1.7,22.06996,28.07863,61.91877,MAN1,M1 7EL
03-03-2020 04:00,5.8,10.9393,29.7787,46.55207,MAN1,M1 7EL
03-03-2020 05:00,10.8,7.55864,23.51261,35.10237,MAN1,M1 7EL
03-03-2020 06:00,13.3,16.64815,42.21725,67.74405,MAN1,M1 7EL
03-03-2020 07:00,7.5,27.87449,55.63673,98.37702,MAN1,M1 7EL
03-03-2020 08:00,6.7,105.34261,74.4512,235.97428,MAN1,M1 7EL
03-03-2020 09:00,8.3,192.02781,104.04113,398.47966,MAN1,M1 7EL
03-03-2020 10:00,20,199.42698,94.35308,400.13686,MAN1,M1 7EL
03-03-2020 11:00,20.8,133.91874,85.37267,290.71188,MAN1,M1 7EL
03-03-2020 12:00,13.3,88.31174,75.00388,210.41333,MAN1,M1 7EL
03-03-2020 13:00,15.8,87.03602,66.56484,200.01821,MAN1,M1 7EL
03-03-2020 14:00,11.7,99.15537,77.15875,229.19486,MAN1,M1 7EL
03-03-2020 15:00,25,117.62142,81.13469,261.48502,MAN1,M1 7EL
03-03-2020 16:00,33.3,61.07511,78.09829,171.74549,MAN1,M1 7EL
03-03-2020 17:00,24.2,94.69034,86.16439,231.35423,MAN1,M1 7EL
03-03-2020 18:00,15,56.38684,57.61677,144.07538,MAN1,M1 7EL
03-03-2020 19:00,15.8,40.34466,84.87599,146.73693,MAN1,M1 7EL
03-03-2020 20:00,30.8,60.15021,74.39421,166.62325,MAN1,M1 7EL
03-03-2020 21:00,25.8,136.50208,115.15809,324.45836,MAN1,M1 7EL
03-03-2020 22:00,24.2,188.07307,91.52432,379.89901,MAN1,M1 7EL
03-03-2020 23:00,31.7,213.17287,120.17994,447.04045,MAN1,M1 7EL
04-03-2020 00:00,28.3,123.68109,95.34534,284.98703,MAN1,M1 7EL
04-03-2020 01:00,24.2,74.14693,77.24946,190.93983,MAN1,M1 7EL
04-03-2020 02:00,25,25.32963,56.39704,95.23527,MAN1,M1 7EL
04-03-2020 03:00,22.5,23.22149,55.60687,91.21266,MAN1,M1 7EL
04-03-2020 04:00,21.7,16.2263,41.89533,66.77531,MAN1,M1 7EL
04-03-2020 05:00,16.7,10.28517,41.65236,57.42274,MAN1,M1 7EL
04-03-2020 06:00,15,15.55552,49.9634,73.81487,MAN1,M1 7EL
04-03-2020 07:00,21.7,55.51437,69.49818,154.61903,MAN1,M1 7EL
04-03-2020 08:00,32.5,271.56686,119.41479,535.8115,MAN1,M1 7EL
04-03-2020 09:00,36.7,231.38442,111.33531,466.1198,MAN1,M1 7EL
04-03-2020 10:00,57.5,183.18465,90.25673,371.13595,MAN1,M1 7EL
04-03-2020 11:00,73.3,151.88196,93.75342,326.63584,MAN1,M1 7EL
04-03-2020 12:00,87.5,129.33124,88.40631,286.71145,MAN1,M1 7EL
04-03-2020 13:00,90.8,171.58988,91.19046,354.29128,MAN1,M1 7EL
04-03-2020 14:00,77.5,210.07942,96.93799,419.05528,MAN1,M1 7EL
04-03-2020 15:00,50.8,134.34606,81.27014,287.26456,MAN1,M1 7EL
04-03-2020 16:00,50.8,153.03185,92.24168,326.88725,MAN1,M1 7EL
04-03-2020 17:00,67.5,218.8314,101.41909,436.95589,MAN1,M1 7EL
04-03-2020 18:00,53.3,207.6838,104.78467,423.22873,MAN1,M1 7EL
04-03-2020 19:00,48.3,203.3717,96.21113,408.04338,MAN1,M1 7EL
04-03-2020 20:00,56.7,175.10345,96.06072,364.54893,MAN1,M1 7EL
04-03-2020 21:00,44.2,177.85042,96.32391,369.02408,MAN1,M1 7EL
04-03-2020 22:00,25.8,79.5344,93.56022,215.51127,MAN1,M1 7EL
04-03-2020 23:00,19.2,74.61541,85.91723,200.32592,MAN1,M1 7EL
05-03-2020 00:00,26.7,213.9124,90.60829,418.60273,MAN1,M1 7EL
05-03-2020 01:00,26.7,164.64209,87.16125,339.60893,MAN1,M1 7EL
05-03-2020 02:00,22.5,68.61864,62.99635,168.21014,MAN1,M1 7EL
05-03-2020 03:00,25.8,34.19736,57.7749,110.21011,MAN1,M1 7EL
05-03-2020 04:00,27.5,65.03576,61.34072,161.06083,MAN1,M1 7EL
05-03-2020 05:00,18.3,16.3789,43.61002,68.72399,MAN1,M1 7EL
05-03-2020 06:00,25,46.32158,63.35135,134.37679,MAN1,M1 7EL
05-03-2020 07:00,34.2,59.53347,69.52571,160.80909,MAN1,M1 7EL
05-03-2020 08:00,40,82.91819,71.88319,199.02265,MAN1,M1 7EL
05-03-2020 09:00,35.8,88.70839,79.6196,215.63724,MAN1,M1 7EL
05-03-2020 10:00,39.2,72.87332,74.29553,186.03306,MAN1,M1 7EL
05-03-2020 11:00,45.8,57.64606,61.94748,150.33687,MAN1,M1 7EL
05-03-2020 12:00,75,55.11885,63.6072,148.12159,MAN1,M1 7EL
05-03-2020 13:00,46.7,33.1097,44.43915,95.20664,MAN1,M1 7EL
05-03-2020 14:00,44.2,54.70298,52.76569,136.64242,MAN1,M1 7EL
05-03-2020 15:00,39.2,46.64148,56.46675,127.98269,MAN1,M1 7EL
05-03-2020 16:00,37.5,50.19238,63.55858,140.51915,MAN1,M1 7EL
05-03-2020 17:00,52.5,106.49486,93.02798,256.31781,MAN1,M1 7EL
05-03-2020 18:00,48.3,122.80978,90.41664,278.72233,MAN1,M1 7EL
05-03-2020 19:00,53.3,184.55056,94.32865,377.30224,MAN1,M1 7EL
05-03-2020 20:00,69.2,89.34819,80.09866,217.09731,MAN1,M1 7EL
05-03-2020 21:00,50.8,77.15999,83.33038,201.64071,MAN1,M1 7EL
05-03-2020 22:00,28.3,71.81765,91.82393,201.94279,MAN1,M1 7EL
05-03-2020 23:00,34.2,71.14586,87.81927,196.90807,MAN1,M1 7EL
06-03-2020 00:00,30,79.23934,88.9025,210.40113,MAN1,M1 7EL
06-03-2020 01:00,18.3,54.3374,75.98534,159.30152,MAN1,M1 7EL
06-03-2020 02:00,25,58.43834,75.00738,164.61157,MAN1,M1 7EL
06-03-2020 03:00,29.2,70.35668,74.20895,182.08769,MAN1,M1 7EL
06-03-2020 04:00,24.2,43.09187,63.53566,129.60893,MAN1,M1 7EL
06-03-2020 05:00,20,42.32294,64.05931,128.95358,MAN1,M1 7EL
06-03-2020 06:00,27.5,120.36887,78.08283,262.64587,MAN1,M1 7EL
06-03-2020 07:00,30,229.97279,98.86872,451.48875,MAN1,M1 7EL
06-03-2020 08:00,40,263.9657,101.1918,505.93357,MAN1,M1 7EL
06-03-2020 09:00,61.7,209.05161,101.6077,422.14904,MAN1,M1 7EL
06-03-2020 10:00,93.3,186.40035,95.20307,381.01295,MAN1,M1 7EL
06-03-2020 11:00,141.7,228.59513,105.6694,456.17705,MAN1,M1 7EL
06-03-2020 12:00,89.2,162.98016,83.92801,333.82743,MAN1,M1 7EL
06-03-2020 13:00,83.3,129.59598,87.93085,286.64192,MAN1,M1 7EL
06-03-2020 14:00,78.3,119.63199,80.37218,263.80534,MAN1,M1 7EL
06-03-2020 15:00,74.2,159.55203,80.56396,325.207,MAN1,M1 7EL
06-03-2020 16:00,77.5,118.60675,104.075,285.93615,MAN1,M1 7EL
06-03-2020 17:00,54.2,89.74001,68.98843,206.58786,MAN1,M1 7EL
06-03-2020 18:00,39.2,100.6972,70.18468,224.5849,MAN1,M1 7EL
06-03-2020 19:00,20,76.54012,76.97789,194.33778,MAN1,M1 7EL
06-03-2020 20:00,35,117.54948,93.04275,273.28277,MAN1,M1 7EL
06-03-2020 21:00,43.3,115.27474,85.13755,261.88969,MAN1,M1 7EL
06-03-2020 22:00,39.2,87.241,84.36451,218.13218,MAN1,M1 7EL
06-03-2020 23:00,32.5,88.2342,76.48974,211.78028,MAN1,M1 7EL
07-03-2020 00:00,20.8,87.11285,66.76562,200.33679,MAN1,M1 7EL
07-03-2020 01:00,19.2,60.79432,67.16403,160.38069,MAN1,M1 7EL
07-03-2020 02:00,20.8,38.71841,47.30629,106.67368,MAN1,M1 7EL
07-03-2020 03:00,18.3,53.58542,45.79478,127.95794,MAN1,M1 7EL
07-03-2020 04:00,15,33.2743,46.14739,97.16727,MAN1,M1 7EL
07-03-2020 05:00,8.3,8.34264,22.84454,35.63641,MAN1,M1 7EL
07-03-2020 06:00,18.3,10.65291,32.32512,48.65935,MAN1,M1 7EL
07-03-2020 07:00,11.7,13.31614,31.52253,51.94033,MAN1,M1 7EL
07-03-2020 08:00,10.8,26.60019,43.66081,84.4472,MAN1,M1 7EL
07-03-2020 09:00,10.8,52.55863,58.37304,138.96182,MAN1,M1 7EL
07-03-2020 10:00,22.5,23.61609,36.22296,72.43379,MAN1,M1 7EL
07-03-2020 11:00,44.2,23.8407,39.36144,75.91667,MAN1,M1 7EL
07-03-2020 12:00,27.5,31.86247,38.06544,86.92054,MAN1,M1 7EL
07-03-2020 13:00,30.8,29.48803,36.05283,81.26718,MAN1,M1 7EL
07-03-2020 14:00,21.7,54.77264,49.32491,133.30845,MAN1,M1 7EL
07-03-2020 15:00,7.5,46.01287,49.38009,119.93218,MAN1,M1 7EL
07-03-2020 16:00,16.7,56.66578,48.34024,135.22656,MAN1,M1 7EL
07-03-2020 17:00,10.8,34.0123,39.61482,91.76629,MAN1,M1 7EL
07-03-2020 18:00,25,41.93781,47.19886,111.5026,MAN1,M1 7EL
07-03-2020 19:00,-2.5,19.41268,27.828,57.59369,MAN1,M1 7EL
07-03-2020 20:00,1.7,31.31699,32.54179,80.5605,MAN1,M1 7EL
07-03-2020 21:00,25,20.15069,19.32684,50.22412,MAN1,M1 7EL
07-03-2020 22:00,19.2,20.76034,37.97693,69.80901,MAN1,M1 7EL
07-03-2020 23:00,24.2,27.72324,24.01967,66.52804,MAN1,M1 7EL
08-03-2020 00:00,23.3,11.87222,21.06691,39.27072,MAN1,M1 7EL
08-03-2020 01:00,11.7,3.77058,14.03066,19.81213,MAN1,M1 7EL
08-03-2020 02:00,18.3,20.78102,27.43782,59.3016,MAN1,M1 7EL
08-03-2020 03:00,7.5,15.65004,16.99248,40.98886,MAN1,M1 7EL
08-03-2020 04:00,7.5,9.19078,12.34068,26.43301,MAN1,M1 7EL
08-03-2020 05:00,8.3,6.71634,11.83878,22.13702,MAN1,M1 7EL
08-03-2020 06:00,4.2,3.43851,7.91893,13.19124,MAN1,M1 7EL
08-03-2020 07:00,-0.8,1.73532,11.33911,13.9999,MAN1,M1 7EL
08-03-2020 08:00,0,4.01695,20.67811,26.83734,MAN1,M1 7EL
08-03-2020 09:00,4.2,8.32312,20.99954,33.76148,MAN1,M1 7EL
08-03-2020 10:00,6.7,6.81275,16.03749,26.48356,MAN1,M1 7EL
08-03-2020 11:00,6.7,7.45546,12.07009,23.50163,MAN1,M1 7EL
08-03-2020 12:00,7.5,10.73329,20.7408,37.19828,MAN1,M1 7EL
08-03-2020 13:00,22.5,10.95824,16.90854,33.71094,MAN1,M1 7EL
08-03-2020 14:00,21.7,9.73709,17.26472,32.19471,MAN1,M1 7EL
08-03-2020 15:00,25,8.13031,16.34215,28.80845,MAN1,M1 7EL
08-03-2020 16:00,17.5,12.88637,24.56575,44.32458,MAN1,M1 7EL
08-03-2020 17:00,24.2,13.49695,24.94361,45.63865,MAN1,M1 7EL
08-03-2020 18:00,21.7,12.53288,26.82616,46.04298,MAN1,M1 7EL
08-03-2020 19:00,10,13.88258,32.28728,53.57361,MAN1,M1 7EL
08-03-2020 20:00,10.8,85.70563,79.94957,211.36304,MAN1,M1 7EL
08-03-2020 21:00,14.2,62.50373,66.70258,162.5403,MAN1,M1 7EL
08-03-2020 22:00,11.7,34.19227,46.07726,98.50468,MAN1,M1 7EL
08-03-2020 23:00,18.3,41.90482,50.22252,114.47568,MAN1,M1 7EL
09-03-2020 00:00,14.2,45.47187,49.30182,119.02438,MAN1,M1 7EL
09-03-2020 01:00,12.5,17.89437,29.51071,56.94836,MAN1,M1 7EL
09-03-2020 02:00,15.8,27.2063,13.61323,55.32898,MAN1,M1 7EL
09-03-2020 03:00,12.5,16.15643,12.92846,37.7013,MAN1,M1 7EL
09-03-2020 04:00,23.3,16.47827,11.06862,36.33494,MAN1,M1 7EL
09-03-2020 05:00,21.7,6.50119,15.18271,25.15107,MAN1,M1 7EL
09-03-2020 06:00,17.5,6.50119,13.05727,23.02563,MAN1,M1 7EL
09-03-2020 07:00,24.2,10.81386,21.98057,38.5616,MAN1,M1 7EL
09-03-2020 08:00,22.5,17.70126,29.73933,56.88089,MAN1,M1 7EL
09-03-2020 09:00,22.5,27.3565,49.29616,91.2422,MAN1,M1 7EL
09-03-2020 10:00,24.2,34.66229,36.82896,89.97706,MAN1,M1 7EL
09-03-2020 11:00,40,50.40032,40.17658,117.45599,MAN1,M1 7EL
09-03-2020 12:00,54.2,37.91289,43.18047,101.31275,MAN1,M1 7EL
09-03-2020 13:00,50.8,58.76819,45.61471,135.72467,MAN1,M1 7EL
09-03-2020 14:00,47.5,29.7703,33.70268,79.34985,MAN1,M1 7EL
09-03-2020 15:00,26.7,62.95213,53.31844,149.84369,MAN1,M1 7EL
09-03-2020 16:00,22.5,163.36656,120.90385,371.39575,MAN1,M1 7EL
09-03-2020 17:00,25.8,125.48586,96.24635,288.65531,MAN1,M1 7EL
09-03-2020 18:00,17.5,111.74324,110.33447,281.67172,MAN1,M1 7EL
09-03-2020 19:00,20.8,96.74544,65.56964,213.91059,MAN1,M1 7EL
09-03-2020 20:00,11.7,63.14523,53.4778,150.29914,MAN1,M1 7EL
09-03-2020 21:00,13.3,30.73583,41.93854,89.06616,MAN1,M1 7EL
09-03-2020 22:00,7.5,34.11516,46.92873,99.23792,MAN1,M1 7EL
09-03-2020 23:00,19.2,45.12213,43.61397,112.80026,MAN1,M1 7EL
10-03-2020 00:00,9.2,30.31744,34.17951,80.6656,MAN1,M1 7EL
10-03-2020 01:00,5.8,13.75259,21.88149,42.9685,MAN1,M1 7EL
10-03-2020 02:00,4.2,13.79557,12.59358,33.74649,MAN1,M1 7EL
10-03-2020 03:00,8.3,11.66821,15.95682,33.84783,MAN1,M1 7EL
10-03-2020 04:00,15,9.73426,17.80743,32.73308,MAN1,M1 7EL
10-03-2020 05:00,5,6.25313,14.3791,23.9671,MAN1,M1 7EL
10-03-2020 06:00,5,7.41351,16.19748,27.5647,MAN1,M1 7EL
10-03-2020 07:00,5,11.76491,23.40911,41.44839,MAN1,M1 7EL
10-03-2020 08:00,5.8,26.97871,33.27072,74.6375,MAN1,M1 7EL
10-03-2020 09:00,13.3,50.41184,40.15692,117.45399,MAN1,M1 7EL
10-03-2020 10:00,5.8,61.72549,53.31315,147.95757,MAN1,M1 7EL
10-03-2020 11:00,5.8,32.07147,43.09524,92.2708,MAN1,M1 7EL
10-03-2020 12:00,3.3,21.66033,32.40613,65.61817,MAN1,M1 7EL
10-03-2020 13:00,1.7,24.07777,22.87233,59.79108,MAN1,M1 7EL
10-03-2020 14:00,3.3,22.07935,38.24945,72.10398,MAN1,M1 7EL
10-03-2020 15:00,32.5,14.0212,24.91522,46.41409,MAN1,M1 7EL
10-03-2020 16:00,19.2,31.26565,22.64387,70.58387,MAN1,M1 7EL
10-03-2020 17:00,19.2,20.66112,27.1484,58.82834,MAN1,M1 7EL
10-03-2020 18:00,22.5,35.68152,28.03386,82.74477,MAN1,M1 7EL
10-03-2020 19:00,30.8,51.34658,47.18562,125.91595,MAN1,M1 7EL
10-03-2020 20:00,32.5,22.62731,39.33474,74.02946,MAN1,M1 7EL
10-03-2020 21:00,30.8,23.49759,37.44295,73.47208,MAN1,M1 7EL
10-03-2020 22:00,33.3,22.46614,36.94699,71.3946,MAN1,M1 7EL
10-03-2020 23:00,21.7,22.40168,34.00561,68.35437,MAN1,M1 7EL
11-03-2020 00:00,16.7,17.14776,32.58614,58.87901,MAN1,M1 7EL
11-03-2020 01:00,18.3,7.83356,22.89442,34.9057,MAN1,M1 7EL
11-03-2020 02:00,20,4.94978,15.41033,22.99988,MAN1,M1 7EL
11-03-2020 03:00,12.5,4.00286,17.75857,23.8962,MAN1,M1 7EL
11-03-2020 04:00,16.7,6.55307,14.96447,25.01237,MAN1,M1 7EL
11-03-2020 05:00,22.5,25.21158,39.77915,78.43636,MAN1,M1 7EL
11-03-2020 06:00,25.8,31.5064,47.78301,96.09216,MAN1,M1 7EL
11-03-2020 07:00,35.8,70.40518,72.15626,180.10937,MAN1,M1 7EL
11-03-2020 08:00,30.8,74.18208,67.68422,181.42848,MAN1,M1 7EL
11-03-2020 09:00,32.5,69.98553,52.50571,159.81536,MAN1,M1 7EL
11-03-2020 10:00,42.5,113.20999,67.76033,241.34656,MAN1,M1 7EL
11-03-2020 11:00,28.3,48.42172,45.53981,119.78542,MAN1,M1 7EL
11-03-2020 12:00,24.2,33.08818,38.91431,89.64881,MAN1,M1 7EL
11-03-2020 13:00,20.8,21.46696,34.76498,67.68054,MAN1,M1 7EL
11-03-2020 14:00,25,51.29474,43.01177,121.66261,MAN1,M1 7EL
11-03-2020 15:00,31.7,45.0322,53.12155,122.16996,MAN1,M1 7EL
11-03-2020 16:00,25,20.62765,27.12254,58.75117,MAN1,M1 7EL
11-03-2020 17:00,24.2,31.5064,25.96695,74.27609,MAN1,M1 7EL
11-03-2020 18:00,15.8,41.67496,35.53995,99.44067,MAN1,M1 7EL
11-03-2020 19:00,16.7,71.4059,63.11307,172.60059,MAN1,M1 7EL
11-03-2020 20:00,19.2,34.37942,41.0947,93.80908,MAN1,M1 7EL
11-03-2020 21:00,4.2,28.53654,29.91186,73.66727,MAN1,M1 7EL
11-03-2020 22:00,1.7,11.68578,18.66202,36.57996,MAN1,M1 7EL
11-03-2020 23:00,-2.5,14.75248,21.72226,44.34242,MAN1,M1 7EL
12-03-2020 00:00,15,13.26755,13.80138,34.14468,MAN1,M1 7EL
12-03-2020 01:00,15.8,16.42347,11.66439,36.84669,MAN1,M1 7EL
12-03-2020 02:00,15.8,17.84598,11.58355,36.2371,MAN1,M1 7EL
12-03-2020 03:00,16.7,13.48147,11.33249,32.00379,MAN1,M1 7EL
12-03-2020 04:00,16.7,14.28971,16.23996,38.15055,MAN1,M1 7EL
12-03-2020 05:00,18.3,6.59525,9.85169,19.96427,MAN1,M1 7EL
12-03-2020 06:00,12.5,4.00888,10.71863,16.86549,MAN1,M1 7EL
12-03-2020 07:00,27.5,10.53947,26.91782,43.07812,MAN1,M1 7EL
12-03-2020 08:00,41.7,69.21781,62.67479,168.80729,MAN1,M1 7EL
12-03-2020 09:00,40,59.97153,55.00837,146.96343,MAN1,M1 7EL
12-03-2020 10:00,33.3,32.0387,34.84653,83.97185,MAN1,M1 7EL
12-03-2020 11:00,62.5,28.93505,35.38902,79.75548,MAN1,M1 7EL
12-03-2020 12:00,25,21.85485,16.32416,49.83447,MAN1,M1 7EL
12-03-2020 13:00,19.2,14.71,20.8279,43.38292,MAN1,M1 7EL
12-03-2020 14:00,25.8,15.06562,21.50181,44.60211,MAN1,M1 7EL
12-03-2020 15:00,21.7,13.90176,17.08882,38.40455,MAN1,M1 7EL
12-03-2020 16:00,19.2,16.97307,21.47267,47.49769,MAN1,M1 7EL
12-03-2020 17:00,20.8,23.60066,24.46763,60.6548,MAN1,M1 7EL
12-03-2020 18:00,15.8,23.95628,29.86591,66.59836,MAN1,M1 7EL
12-03-2020 19:00,32.5,15.55057,23.34902,47.19289,MAN1,M1 7EL
12-03-2020 20:00,17.5,10.95976,31.25176,48.05648,MAN1,M1 7EL
12-03-2020 21:00,15.8,10.08686,21.51586,36.98216,MAN1,M1 7EL
12-03-2020 22:00,17.5,12.38226,16.5231,35.50897,MAN1,M1 7EL
12-03-2020 23:00,16.7,10.99209,21.80425,38.65855,MAN1,M1 7EL
13-03-2020 00:00,15.8,10.08686,15.7755,31.2418,MAN1,M1 7EL
13-03-2020 01:00,10.8,4.0149,9.37448,15.53057,MAN1,M1 7EL
13-03-2020 02:00,17.5,3.49684,9.15153,14.51328,MAN1,M1 7EL
13-03-2020 03:00,15,2.16934,8.98289,12.30916,MAN1,M1 7EL
13-03-2020 04:00,20.8,2.33123,8.78552,12.36003,MAN1,M1 7EL
13-03-2020 05:00,15.8,1.7808,5.81468,8.5452,MAN1,M1 7EL
13-03-2020 06:00,12.5,4.72722,15.08113,22.32943,MAN1,M1 7EL
13-03-2020 07:00,16.7,20.26874,35.80825,66.88655,MAN1,M1 7EL
13-03-2020 08:00,20.8,88.94287,74.65881,211.03597,MAN1,M1 7EL
13-03-2020 09:00,19.2,153.24594,102.56165,337.53548,MAN1,M1 7EL
13-03-2020 10:00,21.7,145.96085,75.43115,299.23466,MAN1,M1 7EL
13-03-2020 11:00,44.2,134.23995,98.64197,304.47369,MAN1,M1 7EL
13-03-2020 12:00,70,90.33513,74.81293,213.32486,MAN1,M1 7EL
13-03-2020 13:00,38.3,88.97525,57.56962,193.99643,MAN1,M1 7EL
13-03-2020 14:00,35,95.83942,70.23882,217.19055,MAN1,M1 7EL
13-03-2020 15:00,33.3,160.46627,89.50692,335.55177,MAN1,M1 7EL
13-03-2020 16:00,25.8,109.69728,86.93516,255.13532,MAN1,M1 7EL
13-03-2020 17:00,31.7,112.48181,92.02465,264.49435,MAN1,M1 7EL
13-03-2020 18:00,15,229.23753,83.09191,434.58456,MAN1,M1 7EL
13-03-2020 19:00,null,109.53539,84.43672,252.38865,MAN1,M1 7EL
13-03-2020 20:00,1.7,19.39453,44.32055,74.05842,MAN1,M1 7EL
13-03-2020 21:00,19.2,16.64239,50.3207,75.83867,MAN1,M1 7EL
13-03-2020 22:00,18.3,25.35212,48.66475,87.53746,MAN1,M1 7EL
13-03-2020 23:00,20,24.73693,44.21641,82.14584,MAN1,M1 7EL
14-03-2020 00:00,19.2,21.8229,38.51168,71.97298,MAN1,M1 7EL
14-03-2020 01:00,20.8,16.17011,37.7469,62.54073,MAN1,M1 7EL
14-03-2020 02:00,23.3,13.94348,35.55884,56.93854,MAN1,M1 7EL
14-03-2020 03:00,24.2,9.72801,27.76237,42.67844,MAN1,M1 7EL
14-03-2020 04:00,10,9.66316,30.10268,44.91932,MAN1,M1 7EL
14-03-2020 05:00,10.8,3.43723,21.31455,26.5849,MAN1,M1 7EL
14-03-2020 06:00,7.5,4.11819,20.83065,27.14512,MAN1,M1 7EL
14-03-2020 07:00,5,9.53345,24.08823,38.70599,MAN1,M1 7EL
14-03-2020 08:00,7.5,29.80014,43.89108,89.58399,MAN1,M1 7EL
14-03-2020 09:00,8.3,31.55118,44.16007,92.53787,MAN1,M1 7EL
14-03-2020 10:00,30,42.57626,47.37211,112.65479,MAN1,M1 7EL
14-03-2020 11:00,14.2,46.01349,41.23597,111.789,MAN1,M1 7EL
14-03-2020 12:00,14.2,38.68505,39.63866,98.95491,MAN1,M1 7EL
14-03-2020 13:00,6.7,33.43193,32.05816,83.31973,MAN1,M1 7EL
14-03-2020 14:00,16.7,37.77711,26.82165,84.74574,MAN1,M1 7EL
14-03-2020 15:00,16.7,32.03758,29.15416,78.27776,MAN1,M1 7EL
14-03-2020 16:00,9.2,35.24782,26.82923,80.87514,MAN1,M1 7EL
14-03-2020 17:00,8.3,103.14933,76.11297,234.27308,MAN1,M1 7EL
14-03-2020 18:00,8.3,109.11585,68.39046,235.69909,MAN1,M1 7EL
14-03-2020 19:00,8.3,27.59512,28.683,70.99493,MAN1,M1 7EL
14-03-2020 20:00,4.2,35.37753,43.53876,97.78355,MAN1,M1 7EL
14-03-2020 21:00,4.2,32.65369,42.52051,92.58879,MAN1,M1 7EL
14-03-2020 22:00,15.8,36.90159,49.80889,106.39053,MAN1,M1 7EL
14-03-2020 23:00,15.8,25.58467,38.48827,77.71755,MAN1,M1 7EL
15-03-2020 00:00,12.5,36.6746,35.84591,92.0795,MAN1,M1 7EL
15-03-2020 01:00,7.5,25.37397,23.03397,61.94018,MAN1,M1 7EL
15-03-2020 02:00,5.8,10.3596,20.72889,36.61338,MAN1,M1 7EL
15-03-2020 03:00,4.2,8.28118,12.08524,24.78287,MAN1,M1 7EL
15-03-2020 04:00,3.3,17.63404,17.78485,44.82334,MAN1,M1 7EL
15-03-2020 05:00,1.7,4.80633,9.71324,17.08284,MAN1,M1 7EL
15-03-2020 06:00,-2.5,1.68871,9.29218,11.8815,MAN1,M1 7EL
15-03-2020 07:00,-3.3,4.02693,21.00503,27.17957,MAN1,M1 7EL
15-03-2020 08:00,-0.8,5.32594,21.20597,29.37229,MAN1,M1 7EL
15-03-2020 09:00,0,7.4693,19.60231,31.05508,MAN1,M1 7EL
15-03-2020 10:00,0,13.63959,34.46526,55.37901,MAN1,M1 7EL
15-03-2020 11:00,0,16.27008,25.94446,50.89157,MAN1,M1 7EL
15-03-2020 12:00,3.3,9.45029,20.49134,34.98158,MAN1,M1 7EL
15-03-2020 13:00,6.7,10.91167,18.0976,34.8286,MAN1,M1 7EL
15-03-2020 14:00,9.2,15.39325,33.35715,56.95981,MAN1,M1 7EL
15-03-2020 15:00,21.7,12.11326,19.4678,38.0412,MAN1,M1 7EL
15-03-2020 16:00,16.7,15.68553,28.06461,52.11542,MAN1,M1 7EL
15-03-2020 17:00,6.7,14.6788,27.00757,49.51475,MAN1,M1 7EL
15-03-2020 18:00,5.8,14.12672,33.41238,55.07305,MAN1,M1 7EL
15-03-2020 19:00,22.5,23.64196,42.78952,79.04002,MAN1,M1 7EL
15-03-2020 20:00,20,19.67998,27.54916,57.72471,MAN1,M1 7EL
15-03-2020 21:00,25.8,14.61385,28.63697,51.04455,MAN1,M1 7EL
15-03-2020 22:00,26.7,21.23879,33.87892,66.44461,MAN1,M1 7EL
15-03-2020 23:00,27.5,65.24271,72.98372,173.02115,MAN1,M1 7EL
16-03-2020 00:00,26.7,35.07324,45.25129,99.0295,MAN1,M1 7EL
16-03-2020 01:00,21.7,15.39457,28.33853,51.9432,MAN1,M1 7EL
16-03-2020 02:00,21.7,20.52248,30.97681,62.44417,MAN1,M1 7EL
16-03-2020 03:00,17.5,17.49777,24.12654,50.95608,MAN1,M1 7EL
16-03-2020 04:00,21.7,12.81435,16.34763,35.99603,MAN1,M1 7EL
16-03-2020 05:00,17.5,4.78099,15.03274,22.36349,MAN1,M1 7EL
16-03-2020 06:00,12.5,9.10665,21.42,35.38333,MAN1,M1 7EL
16-03-2020 07:00,25.8,23.77485,40.79678,77.25105,MAN1,M1 7EL
16-03-2020 08:00,31.7,93.27807,75.2494,218.27378,MAN1,M1 7EL
16-03-2020 09:00,41.7,206.00534,100.20277,416.07322,MAN1,M1 7EL
16-03-2020 10:00,55.8,127.1678,78.88824,273.87615,MAN1,M1 7EL
16-03-2020 11:00,40,75.94292,66.19097,182.63516,MAN1,M1 7EL
16-03-2020 12:00,39.2,59.97377,54.52746,146.48596,MAN1,M1 7EL
16-03-2020 13:00,26.7,39.12605,45.23849,105.23094,MAN1,M1 7EL
16-03-2020 14:00,22.5,59.09563,45.96864,136.58067,MAN1,M1 7EL
16-03-2020 15:00,25.8,45.04537,49.59063,118.65924,MAN1,M1 7EL
16-03-2020 16:00,23.3,28.88108,49.35703,93.64073,MAN1,M1 7EL
16-03-2020 17:00,9.2,32.26355,39.98388,89.45396,MAN1,M1 7EL
16-03-2020 18:00,16.7,58.54272,80.31059,170.07484,MAN1,M1 7EL
16-03-2020 19:00,16.7,61.33976,63.00201,157.055,MAN1,M1 7EL
16-03-2020 20:00,20,27.45003,31.79174,73.88121,MAN1,M1 7EL
16-03-2020 21:00,20,30.34465,42.67086,89.19866,MAN1,M1 7EL
16-03-2020 22:00,12.5,32.7514,28.56468,78.78279,MAN1,M1 7EL
16-03-2020 23:00,25,43.0289,45.07484,111.05157,MAN1,M1 7EL
17-03-2020 00:00,14.2,28.84855,33.06827,77.3021,MAN1,M1 7EL
17-03-2020 01:00,14.2,17.54559,13.72275,40.6256,MAN1,M1 7EL
17-03-2020 02:00,9.2,14.2015,30.2677,52.04304,MAN1,M1 7EL
17-03-2020 03:00,8.3,8.43621,16.76702,29.70236,MAN1,M1 7EL
17-03-2020 04:00,5.8,7.7522,17.9692,29.85573,MAN1,M1 7EL
17-03-2020 05:00,4.2,4.20182,8.02506,14.46776,MAN1,M1 7EL
17-03-2020 06:00,7.5,3.12694,9.21309,14.00766,MAN1,M1 7EL
17-03-2020 07:00,15,17.00272,30.06239,56.13286,MAN1,M1 7EL
17-03-2020 08:00,26.7,107.32557,58.0252,222.58878,MAN1,M1 7EL
17-03-2020 09:00,20.8,78.98771,54.39186,175.50466,MAN1,M1 7EL
17-03-2020 10:00,32.5,39.70558,45.24995,106.13098,MAN1,M1 7EL
17-03-2020 11:00,37.5,73.09213,56.83677,168.90981,MAN1,M1 7EL
17-03-2020 12:00,29.2,25.86237,47.8672,87.52228,MAN1,M1 7EL
17-03-2020 13:00,24.2,40.71532,49.17185,111.60113,MAN1,M1 7EL
17-03-2020 14:00,20,25.8298,33.705,73.31013,MAN1,M1 7EL
17-03-2020 15:00,null,29.99904,30.83971,76.83761,MAN1,M1 7EL
17-03-2020 16:00,18.3,22.01884,46.85894,80.6207,MAN1,M1 7EL
17-03-2020 17:00,20.8,36.70893,33.58769,89.87393,MAN1,M1 7EL
17-03-2020 18:00,17.5,34.52659,44.19334,97.13337,MAN1,M1 7EL
17-03-2020 19:00,13.3,23.45202,31.98297,67.94223,MAN1,M1 7EL
17-03-2020 20:00,10.8,22.37714,21.87285,56.18399,MAN1,M1 7EL
17-03-2020 21:00,14.2,11.33514,13.80461,31.18492,MAN1,M1 7EL
17-03-2020 22:00,15.8,19.2502,21.2484,50.76497,MAN1,M1 7EL
17-03-2020 23:00,15.8,17.32844,20.61647,47.18637,MAN1,M1 7EL
18-03-2020 00:00,14.2,17.55644,17.19949,44.119,MAN1,M1 7EL
18-03-2020 01:00,10,5.82824,8.60372,17.54024,MAN1,M1 7EL
18-03-2020 02:00,15,4.56691,12.34636,19.34886,MAN1,M1 7EL
18-03-2020 03:00,0.8,4.63215,7.69064,14.79318,MAN1,M1 7EL
18-03-2020 04:00,3.3,4.50167,9.32397,16.22643,MAN1,M1 7EL
18-03-2020 05:00,14.2,4.0776,12.68713,18.93936,MAN1,M1 7EL
18-03-2020 06:00,8.3,12.78734,27.22954,46.83652,MAN1,M1 7EL
18-03-2020 07:00,10,18.92005,36.81674,65.82707,MAN1,M1 7EL
18-03-2020 08:00,25,122.0343,86.58268,273.69933,MAN1,M1 7EL
18-03-2020 09:00,16.7,156.28611,101.78498,341.42034,MAN1,M1 7EL
18-03-2020 10:00,19.2,87.61939,58.98717,193.33503,MAN1,M1 7EL
18-03-2020 11:00,4.2,116.91284,71.86181,251.12566,MAN1,M1 7EL
18-03-2020 12:00,15.8,84.22683,73.24921,202.39521,MAN1,M1 7EL
18-03-2020 13:00,19.2,85.23807,53.37354,184.07009,MAN1,M1 7EL
18-03-2020 14:00,15.8,84.58566,65.83989,195.53609,MAN1,M1 7EL
18-03-2020 15:00,19.2,68.69934,67.6249,172.96242,MAN1,M1 7EL
18-03-2020 16:00,18.3,68.89507,61.13111,166.76873,MAN1,M1 7EL
18-03-2020 17:00,40.8,69.51486,62.02352,168.61148,MAN1,M1 7EL
18-03-2020 18:00,32.5,105.20198,92.58233,253.88979,MAN1,M1 7EL
18-03-2020 19:00,35,69.48224,67.65297,174.19092,MAN1,M1 7EL
18-03-2020 20:00,34.2,70.98279,67.80915,176.64791,MAN1,M1 7EL
18-03-2020 21:00,34.2,75.22349,75.99763,191.33871,MAN1,M1 7EL
18-03-2020 22:00,34.2,94.33927,76.68304,221.33456,MAN1,M1 7EL
18-03-2020 23:00,33.3,154.78555,84.53219,321.86673,MAN1,M1 7EL
19-03-2020 00:00,34.2,170.44352,92.5158,353.85889,MAN1,M1 7EL
19-03-2020 01:00,35.8,91.77892,71.18459,211.9103,MAN1,M1 7EL
19-03-2020 02:00,21.7,50.08202,68.45707,145.24842,MAN1,M1 7EL
19-03-2020 03:00,30,25.61272,57.95292,97.22521,MAN1,M1 7EL
19-03-2020 04:00,30,46.42306,59.6143,130.79533,MAN1,M1 7EL
19-03-2020 05:00,29.2,21.56173,57.9116,90.97246,MAN1,M1 7EL
19-03-2020 06:00,30,48.74258,60.97796,135.71553,MAN1,M1 7EL
19-03-2020 07:00,40.8,125.22138,74.30242,266.30585,MAN1,M1 7EL
19-03-2020 08:00,46.7,176.34881,75.91263,346.31036,MAN1,M1 7EL
19-03-2020 09:00,66.7,239.8579,92.72303,460.50002,MAN1,M1 7EL
19-03-2020 10:00,39.2,124.69867,78.58904,269.791,MAN1,M1 7EL
19-03-2020 11:00,38.3,71.70908,63.17716,173.12956,MAN1,M1 7EL
19-03-2020 12:00,null,79.97441,67.36577,189.99149,MAN1,M1 7EL
19-03-2020 13:00,null,57.79197,52.38138,140.9945,MAN1,M1 7EL
19-03-2020 14:00,30.8,66.15531,67.95143,169.38815,MAN1,M1 7EL
19-03-2020 15:00,25.8,72.13379,70.41878,181.02238,MAN1,M1 7EL
19-03-2020 16:00,31.7,80.33378,70.60741,193.78415,MAN1,M1 7EL
19-03-2020 17:00,37.5,60.01348,61.0706,153.08999,MAN1,M1 7EL
19-03-2020 18:00,32.5,95.72101,78.27775,225.04792,MAN1,M1 7EL
19-03-2020 19:00,32.5,151.19346,100.64556,332.4723,MAN1,M1 7EL
19-03-2020 20:00,37.5,100.06603,86.5811,240.01353,MAN1,M1 7EL
19-03-2020 21:00,45,119.86361,86.92522,270.71353,MAN1,M1 7EL
19-03-2020 22:00,42.5,89.48118,73.18727,210.38982,MAN1,M1 7EL
19-03-2020 23:00,36.7,51.32345,72.3963,151.09116,MAN1,M1 7EL
20-03-2020 00:00,30.8,32.24459,53.7807,103.22171,MAN1,M1 7EL
20-03-2020 01:00,36.7,13.9596,44.82837,66.23278,MAN1,M1 7EL
20-03-2020 02:00,25,10.73144,36.09368,52.54832,MAN1,M1 7EL
20-03-2020 03:00,19.2,7.23063,28.37574,39.46256,MAN1,M1 7EL
20-03-2020 04:00,21.7,16.48977,25.82749,51.11145,MAN1,M1 7EL
20-03-2020 05:00,20,18.68187,32.88362,61.52875,MAN1,M1 7EL
20-03-2020 06:00,17.5,6.41269,30.29702,40.12968,MAN1,M1 7EL
20-03-2020 07:00,26.7,15.70455,37.44878,61.52875,MAN1,M1 7EL
20-03-2020 08:00,34.2,38.34527,51.63833,110.43358,MAN1,M1 7EL
20-03-2020 09:00,33.3,28.36634,34.60961,78.10405,MAN1,M1 7EL
20-03-2020 10:00,37.5,24.11302,28.3534,65.32619,MAN1,M1 7EL
20-03-2020 11:00,35,21.16842,29.58413,62.04192,MAN1,M1 7EL
20-03-2020 12:00,33.3,11.05862,18.34959,35.3059,MAN1,M1 7EL
20-03-2020 13:00,32.5,14.62486,26.22378,48.64825,MAN1,M1 7EL
20-03-2020 14:00,33.3,16.52249,25.1102,50.44434,MAN1,M1 7EL
20-03-2020 15:00,32.5,14.26496,24.31241,46.18505,MAN1,M1 7EL
20-03-2020 16:00,26.7,17.66761,26.94654,54.03651,MAN1,M1 7EL
20-03-2020 17:00,33.3,14.10137,24.51193,46.13373,MAN1,M1 7EL
20-03-2020 18:00,17.5,15.21378,31.17089,54.49836,MAN1,M1 7EL
20-03-2020 19:00,16.7,12.4982,29.63856,48.8022,MAN1,M1 7EL
20-03-2020 20:00,20.8,13.74148,30.4007,51.47067,MAN1,M1 7EL
20-03-2020 21:00,22.5,7.95043,26.55364,38.74413,MAN1,M1 7EL
20-03-2020 22:00,19.2,7.65597,25.31169,37.05067,MAN1,M1 7EL
20-03-2020 23:00,15,4.48234,21.71059,28.58341,MAN1,M1 7EL
21-03-2020 00:00,15.8,7.1652,23.39572,34.3822,MAN1,M1 7EL
21-03-2020 01:00,15,3.0145,16.68396,21.30613,MAN1,M1 7EL
21-03-2020 02:00,19.2,2.26088,15.08204,18.54867,MAN1,M1 7EL
21-03-2020 03:00,20,3.17833,13.41839,18.29176,MAN1,M1 7EL
21-03-2020 04:00,9.2,1.21235,8.52012,10.37903,MAN1,M1 7EL
21-03-2020 05:00,18.3,0.52426,9.11275,9.9166,MAN1,M1 7EL
21-03-2020 06:00,17.5,0.58979,12.35205,13.25639,MAN1,M1 7EL
21-03-2020 07:00,26.7,2.09704,11.68517,14.90059,MAN1,M1 7EL
21-03-2020 08:00,20.8,2.7196,12.32341,16.49341,MAN1,M1 7EL
21-03-2020 09:00,26.7,4.81665,15.58204,22.96747,MAN1,M1 7EL
21-03-2020 10:00,30.8,5.89794,14.79757,23.84095,MAN1,M1 7EL
21-03-2020 11:00,25,13.56526,19.48321,40.28298,MAN1,M1 7EL
21-03-2020 12:00,24.2,9.30564,15.58413,29.85257,MAN1,M1 7EL
21-03-2020 13:00,18.3,8.58478,12.78444,25.94758,MAN1,M1 7EL
21-03-2020 14:00,27.5,14.12229,17.24182,38.89569,MAN1,M1 7EL
21-03-2020 15:00,24.2,8.12605,15.64583,28.1056,MAN1,M1 7EL
21-03-2020 16:00,21.7,8.97797,19.68323,33.44926,MAN1,M1 7EL
21-03-2020 17:00,18.3,7.83115,21.54443,33.55202,MAN1,M1 7EL
21-03-2020 18:00,14.2,5.96347,17.98549,27.12935,MAN1,M1 7EL
21-03-2020 19:00,15.8,7.86392,20.82623,32.88407,MAN1,M1 7EL
21-03-2020 20:00,18.3,6.38943,21.18596,30.98296,MAN1,M1 7EL
21-03-2020 21:00,17.5,3.83366,18.3738,24.252,MAN1,M1 7EL
21-03-2020 22:00,16.7,8.91244,18.39641,32.06197,MAN1,M1 7EL
21-03-2020 23:00,19.2,10.0265,27.37554,42.74929,MAN1,M1 7EL
22-03-2020 00:00,20.8,6.97923,28.45126,39.15259,MAN1,M1 7EL
22-03-2020 01:00,17.5,11.9446,33.81713,52.13193,MAN1,M1 7EL
22-03-2020 02:00,19.2,4.39719,20.627,27.36926,MAN1,M1 7EL
22-03-2020 03:00,17.5,3.67526,15.09741,20.73273,MAN1,M1 7EL
22-03-2020 04:00,31.7,13.38846,29.88839,50.41707,MAN1,M1 7EL
22-03-2020 05:00,14.2,1.90326,14.67623,17.59453,MAN1,M1 7EL
22-03-2020 06:00,18.3,2.39548,17.21405,20.88707,MAN1,M1 7EL
22-03-2020 07:00,21.7,2.88771,19.44318,23.87094,MAN1,M1 7EL
22-03-2020 08:00,20.8,6.98956,25.19212,35.9093,MAN1,M1 7EL
22-03-2020 09:00,21.7,8.49904,17.47578,30.50747,MAN1,M1 7EL
22-03-2020 10:00,24.2,11.64927,16.29817,34.16013,MAN1,M1 7EL
22-03-2020 11:00,22.5,5.51289,11.14794,19.60092,MAN1,M1 7EL
22-03-2020 12:00,23.3,7.7443,13.53989,25.41432,MAN1,M1 7EL
22-03-2020 13:00,18.3,9.58193,17.66743,32.35953,MAN1,M1 7EL
22-03-2020 14:00,20.8,10.96016,19.15541,35.96074,MAN1,M1 7EL
22-03-2020 15:00,22.5,15.94801,24.88342,49.3367,MAN1,M1 7EL
22-03-2020 16:00,25.8,11.68208,22.47282,40.3851,MAN1,M1 7EL
22-03-2020 17:00,20,12.76497,23.12748,42.70017,MAN1,M1 7EL
22-03-2020 18:00,20,8.59749,22.93245,36.11508,MAN1,M1 7EL
22-03-2020 19:00,20.8,15.71831,33.46699,57.56806,MAN1,M1 7EL
22-03-2020 20:00,67.5,19.98424,34.90012,65.54218,MAN1,M1 7EL
22-03-2020 21:00,21.7,28.38484,47.58803,91.11084,MAN1,M1 7EL
22-03-2020 22:00,21.7,15.19327,25.98923,49.28525,MAN1,M1 7EL
22-03-2020 23:00,32.5,17.58875,34.40601,61.37506,MAN1,M1 7EL
23-03-2020 00:00,19.2,5.67697,20.31097,29.01554,MAN1,M1 7EL
23-03-2020 01:00,15.8,3.33015,14.87996,19.98612,MAN1,M1 7EL
23-03-2020 02:00,20.8,5.21432,15.3563,23.35148,MAN1,M1 7EL
23-03-2020 03:00,25,2.59621,12.55412,16.53491,MAN1,M1 7EL
23-03-2020 04:00,20.8,1.44599,12.66942,14.88657,MAN1,M1 7EL
23-03-2020 05:00,22.5,1.11735,14.92468,16.63793,MAN1,M1 7EL
23-03-2020 06:00,27.5,5.58677,33.67244,42.23871,MAN1,M1 7EL
23-03-2020 07:00,29.2,16.26736,51.29277,76.23571,MAN1,M1 7EL
23-03-2020 08:00,37.5,33.12626,49.96187,100.75477,MAN1,M1 7EL
23-03-2020 09:00,42.5,51.56261,64.80759,143.86915,MAN1,M1 7EL
23-03-2020 10:00,34.2,29.24839,39.26993,84.11684,MAN1,M1 7EL
23-03-2020 11:00,47.5,24.25316,35.75138,72.93903,MAN1,M1 7EL
23-03-2020 12:00,68.3,45.12139,45.32294,114.5081,MAN1,M1 7EL
23-03-2020 13:00,29.2,52.21987,59.16384,139.2332,MAN1,M1 7EL
23-03-2020 14:00,26.7,40.75056,52.33384,114.81716,MAN1,M1 7EL
23-03-2020 15:00,29.2,50.37953,58.58597,135.8335,MAN1,M1 7EL
23-03-2020 16:00,32.5,59.97563,64.9915,156.95285,MAN1,M1 7EL
23-03-2020 17:00,29.2,62.14461,67.17742,162.46448,MAN1,M1 7EL
23-03-2020 18:00,20.8,38.84449,56.28666,115.84738,MAN1,M1 7EL
23-03-2020 19:00,23.3,39.27171,57.79504,118.01082,MAN1,M1 7EL
23-03-2020 20:00,15.8,39.43603,63.4153,123.88303,MAN1,M1 7EL
23-03-2020 21:00,11.7,56.9522,69.26679,156.59227,MAN1,M1 7EL
23-03-2020 22:00,18.3,69.53886,79.94669,186.57145,MAN1,M1 7EL
23-03-2020 23:00,15,18.79784,51.79116,80.61412,MAN1,M1 7EL
24-03-2020 00:00,21.7,15.70869,48.54366,72.62997,MAN1,M1 7EL
24-03-2020 01:00,24.2,6.40685,36.18143,46.00512,MAN1,M1 7EL
24-03-2020 02:00,20.8,6.14355,26.06379,35.48377,MAN1,M1 7EL
24-03-2020 03:00,28.3,2.27092,24.67806,28.16009,MAN1,M1 7EL
24-03-2020 04:00,19.2,1.18483,19.99962,21.81633,MAN1,M1 7EL
24-03-2020 05:00,20.8,2.2051,22.20022,25.58132,MAN1,M1 7EL
24-03-2020 06:00,30,11.45333,50.41465,67.97618,MAN1,M1 7EL
24-03-2020 07:00,65.8,72.10992,78.19841,188.76541,MAN1,M1 7EL
24-03-2020 08:00,38.3,73.85425,76.03957,189.28116,MAN1,M1 7EL
24-03-2020 09:00,40.8,104.82432,72.49489,233.22327,MAN1,M1 7EL
24-03-2020 10:00,76.7,58.58314,59.27782,149.10404,MAN1,M1 7EL
24-03-2020 11:00,48.3,46.70195,50.52153,122.13019,MAN1,M1 7EL
24-03-2020 12:00,46.7,42.42341,58.0618,123.11012,MAN1,M1 7EL
24-03-2020 13:00,42.5,30.80551,43.33167,90.56614,MAN1,M1 7EL
24-03-2020 14:00,39.2,29.3903,43.43862,88.50313,MAN1,M1 7EL
24-03-2020 15:00,28.3,25.90165,32.90265,72.61795,MAN1,M1 7EL
24-03-2020 16:00,13.3,26.19785,41.57729,81.74677,MAN1,M1 7EL
24-03-2020 17:00,28.3,39.75754,58.43598,119.3967,MAN1,M1 7EL
24-03-2020 18:00,39.2,35.05115,56.00779,109.75213,MAN1,M1 7EL
24-03-2020 19:00,45,26.46115,47.25946,87.83265,MAN1,M1 7EL
24-03-2020 20:00,45,22.87375,51.8317,86.90429,MAN1,M1 7EL
24-03-2020 21:00,37.5,28.43586,43.56113,87.16217,MAN1,M1 7EL
24-03-2020 22:00,40.8,16.32429,39.69671,64.72694,MAN1,M1 7EL
24-03-2020 23:00,38.3,16.3572,38.66632,63.74701,MAN1,M1 7EL
25-03-2020 00:00,38.3,11.0913,28.7924,45.79882,MAN1,M1 7EL
25-03-2020 01:00,33.3,6.02076,27.67359,36.9053,MAN1,M1 7EL
25-03-2020 02:00,28.3,5.20774,22.22424,30.20933,MAN1,M1 7EL
25-03-2020 03:00,33.3,4.94406,24.9007,32.48149,MAN1,M1 7EL
25-03-2020 04:00,29.2,3.329,19.73439,24.83878,MAN1,M1 7EL
25-03-2020 05:00,25,2.70275,23.17333,27.3175,MAN1,M1 7EL
25-03-2020 06:00,29.2,10.64621,38.46596,54.78991,MAN1,M1 7EL
25-03-2020 07:00,40,47.03448,78.82484,150.94337,MAN1,M1 7EL
25-03-2020 08:00,38.3,73.23799,84.03814,196.33482,MAN1,M1 7EL
25-03-2020 09:00,32.5,75.34745,83.02419,198.55534,MAN1,M1 7EL
25-03-2020 10:00,36.7,83.55459,81.8525,209.96775,MAN1,M1 7EL
25-03-2020 11:00,39.2,61.86665,70.12854,164.98942,MAN1,M1 7EL
25-03-2020 12:00,43.3,38.62958,62.53564,121.76684,MAN1,M1 7EL
25-03-2020 13:00,29.2,36.25643,47.01602,102.60844,MAN1,M1 7EL
25-03-2020 14:00,34.2,37.31116,59.135,116.34465,MAN1,M1 7EL
25-03-2020 15:00,34.2,41.89266,52.41998,116.65449,MAN1,M1 7EL
25-03-2020 16:00,33.3,41.99154,55.31512,119.70124,MAN1,M1 7EL
25-03-2020 17:00,32.5,44.06804,56.00418,123.57423,MAN1,M1 7EL
25-03-2020 18:00,32.5,97.23315,98.31791,247.40667,MAN1,M1 7EL
25-03-2020 19:00,40.8,116.35018,86.8213,265.22243,MAN1,M1 7EL
25-03-2020 20:00,45.8,123.66739,99.14953,288.77021,MAN1,M1 7EL
25-03-2020 21:00,45,55.30754,86.48578,171.28948,MAN1,M1 7EL
25-03-2020 22:00,50.8,47.89145,88.71669,162.14922,MAN1,M1 7EL
25-03-2020 23:00,41.7,34.64137,74.12464,127.24066,MAN1,M1 7EL
26-03-2020 00:00,35.8,25.11582,63.83986,102.35024,MAN1,M1 7EL
26-03-2020 01:00,49.2,14.03979,60.99303,82.5204,MAN1,M1 7EL
26-03-2020 02:00,37.5,11.09099,57.24173,74.24768,MAN1,M1 7EL
26-03-2020 03:00,35,19.01313,57.40029,86.55335,MAN1,M1 7EL
26-03-2020 04:00,44.2,19.2772,54.77209,84.33006,MAN1,M1 7EL
26-03-2020 05:00,45,38.42237,49.87282,108.78629,MAN1,M1 7EL
26-03-2020 06:00,50.8,69.58278,60.21006,166.90217,MAN1,M1 7EL
26-03-2020 07:00,75,107.8071,71.45305,236.75496,MAN1,M1 7EL
26-03-2020 08:00,79.2,148.9692,76.84718,305.26344,MAN1,M1 7EL
26-03-2020 09:00,67.5,267.9003,96.54994,507.32467,MAN1,M1 7EL
26-03-2020 10:00,49.2,117.34667,102.48099,282.41005,MAN1,M1 7EL
26-03-2020 11:00,49.2,52.02204,54.25208,134.0181,MAN1,M1 7EL
26-03-2020 12:00,55,14.12781,38.26319,59.92553,MAN1,M1 7EL
26-03-2020 13:00,null,8.64833,25.56949,38.83009,MAN1,M1 7EL
26-03-2020 14:00,25,15.1841,35.66119,58.94314,MAN1,M1 7EL
26-03-2020 15:00,34.2,11.15701,34.54563,51.65281,MAN1,M1 7EL
26-03-2020 16:00,39.2,13.89675,38.77259,60.08064,MAN1,M1 7EL
26-03-2020 17:00,40,9.34152,36.91571,51.23917,MAN1,M1 7EL
26-03-2020 18:00,44.2,10.52984,50.19136,66.33689,MAN1,M1 7EL
26-03-2020 19:00,45.8,8.45028,43.71123,56.66815,MAN1,M1 7EL
26-03-2020 20:00,34.2,7.55904,42.33744,53.92781,MAN1,M1 7EL
26-03-2020 21:00,42.5,22.9742,58.46196,93.68858,MAN1,M1 7EL
26-03-2020 22:00,44.2,11.124,39.71499,56.77156,MAN1,M1 7EL
26-03-2020 23:00,42.5,6.13966,42.08369,51.49769,MAN1,M1 7EL
27-03-2020 00:00,40.8,4.02709,21.22861,27.40339,MAN1,M1 7EL
27-03-2020 01:00,45,6.3911,45.42087,55.22042,MAN1,M1 7EL
27-03-2020 02:00,42.5,20.62783,57.20695,88.83585,MAN1,M1 7EL
27-03-2020 03:00,44.2,12.16513,42.69349,61.34644,MAN1,M1 7EL
27-03-2020 04:00,43.3,6.57843,26.82462,36.9114,MAN1,M1 7EL
27-03-2020 05:00,40,1.05784,24.46965,26.09165,MAN1,M1 7EL
27-03-2020 06:00,49.2,3.3388,23.66422,28.78364,MAN1,M1 7EL
27-03-2020 07:00,46.7,5.19002,26.93449,34.8924,MAN1,M1 7EL
27-03-2020 08:00,42.5,15.33865,37.05097,60.5699,MAN1,M1 7EL
27-03-2020 09:00,51.7,30.74341,50.9633,98.10253,MAN1,M1 7EL
27-03-2020 10:00,50.8,21.02452,41.43034,73.66749,MAN1,M1 7EL
27-03-2020 11:00,48.3,23.40466,36.79724,72.68388,MAN1,M1 7EL
27-03-2020 12:00,47.5,12.79322,35.31106,54.92706,MAN1,M1 7EL
27-03-2020 13:00,37.5,13.45437,37.14462,57.77436,MAN1,M1 7EL
27-03-2020 14:00,52.5,11.30564,29.20539,46.54046,MAN1,M1 7EL
27-03-2020 15:00,50.8,7.20652,26.84517,37.89501,MAN1,M1 7EL
27-03-2020 16:00,40,8.26436,30.19301,42.86485,MAN1,M1 7EL
27-03-2020 17:00,33.3,7.04123,25.13138,35.92779,MAN1,M1 7EL
27-03-2020 18:00,30.8,4.85944,24.12814,31.57918,MAN1,M1 7EL
27-03-2020 19:00,35,7.60321,35.40006,47.05815,MAN1,M1 7EL
27-03-2020 20:00,33.3,10.94201,40.47916,57.25667,MAN1,M1 7EL
27-03-2020 21:00,30,4.56193,32.60854,39.6034,MAN1,M1 7EL
27-03-2020 22:00,27.5,2.94211,23.08178,27.59295,MAN1,M1 7EL
27-03-2020 23:00,40,3.14046,27.74749,32.56279,MAN1,M1 7EL
28-03-2020 00:00,40.8,2.94211,17.64602,22.15719,MAN1,M1 7EL
28-03-2020 01:00,40.8,1.32424,13.17411,15.20457,MAN1,M1 7EL
28-03-2020 02:00,30.8,0.5297,5.97804,6.79022,MAN1,M1 7EL
28-03-2020 03:00,21.7,0.39727,7.06226,7.6714,MAN1,M1 7EL
28-03-2020 04:00,17.5,0.79454,5.93478,7.15306,MAN1,M1 7EL
28-03-2020 05:00,11.7,0.33106,5.6606,6.16822,MAN1,M1 7EL
28-03-2020 06:00,10.8,2.58226,12.67923,16.63864,MAN1,M1 7EL
28-03-2020 07:00,10.8,6.15771,18.65222,28.09391,MAN1,M1 7EL
28-03-2020 08:00,22.5,2.2181,12.66743,16.06847,MAN1,M1 7EL
28-03-2020 09:00,19.2,3.50923,11.15423,16.53497,MAN1,M1 7EL
28-03-2020 10:00,30,3.64165,11.52136,17.10515,MAN1,M1 7EL
28-03-2020 11:00,47.5,3.60855,11.36478,16.89781,MAN1,M1 7EL
28-03-2020 12:00,45.8,2.44984,7.80256,11.55893,MAN1,M1 7EL
28-03-2020 13:00,22.5,3.24438,11.61216,16.58681,MAN1,M1 7EL
28-03-2020 14:00,20,5.85975,16.72473,25.70955,MAN1,M1 7EL
28-03-2020 15:00,27.5,3.70787,11.10883,16.79414,MAN1,M1 7EL
28-03-2020 16:00,25,7.15088,15.72986,26.69439,MAN1,M1 7EL
28-03-2020 17:00,22.5,6.55498,16.33257,26.38339,MAN1,M1 7EL
28-03-2020 18:00,30,4.4362,14.24244,21.04451,MAN1,M1 7EL
28-03-2020 19:00,22.5,3.11196,14.51056,19.28217,MAN1,M1 7EL
28-03-2020 20:00,21.7,7.15088,17.90688,28.87141,MAN1,M1 7EL
28-03-2020 21:00,20.8,8.3758,21.62674,34.46946,MAN1,M1 7EL
28-03-2020 22:00,12.5,5.19763,15.14827,23.11786,MAN1,M1 7EL
28-03-2020 23:00,15.8,6.58808,20.73951,30.8411,MAN1,M1 7EL
29-03-2020 00:00,16.7,3.93961,12.41218,18.45283,MAN1,M1 7EL
29-03-2020 01:00,15.8,0.97253,7.29694,8.78813,MAN1,M1 7EL
29-03-2020 02:00,15.8,1.06094,5.27573,6.90249,MAN1,M1 7EL
29-03-2020 03:00,17.5,0.59678,4.03472,5.05144,MAN1,M1 7EL
29-03-2020 04:00,14.2,0.49732,3.28553,4.04808,MAN1,M1 7EL
29-03-2020 05:00,15,0.56363,3.80664,4.67086,MAN1,M1 7EL
29-03-2020 06:00,15.8,0.62994,4.48345,5.44933,MAN1,M1 7EL
29-03-2020 07:00,17.5,2.71867,10.36299,14.53155,MAN1,M1 7EL
29-03-2020 08:00,43.3,11.23936,22.41694,39.65038,MAN1,M1 7EL
29-03-2020 09:00,null,10.07896,18.59117,34.04536,MAN1,M1 7EL
29-03-2020 10:00,null,4.67478,11.67123,18.83912,MAN1,M1 7EL
29-03-2020 11:00,null,4.24377,10.72325,17.23027,MAN1,M1 7EL
29-03-2020 12:00,null,3.97854,13.20587,19.30621,MAN1,M1 7EL
29-03-2020 13:00,19.2,4.01169,12.37656,18.52773,MAN1,M1 7EL
29-03-2020 14:00,24.2,6.36566,11.933,21.69354,MAN1,M1 7EL
29-03-2020 15:00,14.2,8.75278,20.83221,34.25295,MAN1,M1 7EL
29-03-2020 16:00,11.7,7.95707,18.0561,30.25677,MAN1,M1 7EL
29-03-2020 17:00,20,5.6031,15.48956,24.08086,MAN1,M1 7EL
29-03-2020 18:00,19.2,28.74492,33.92838,78.00331,MAN1,M1 7EL
29-03-2020 19:00,18.3,38.59179,48.30835,107.4816,MAN1,M1 7EL
29-03-2020 20:00,17.5,45.65369,46.35488,116.35623,MAN1,M1 7EL
29-03-2020 21:00,13.3,30.27002,47.10754,93.52093,MAN1,M1 7EL
29-03-2020 22:00,19.2,90.41221,79.13559,217.76572,MAN1,M1 7EL
29-03-2020 23:00,18.3,49.56592,52.13715,128.13717,MAN1,M1 7EL
30-03-2020 00:00,11.7,24.1696,46.3931,83.45264,MAN1,M1 7EL
30-03-2020 01:00,17.5,17.53117,38.73124,65.612,MAN1,M1 7EL
30-03-2020 02:00,15.8,8.36715,37.10703,49.93648,MAN1,M1 7EL
30-03-2020 03:00,22.5,8.03512,41.56532,53.88567,MAN1,M1 7EL
30-03-2020 04:00,23.3,17.8632,52.99696,80.38682,MAN1,M1 7EL
30-03-2020 05:00,36.7,15.87102,47.84143,72.17666,MAN1,M1 7EL
30-03-2020 06:00,36.7,34.63071,64.38876,117.48843,MAN1,M1 7EL
30-03-2020 07:00,39.2,75.70279,66.0025,182.07849,MAN1,M1 7EL
30-03-2020 08:00,41.7,74.34147,65.95934,179.94801,MAN1,M1 7EL
30-03-2020 09:00,24.2,46.35136,49.48316,120.55425,MAN1,M1 7EL
30-03-2020 10:00,26.7,19.68937,40.27194,70.46188,MAN1,M1 7EL
30-03-2020 11:00,28.3,27.72449,44.47584,86.98613,MAN1,M1 7EL
30-03-2020 12:00,37.5,16.36907,33.15168,58.25057,MAN1,M1 7EL
30-03-2020 13:00,20.8,13.84564,35.87769,57.10738,MAN1,M1 7EL
30-03-2020 14:00,30,13.04877,36.68384,56.69168,MAN1,M1 7EL
30-03-2020 15:00,29.2,18.06242,44.1176,71.81292,MAN1,M1 7EL
30-03-2020 16:00,30.8,12.2187,38.21642,56.95149,MAN1,M1 7EL
30-03-2020 17:00,10,7.23825,27.45808,38.55658,MAN1,M1 7EL
30-03-2020 18:00,15.8,9.06441,28.65916,42.55773,MAN1,M1 7EL
30-03-2020 19:00,7.5,18.66007,32.49682,61.10854,MAN1,M1 7EL
30-03-2020 20:00,13.3,37.81819,46.71844,104.70553,MAN1,M1 7EL
30-03-2020 21:00,14.2,25.86512,42.65016,82.30945,MAN1,M1 7EL
30-03-2020 22:00,20,12.31831,30.32119,49.209,MAN1,M1 7EL
30-03-2020 23:00,19.2,21.61514,39.03391,72.17666,MAN1,M1 7EL
31-03-2020 00:00,18.3,22.74404,40.31681,75.19052,MAN1,M1 7EL
31-03-2020 01:00,10,12.36956,36.66854,55.63492,MAN1,M1 7EL
31-03-2020 02:00,9.2,13.06784,19.50396,39.54103,MAN1,M1 7EL
31-03-2020 03:00,6.7,7.91386,21.47547,33.60988,MAN1,M1 7EL
31-03-2020 04:00,4.2,13.4336,30.5453,51.1432,MAN1,M1 7EL
31-03-2020 05:00,5.8,1.19705,16.63437,18.46982,MAN1,M1 7EL
31-03-2020 06:00,14.2,3.72417,30.91717,36.62748,MAN1,M1 7EL
31-03-2020 07:00,7.5,22.04574,47.30814,81.11114,MAN1,M1 7EL
31-03-2020 08:00,7.5,20.54943,48.66597,80.17464,MAN1,M1 7EL
31-03-2020 09:00,18.3,9.70944,31.365,46.2526,MAN1,M1 7EL
31-03-2020 10:00,14.2,5.08748,25.86121,33.6619,MAN1,M1 7EL
31-03-2020 11:00,16.7,7.48159,21.56597,33.03757,MAN1,M1 7EL
31-03-2020 12:00,21.7,10.0087,27.36826,42.71472,MAN1,M1 7EL
31-03-2020 13:00,15,7.28208,29.36386,40.52956,MAN1,M1 7EL
31-03-2020 14:00,26.7,13.16759,43.28373,63.47376,MAN1,M1 7EL
31-03-2020 15:00,15,11.77103,28.04786,46.09652,MAN1,M1 7EL
31-03-2020 16:00,16.7,7.31533,28.4284,39.64509,MAN1,M1 7EL
31-03-2020 17:00,23.3,9.37692,33.74785,48.1256,MAN1,M1 7EL
31-03-2020 18:00,16.7,10.80674,30.35886,46.92896,MAN1,M1 7EL
31-03-2020 19:00,16.7,8.08011,31.62608,44.01541,MAN1,M1 7EL
31-03-2020 20:00,15,10.57398,30.24751,46.46071,MAN1,M1 7EL
31-03-2020 21:00,17.5,80.03635,56.15044,178.87113,MAN1,M1 7EL
31-03-2020 22:00,17.5,38.17272,51.6119,110.14258,MAN1,M1 7EL
31-03-2020 23:00,14.2,39.86854,42.03996,103.17087,MAN1,M1 7EL
