timestamp,PM₁₀ level  (µg/m³),NO level  (µg/m³),O₃ level  (µg/m³),NOx level  (µg/m³),NO₂ level  (µg/m³),StationName,PostCodes
01-02-2020 00:00,13.5,30.20585,31.94499,97.15312,50.83813,M60,M28 2AB
01-02-2020 01:00,24.2,14.01,47.41835,57.00742,35.52572,M60,M28 2AB
01-02-2020 02:00,24.2,10.33468,53.05863,49.24007,33.39379,M60,M28 2AB
01-02-2020 03:00,32.9,5.18462,57.70064,32.84429,24.89465,M60,M28 2AB
01-02-2020 04:00,31.9,4.87354,63.64041,27.51961,20.04695,M60,M28 2AB
01-02-2020 05:00,29,4.80442,59.64729,31.5263,24.15963,M60,M28 2AB
01-02-2020 06:00,25.1,4.5279,62.34265,26.51794,19.57525,M60,M28 2AB
01-02-2020 07:00,31.9,26.33787,36.03794,91.89019,51.50602,M60,M28 2AB
01-02-2020 08:00,28,16.90186,53.6576,60.04758,34.13175,M60,M28 2AB
01-02-2020 09:00,29,23.57274,49.96396,72.33124,36.18687,M60,M28 2AB
01-02-2020 10:00,19.3,9.78165,63.29101,36.1129,21.11458,M60,M28 2AB
01-02-2020 11:00,14.5,6.60175,69.2807,26.4125,16.28996,M60,M28 2AB
01-02-2020 12:00,24.2,11.06052,65.3874,38.22168,21.26245,M60,M28 2AB
01-02-2020 13:00,72.5,20.77304,59.6972,66.16305,34.31149,M60,M28 2AB
01-02-2020 14:00,50.2,20.9113,53.80734,70.11701,38.05347,M60,M28 2AB
01-02-2020 15:00,20.3,21.91366,55.65416,65.00322,31.40274,M60,M28 2AB
01-02-2020 16:00,8.7,16.27971,56.40287,55.61914,30.65727,M60,M28 2AB
01-02-2020 17:00,46.4,14.24042,58.00012,45.70786,23.87285,M60,M28 2AB
01-02-2020 18:00,13.5,1.52082,69.87967,11.22927,8.89737,M60,M28 2AB
01-02-2020 19:00,12.6,0.41477,70.67829,7.74978,7.1138,M60,M28 2AB
01-02-2020 20:00,17.4,4.87354,60.89514,24.14556,16.6729,M60,M28 2AB
01-02-2020 21:00,3.9,0.58759,65.88654,10.54391,9.64295,M60,M28 2AB
01-02-2020 22:00,29,31.17685,37.08614,93.62994,45.8261,M60,M28 2AB
01-02-2020 23:00,20.3,32.00639,27.15324,101.32699,52.25122,M60,M28 2AB
02-02-2020 00:00,26.1,53.02138,10.33221,158.94947,77.65115,M60,M28 2AB
02-02-2020 01:00,20.3,43.88206,8.8847,137.44329,70.15841,M60,M28 2AB
02-02-2020 02:00,16.4,26.12851,17.46992,96.3792,56.31605,M60,M28 2AB
02-02-2020 03:00,17.4,14.08517,28.0517,56.42353,34.82657,M60,M28 2AB
02-02-2020 04:00,8.7,9.41319,40.63004,37.94997,23.51662,M60,M28 2AB
02-02-2020 05:00,4.8,11.24737,39.03279,42.33085,25.08512,M60,M28 2AB
02-02-2020 06:00,6.8,12.83931,51.01216,44.65324,24.96657,M60,M28 2AB
02-02-2020 07:00,6.8,15.95397,52.70923,57.69029,33.22789,M60,M28 2AB
02-02-2020 08:00,7.7,25.78244,44.92264,85.55898,46.02646,M60,M28 2AB
02-02-2020 09:00,14.5,34.08819,33.69198,109.78573,57.5179,M60,M28 2AB
02-02-2020 10:00,16.4,49.93833,22.91055,151.79989,75.22885,M60,M28 2AB
02-02-2020 11:00,34.8,58.7978,15.92258,171.11795,80.96258,M60,M28 2AB
02-02-2020 12:00,18.4,78.14328,15.07404,199.72558,79.90756,M60,M28 2AB
02-02-2020 13:00,29,85.13395,14.67473,216.35178,85.81488,M60,M28 2AB
02-02-2020 14:00,26.1,41.56337,35.13949,117.49184,53.76224,M60,M28 2AB
02-02-2020 15:00,28,33.08458,41.62831,100.49617,49.76719,M60,M28 2AB
02-02-2020 16:00,30,47.86189,29.44929,142.03529,68.64807,M60,M28 2AB
02-02-2020 17:00,35.7,81.25794,26.45444,210.44024,85.84648,M60,M28 2AB
02-02-2020 18:00,33.8,75.78998,18.61794,213.55436,97.34467,M60,M28 2AB
02-02-2020 19:00,27.1,24.81343,41.02935,90.15098,52.10424,M60,M28 2AB
02-02-2020 20:00,26.1,40.97504,24.80728,138.92118,76.09365,M60,M28 2AB
02-02-2020 21:00,30,37.82578,28.60075,132.32348,74.32476,M60,M28 2AB
02-02-2020 22:00,27.1,25.50558,36.03794,95.85139,56.74338,M60,M28 2AB
02-02-2020 23:00,24.2,21.73338,35.98803,87.45911,54.13506,M60,M28 2AB
03-02-2020 00:00,20.3,14.95035,42.32711,66.5576,43.63405,M60,M28 2AB
03-02-2020 01:00,16.4,8.17751,57.00184,43.825,31.28632,M60,M28 2AB
03-02-2020 02:00,10.6,0.83161,78.36505,5.17868,3.90356,M60,M28 2AB
03-02-2020 03:00,11.6,0.65836,78.76437,3.27631,2.26684,M60,M28 2AB
03-02-2020 04:00,14.5,0.31185,79.81256,1.37393,0.89577,M60,M28 2AB
03-02-2020 05:00,18.4,0.2772,79.61291,2.21943,1.79439,M60,M28 2AB
03-02-2020 06:00,11.6,0.58906,77.76609,4.22749,3.32428,M60,M28 2AB
03-02-2020 07:00,27.1,4.98967,68.13267,21.08461,13.4339,M60,M28 2AB
03-02-2020 08:00,29,3.25714,70.42872,17.70262,12.7084,M60,M28 2AB
03-02-2020 09:00,16.4,10.29119,58.54918,44.12444,28.34484,M60,M28 2AB
03-02-2020 10:00,33.8,2.94529,66.785,21.34883,16.83279,M60,M28 2AB
03-02-2020 11:00,26.1,1.76717,74.67142,11.41423,8.7046,M60,M28 2AB
03-02-2020 12:00,26.1,2.32158,75.56987,11.88982,8.33011,M60,M28 2AB
03-02-2020 13:00,27.1,3.22249,71.72649,14.69053,9.74945,M60,M28 2AB
03-02-2020 14:00,22.2,3.04924,73.22391,13.89788,9.22244,M60,M28 2AB
03-02-2020 15:00,19.3,4.40061,69.18087,20.29196,13.54445,M60,M28 2AB
03-02-2020 16:00,8.7,1.17812,71.87623,12.36541,10.55899,M60,M28 2AB
03-02-2020 17:00,21.3,8.59332,61.54402,33.60856,20.43233,M60,M28 2AB
03-02-2020 18:00,18.4,8.93982,58.05004,38.10027,24.39274,M60,M28 2AB
03-02-2020 19:00,10.6,6.47964,67.43388,26.6332,16.69789,M60,M28 2AB
03-02-2020 20:00,12.6,12.64742,54.007,50.09577,30.70333,M60,M28 2AB
03-02-2020 21:00,17.4,1.69787,73.22391,11.88982,9.28645,M60,M28 2AB
03-02-2020 22:00,12.6,0.58906,74.9709,6.34124,5.43803,M60,M28 2AB
03-02-2020 23:00,12.6,0.2079,79.06385,2.37796,2.05919,M60,M28 2AB
04-02-2020 00:00,19.3,0.17325,78.31514,2.64218,2.37653,M60,M28 2AB
04-02-2020 01:00,15.5,0.27755,78.8642,2.96272,2.53715,M60,M28 2AB
04-02-2020 02:00,12.6,0.27755,79.41325,1.41082,0.98525,M60,M28 2AB
04-02-2020 03:00,10.6,0.20816,82.25835,0.68777,0.3686,M60,M28 2AB
04-02-2020 04:00,13.5,0.24286,84.80397,0.52906,0.15668,M60,M28 2AB
04-02-2020 05:00,21.3,0.20816,85.45285,0.84649,0.52732,M60,M28 2AB
04-02-2020 06:00,21.3,0.31224,85.35302,2.06332,1.58456,M60,M28 2AB
04-02-2020 07:00,17.4,0.45102,87.44941,3.59759,2.90604,M60,M28 2AB
04-02-2020 08:00,19.3,0.52041,86.7007,6.08415,5.28621,M60,M28 2AB
04-02-2020 09:00,22.2,0.41632,84.85388,6.18997,5.55161,M60,M28 2AB
04-02-2020 10:00,17.4,1.59591,74.67142,14.07291,11.62589,M60,M28 2AB
04-02-2020 11:00,31.9,2.15101,72.4752,16.82401,13.52585,M60,M28 2AB
04-02-2020 12:00,39.6,0.62449,76.01909,6.98355,6.02602,M60,M28 2AB
04-02-2020 13:00,42.5,0.79795,72.97434,6.34868,5.12517,M60,M28 2AB
04-02-2020 14:00,23.2,1.24897,71.7764,7.72423,5.80917,M60,M28 2AB
04-02-2020 15:00,20.3,1.14489,68.33233,9.89336,8.13789,M60,M28 2AB
04-02-2020 16:00,17.4,1.00612,66.4356,11.58635,10.04366,M60,M28 2AB
04-02-2020 17:00,18.4,0.86734,58.84866,16.61239,15.28248,M60,M28 2AB
04-02-2020 18:00,16.4,1.00612,39.68167,34.65322,33.11054,M60,M28 2AB
04-02-2020 19:00,26.1,40.14053,30.69714,112.10715,50.5592,M60,M28 2AB
04-02-2020 20:00,26.1,10.16523,37.18597,55.44516,39.85869,M60,M28 2AB
04-02-2020 21:00,25.1,13.35705,28.85032,66.0792,45.59868,M60,M28 2AB
04-02-2020 22:00,29,14.25908,28.80041,65.65596,43.79234,M60,M28 2AB
04-02-2020 23:00,20.3,8.1877,35.03966,41.26644,28.71214,M60,M28 2AB
05-02-2020 00:00,10.6,63.03832,8.78487,161.46815,64.81074,M60,M28 2AB
05-02-2020 01:00,25.1,1.85263,30.48432,34.60558,31.76493,M60,M28 2AB
05-02-2020 02:00,16.4,19.49892,10.42753,73.87232,43.9744,M60,M28 2AB
05-02-2020 03:00,20.3,15.59682,7.73334,70.44708,46.53229,M60,M28 2AB
05-02-2020 04:00,18.4,19.27892,4.83957,66.6334,37.0728,M60,M28 2AB
05-02-2020 05:00,16.4,11.08104,7.3342,51.48463,34.49395,M60,M28 2AB
05-02-2020 06:00,14.5,48.28414,12.57291,118.11803,44.08338,M60,M28 2AB
05-02-2020 07:00,23.2,149.99347,3.49248,300.11514,70.12837,M60,M28 2AB
05-02-2020 08:00,32.9,241.97649,3.49248,461.98452,90.95907,M60,M28 2AB
05-02-2020 09:00,22.2,163.64503,3.69205,321.09036,70.17149,M60,M28 2AB
05-02-2020 10:00,16.4,86.07777,4.73979,196.40433,64.42026,M60,M28 2AB
05-02-2020 11:00,null,null,5.83742,null,null,M60,M28 2AB
05-02-2020 12:00,58.9,147.31874,5.48818,309.01372,83.12815,M60,M28 2AB
05-02-2020 13:00,82.1,182.43763,5.58796,371.56861,91.83481,M60,M28 2AB
05-02-2020 14:00,52.2,90.90619,20.25636,202.54859,63.16105,M60,M28 2AB
05-02-2020 15:00,45.4,9.13578,48.5454,40.94405,26.93606,M60,M28 2AB
05-02-2020 16:00,37.7,4.27263,43.15701,38.61347,32.06221,M60,M28 2AB
05-02-2020 17:00,36.7,6.94736,24.34754,61.44256,50.7901,M60,M28 2AB
05-02-2020 18:00,9.7,27.92838,5.58796,111.4441,68.62118,M60,M28 2AB
05-02-2020 19:00,31.9,83.05567,3.84172,193.43814,66.08789,M60,M28 2AB
05-02-2020 20:00,38.6,183.91974,4.14108,355.59001,73.58368,M60,M28 2AB
05-02-2020 21:00,40.6,171.00923,3.9914,329.30036,67.08987,M60,M28 2AB
05-02-2020 22:00,38.6,182.47237,4.24086,349.85184,70.06478,M60,M28 2AB
05-02-2020 23:00,40.6,169.30712,4.09119,324.00359,64.40295,M60,M28 2AB
06-02-2020 00:00,45.4,206.26707,4.04129,383.64525,67.37349,M60,M28 2AB
06-02-2020 01:00,32.9,177.89431,4.09119,329.75029,56.98281,M60,M28 2AB
06-02-2020 02:00,36.7,155.19426,4.24086,282.77429,44.81308,M60,M28 2AB
06-02-2020 03:00,43.5,145.72046,4.29076,271.25988,47.82496,M60,M28 2AB
06-02-2020 04:00,32.9,87.45312,4.14108,175.57719,41.48428,M60,M28 2AB
06-02-2020 05:00,34.8,46.87098,4.04129,106.54367,34.67584,M60,M28 2AB
06-02-2020 06:00,27.1,47.87859,3.94151,104.42446,31.01165,M60,M28 2AB
06-02-2020 07:00,17.4,47.04471,3.9914,107.60328,35.46907,M60,M28 2AB
06-02-2020 08:00,29,128.34797,4.19097,247.25973,50.46226,M60,M28 2AB
06-02-2020 09:00,31.9,186.09413,4.24086,342.35963,57.01928,M60,M28 2AB
06-02-2020 10:00,55.1,227.12795,4.49033,426.75748,78.49948,M60,M28 2AB
06-02-2020 11:00,99.5,250.85878,5.53807,485.61875,100.97399,M60,M28 2AB
06-02-2020 12:00,98.6,205.6903,6.93506,415.20774,99.82035,M60,M28 2AB
06-02-2020 13:00,88.9,168.06148,8.88087,354.17427,96.48359,M60,M28 2AB
06-02-2020 14:00,78.3,157.46426,10.27786,343.68414,102.24231,M60,M28 2AB
06-02-2020 15:00,68.6,117.88973,11.42538,276.8758,96.11408,M60,M28 2AB
06-02-2020 16:00,61.8,116.25671,10.72689,275.86918,97.61137,M60,M28 2AB
06-02-2020 17:00,46.4,85.29893,5.58796,221.3523,90.56242,M60,M28 2AB
06-02-2020 18:00,30,64.34771,4.54022,171.44472,72.77961,M60,M28 2AB
06-02-2020 19:00,37.7,129.77251,4.19097,277.1407,78.15896,M60,M28 2AB
06-02-2020 20:00,45.4,156.83885,3.94151,323.65754,83.17465,M60,M28 2AB
06-02-2020 21:00,49.3,202.32003,3.89162,402.38648,92.16675,M60,M28 2AB
06-02-2020 22:00,43.5,213.12572,4.09119,412.29382,85.5056,M60,M28 2AB
06-02-2020 23:00,39.6,200.68702,3.94151,377.32672,69.61092,M60,M28 2AB
07-02-2020 00:00,35.7,140.30024,4.09119,271.89564,56.7716,M60,M28 2AB
07-02-2020 01:00,39.6,140.07846,4.24086,264.04726,49.26328,M60,M28 2AB
07-02-2020 02:00,26.1,83.03692,3.94151,171.34456,44.02306,M60,M28 2AB
07-02-2020 03:00,33.8,53.97168,3.94151,121.6193,38.86389,M60,M28 2AB
07-02-2020 04:00,32.9,24.70951,3.94151,79.27777,41.39039,M60,M28 2AB
07-02-2020 05:00,27.1,17.86313,3.94151,67.56628,40.17653,M60,M28 2AB
07-02-2020 06:00,30.9,29.22742,3.84172,82.1394,37.32465,M60,M28 2AB
07-02-2020 07:00,31.9,155.4857,3.9914,310.80489,72.39681,M60,M28 2AB
07-02-2020 08:00,45.4,138.90844,4.04129,269.73519,56.74523,M60,M28 2AB
07-02-2020 09:00,38.6,215.05264,4.09119,412.76373,83.02095,M60,M28 2AB
07-02-2020 10:00,102.4,171.50691,7.18452,351.23867,88.26508,M60,M28 2AB
07-02-2020 11:00,98.6,184.01805,7.68345,376.51641,94.35933,M60,M28 2AB
07-02-2020 12:00,71.5,143.07882,11.52517,307.89027,88.50581,M60,M28 2AB
07-02-2020 13:00,101.5,133.93873,13.07184,295.33089,89.96103,M60,M28 2AB
07-02-2020 14:00,58,111.66195,18.90926,255.63901,84.42641,M60,M28 2AB
07-02-2020 15:00,63.8,109.4725,16.6142,250.44568,82.59019,M60,M28 2AB
07-02-2020 16:00,55.1,93.10375,15.01764,220.61053,77.85343,M60,M28 2AB
07-02-2020 17:00,49.3,110.82787,9.52947,260.83234,90.89864,M60,M28 2AB
07-02-2020 18:00,47.3,100.74945,9.9785,241.27786,86.79753,M60,M28 2AB
07-02-2020 19:00,40.6,61.51312,15.41678,165.28567,70.96687,M60,M28 2AB
07-02-2020 20:00,38.6,56.12638,18.31055,155.11098,69.05174,M60,M28 2AB
07-02-2020 21:00,34.8,37.84621,22.45163,110.54373,52.5137,M60,M28 2AB
07-02-2020 22:00,33.8,29.40119,26.39313,94.00987,48.92868,M60,M28 2AB
07-02-2020 23:00,28,28.63662,28.43873,86.69681,42.78795,M60,M28 2AB
08-02-2020 00:00,27.1,15.81269,40.76217,55.8018,31.55601,M60,M28 2AB
08-02-2020 01:00,26.1,9.0843,50.79057,36.68007,22.751,M60,M28 2AB
08-02-2020 02:00,17.4,8.7251,56.37853,29.84231,16.46401,M60,M28 2AB
08-02-2020 03:00,19.3,4.51898,67.8538,21.36137,14.43237,M60,M28 2AB
08-02-2020 04:00,16.4,7.50845,66.35703,27.13901,15.62621,M60,M28 2AB
08-02-2020 05:00,11.6,3.19805,63.51315,19.45316,14.54956,M60,M28 2AB
08-02-2020 06:00,9.7,14.73882,41.80992,63.87208,41.27288,M60,M28 2AB
08-02-2020 07:00,4.8,31.31999,25.64475,107.38991,59.3666,M60,M28 2AB
08-02-2020 08:00,9.7,62.0838,8.73119,175.29044,80.09661,M60,M28 2AB
08-02-2020 09:00,15.5,92.11762,13.27141,227.44822,86.20318,M60,M28 2AB
08-02-2020 10:00,23.2,82.1411,17.76173,205.34477,79.39684,M60,M28 2AB
08-02-2020 11:00,67.6,76.19691,25.9441,191.82827,74.99464,M60,M28 2AB
08-02-2020 12:00,72.5,65.49041,32.92905,169.08875,68.67152,M60,M28 2AB
08-02-2020 13:00,46.4,64.44757,33.52776,162.14498,63.32675,M60,M28 2AB
08-02-2020 14:00,45.4,64.09996,32.97894,164.95429,66.66907,M60,M28 2AB
08-02-2020 15:00,36.7,58.39909,34.82497,158.48758,68.94355,M60,M28 2AB
08-02-2020 16:00,30.9,49.81304,40.86196,136.86118,60.48226,M60,M28 2AB
08-02-2020 17:00,30,52.52442,38.11787,151.06675,70.53043,M60,M28 2AB
08-02-2020 18:00,26.1,37.99417,44.10497,109.88118,51.62427,M60,M28 2AB
08-02-2020 19:00,33.8,30.79857,48.5953,91.64716,44.42335,M60,M28 2AB
08-02-2020 20:00,13.5,27.9829,46.5996,87.61872,44.7122,M60,M28 2AB
08-02-2020 21:00,13.5,21.23919,52.33723,66.57538,34.00907,M60,M28 2AB
08-02-2020 22:00,10.6,14.04359,57.12691,44.47193,22.93873,M60,M28 2AB
08-02-2020 23:00,5.8,12.02743,58.5738,35.99099,17.54919,M60,M28 2AB
09-02-2020 00:00,16.4,8.86415,63.81251,28.25213,14.66063,M60,M28 2AB
09-02-2020 01:00,13.5,5.56313,69.55015,17.74356,9.21355,M60,M28 2AB
09-02-2020 02:00,8.7,4.27666,71.39617,14.68615,8.1287,M60,M28 2AB
09-02-2020 03:00,7.7,2.99018,71.89509,10.70976,6.12488,M60,M28 2AB
09-02-2020 04:00,10.6,4.06804,71.14671,13.99691,7.75934,M60,M28 2AB
09-02-2020 05:00,19.3,2.95541,73.64133,10.49768,5.96611,M60,M28 2AB
09-02-2020 06:00,8.7,5.1459,71.04692,17.23104,9.34078,M60,M28 2AB
09-02-2020 07:00,7.7,5.38928,69.94929,17.92029,9.65684,M60,M28 2AB
09-02-2020 08:00,9.7,7.02345,67.70412,22.47989,11.71074,M60,M28 2AB
09-02-2020 09:00,8.7,7.85792,66.35703,23.27516,11.22652,M60,M28 2AB
09-02-2020 10:00,12.6,10.74379,61.06842,31.59908,15.1255,M60,M28 2AB
09-02-2020 11:00,8.7,14.32506,56.12906,42.67997,20.71519,M60,M28 2AB
09-02-2020 12:00,5.8,2.0514,84.91704,10.97485,7.82941,M60,M28 2AB
09-02-2020 13:00,6.8,10.53518,72.74327,41.40752,25.25381,M60,M28 2AB
09-02-2020 14:00,39.6,14.56844,64.36133,52.38237,30.0444,M60,M28 2AB
09-02-2020 15:00,43.5,18.60171,55.58025,68.28795,39.76572,M60,M28 2AB
09-02-2020 16:00,26.1,12.72566,65.30928,49.25427,29.74187,M60,M28 2AB
09-02-2020 17:00,25.1,9.77025,70.29853,36.05265,21.07181,M60,M28 2AB
09-02-2020 18:00,15.5,14.91614,54.63229,61.66063,38.78953,M60,M28 2AB
09-02-2020 19:00,7.7,5.00682,68.65208,20.2531,12.57609,M60,M28 2AB
09-02-2020 20:00,24.2,1.80802,69.2009,9.22524,6.45298,M60,M28 2AB
09-02-2020 21:00,16.4,3.09449,62.11616,12.40635,7.66153,M60,M28 2AB
09-02-2020 22:00,7.7,2.12094,68.90154,10.49768,7.24562,M60,M28 2AB
09-02-2020 23:00,18.4,0.90401,74.77223,3.34017,1.95405,M60,M28 2AB
10-02-2020 00:00,22.2,0.66062,80.67617,2.65093,1.63799,M60,M28 2AB
10-02-2020 01:00,9.7,0.60281,82.17295,1.48488,0.56058,M60,M28 2AB
10-02-2020 02:00,16.4,0.41733,82.17295,1.06063,0.42073,M60,M28 2AB
10-02-2020 03:00,20.3,0.24344,82.57209,1.27275,0.89948,M60,M28 2AB
10-02-2020 04:00,19.3,0.313,87.26198,0.58335,0.10342,M60,M28 2AB
10-02-2020 05:00,22.2,0.38256,86.26413,1.48488,0.8983,M60,M28 2AB
10-02-2020 06:00,23.2,2.85178,81.57424,10.02292,5.65026,M60,M28 2AB
10-02-2020 07:00,23.2,4.83411,75.58714,18.93218,11.51999,M60,M28 2AB
10-02-2020 08:00,17.4,11.85921,64.96004,41.73564,23.55177,M60,M28 2AB
10-02-2020 09:00,26.1,17.3541,63.51315,51.91765,25.30841,M60,M28 2AB
10-02-2020 10:00,28,11.92877,66.40692,41.84171,23.55119,M60,M28 2AB
10-02-2020 11:00,33.8,15.4761,60.5695,49.90247,26.17278,M60,M28 2AB
10-02-2020 12:00,82.1,18.46698,61.36778,53.19041,24.87476,M60,M28 2AB
10-02-2020 13:00,44.4,44.6894,45.55185,116.98707,48.46428,M60,M28 2AB
10-02-2020 14:00,43.5,55.40095,39.61465,145.67701,60.73008,M60,M28 2AB
10-02-2020 15:00,77.3,102.14224,21.60345,254.01998,97.40407,M60,M28 2AB
10-02-2020 16:00,29,93.41303,22.95055,232.5423,89.31099,M60,M28 2AB
10-02-2020 17:00,13.5,48.41062,47.8968,128.60093,54.37235,M60,M28 2AB
10-02-2020 18:00,11.6,15.54565,59.47186,53.03131,29.19498,M60,M28 2AB
10-02-2020 19:00,123.7,9.49432,67.45466,38.28861,23.73085,M60,M28 2AB
10-02-2020 20:00,19.3,6.22522,70.39832,28.796,19.2508,M60,M28 2AB
10-02-2020 21:00,24.2,7.79022,71.44606,32.61426,20.66943,M60,M28 2AB
10-02-2020 22:00,26.1,3.68644,74.14026,17.4473,11.79484,M60,M28 2AB
10-02-2020 23:00,26.1,2.12144,78.18155,9.91686,6.66402,M60,M28 2AB
11-02-2020 00:00,30.9,1.252,80.4766,5.99254,4.07283,M60,M28 2AB
11-02-2020 01:00,29,0.60296,81.77381,2.40466,1.48014,M60,M28 2AB
11-02-2020 02:00,24.2,1.15953,81.8237,4.4557,2.67778,M60,M28 2AB
11-02-2020 03:00,26.1,0.45222,83.8194,1.64437,0.95098,M60,M28 2AB
11-02-2020 04:00,25.1,0.45222,85.06671,1.11392,0.42053,M60,M28 2AB
11-02-2020 05:00,25.1,0.52179,83.91919,1.16697,0.3669,M60,M28 2AB
11-02-2020 06:00,26.1,0.83486,82.77166,3.60699,2.32689,M60,M28 2AB
11-02-2020 07:00,25.1,4.41781,76.73467,17.39844,10.62456,M60,M28 2AB
11-02-2020 08:00,23.2,3.44381,77.08391,14.53407,9.25363,M60,M28 2AB
11-02-2020 09:00,16.4,4.87003,74.28993,21.42979,13.96251,M60,M28 2AB
11-02-2020 10:00,12.6,5.04396,74.63918,19.36107,11.62711,M60,M28 2AB
11-02-2020 11:00,14.5,5.42661,75.73682,21.3237,13.00302,M60,M28 2AB
11-02-2020 12:00,24.2,1.00879,79.12951,7.79747,6.25068,M60,M28 2AB
11-02-2020 13:00,16.4,0.90444,79.07961,6.89572,5.50894,M60,M28 2AB
11-02-2020 14:00,20.3,1.77408,78.88004,8.16878,5.44856,M60,M28 2AB
11-02-2020 15:00,15.5,2.36544,76.13596,10.50272,6.87576,M60,M28 2AB
11-02-2020 16:00,21.3,1.42622,76.5351,9.12357,6.93673,M60,M28 2AB
11-02-2020 17:00,16.4,4.76567,72.89294,19.20194,11.89468,M60,M28 2AB
11-02-2020 18:00,12.6,2.19151,74.98843,14.90537,11.5451,M60,M28 2AB
11-02-2020 19:00,26.1,6.74847,75.13811,22.22545,11.87794,M60,M28 2AB
11-02-2020 20:00,51.2,3.7221,73.94069,18.03497,12.32784,M60,M28 2AB
11-02-2020 21:00,15.5,2.08716,74.58929,11.29838,8.09812,M60,M28 2AB
11-02-2020 22:00,19.3,1.66973,76.58499,9.17662,6.61641,M60,M28 2AB
11-02-2020 23:00,17.4,0.83486,77.13381,6.41833,5.13822,M60,M28 2AB
12-02-2020 00:00,14.5,0.93922,80.42671,3.71308,2.27296,M60,M28 2AB
12-02-2020 01:00,23.2,0.64949,81.42456,2.75895,1.76308,M60,M28 2AB
12-02-2020 02:00,18.4,0.55671,80.22714,3.34258,2.48897,M60,M28 2AB
12-02-2020 03:00,16.4,0.55671,80.37682,3.28952,2.43592,M60,M28 2AB
12-02-2020 04:00,21.3,1.87888,76.93424,7.95851,5.0776,M60,M28 2AB
12-02-2020 05:00,16.4,4.1753,69.99918,18.14541,11.74338,M60,M28 2AB
12-02-2020 06:00,17.4,10.12509,61.8667,35.70719,20.18227,M60,M28 2AB
12-02-2020 07:00,9.7,11.13412,62.81466,39.04977,21.97769,M60,M28 2AB
12-02-2020 08:00,11.6,4.45365,64.31143,23.92859,17.09976,M60,M28 2AB
12-02-2020 09:00,13.5,8.35059,58.32433,36.34387,23.53981,M60,M28 2AB
12-02-2020 10:00,23.2,10.26427,57.72562,43.13513,27.39681,M60,M28 2AB
12-02-2020 11:00,18.4,7.41115,71.64563,27.32422,15.96062,M60,M28 2AB
12-02-2020 12:00,18.4,3.13147,73.44176,13.84781,9.04629,M60,M28 2AB
12-02-2020 13:00,26.1,4.1405,72.24434,18.62292,12.27424,M60,M28 2AB
12-02-2020 14:00,16.4,5.01035,75.78671,17.45567,9.77323,M60,M28 2AB
12-02-2020 15:00,14.5,4.1753,75.188,14.85589,8.45386,M60,M28 2AB
12-02-2020 16:00,23.2,10.0903,69.55015,31.40959,15.93802,M60,M28 2AB
12-02-2020 17:00,16.4,21.12004,56.77767,69.45128,37.06768,M60,M28 2AB
12-02-2020 18:00,15.5,6.43691,51.8882,40.42924,30.55944,M60,M28 2AB
12-02-2020 19:00,40.6,90.46473,10.07829,237.42894,98.71828,M60,M28 2AB
12-02-2020 20:00,43.5,122.51012,5.18882,303.80292,115.95669,M60,M28 2AB
12-02-2020 21:00,36.7,70.5277,12.6727,200.71367,92.57271,M60,M28 2AB
12-02-2020 22:00,25.1,51.39093,16.36474,161.23945,82.44113,M60,M28 2AB
12-02-2020 23:00,18.4,26.6523,32.08088,92.90236,52.03607,M60,M28 2AB
13-02-2020 00:00,12.6,12.90862,43.80562,54.17094,34.378,M60,M28 2AB
13-02-2020 01:00,17.4,8.67738,51.2396,40.68659,27.38146,M60,M28 2AB
13-02-2020 02:00,8.7,3.34102,61.2181,18.36204,13.23921,M60,M28 2AB
13-02-2020 03:00,6.8,3.61944,67.90369,15.92084,10.37111,M60,M28 2AB
13-02-2020 04:00,6.8,6.78645,66.5067,18.68045,8.2747,M60,M28 2AB
13-02-2020 05:00,7.7,5.46396,66.95574,22.02383,13.64587,M60,M28 2AB
13-02-2020 06:00,14.5,33.72345,48.49551,95.68424,43.97568,M60,M28 2AB
13-02-2020 07:00,26.1,134.68497,17.81162,305.41476,98.90068,M60,M28 2AB
13-02-2020 08:00,29,230.21733,6.03699,482.29527,129.30029,M60,M28 2AB
13-02-2020 09:00,24.2,174.63803,5.43828,379.65893,111.88435,M60,M28 2AB
13-02-2020 10:00,25.1,163.6753,8.38194,359.3864,108.4211,M60,M28 2AB
13-02-2020 11:00,42.5,165.45022,14.56861,363.41968,109.73288,M60,M28 2AB
13-02-2020 12:00,13.5,26.48456,53.73422,79.44498,38.83589,M60,M28 2AB
13-02-2020 13:00,24.2,2.36656,59.72132,24.41195,20.78328,M60,M28 2AB
13-02-2020 14:00,13.5,2.61017,62.61509,23.24442,19.24221,M60,M28 2AB
13-02-2020 15:00,17.4,2.12294,67.60434,17.24758,13.99245,M60,M28 2AB
13-02-2020 16:00,16.4,1.98373,66.10756,20.1664,17.12472,M60,M28 2AB
13-02-2020 17:00,13.5,0.97446,67.35488,17.30065,15.80649,M60,M28 2AB
13-02-2020 18:00,18.4,0.52204,57.52605,23.61591,22.81547,M60,M28 2AB
13-02-2020 19:00,11.6,4.17628,36.42153,42.72092,36.31738,M60,M28 2AB
13-02-2020 20:00,6.8,48.16641,8.13248,146.52479,72.67066,M60,M28 2AB
13-02-2020 21:00,17.4,34.4891,9.62925,123.17422,70.29168,M60,M28 2AB
13-02-2020 22:00,16.4,11.51957,4.83957,72.8113,55.14821,M60,M28 2AB
13-02-2020 23:00,22.2,60.45163,3.79183,149.76202,57.07082,M60,M28 2AB
14-02-2020 00:00,19.3,109.73171,3.54237,221.77728,53.52434,M60,M28 2AB
14-02-2020 01:00,25.1,77.97554,3.84172,168.3059,48.74507,M60,M28 2AB
14-02-2020 02:00,21.3,83.68446,4.14108,173.82644,45.51206,M60,M28 2AB
14-02-2020 03:00,34.8,77.59262,4.39054,162.16606,43.19236,M60,M28 2AB
14-02-2020 04:00,30.9,78.88061,4.34065,166.25338,45.3048,M60,M28 2AB
14-02-2020 05:00,29,45.94987,4.83957,120.9212,50.46572,M60,M28 2AB
14-02-2020 06:00,32.9,57.92469,7.03484,143.42805,54.61143,M60,M28 2AB
14-02-2020 07:00,22.2,152.47003,5.93721,314.77732,80.99321,M60,M28 2AB
14-02-2020 08:00,20.3,213.3188,5.03914,420.25161,93.16735,M60,M28 2AB
14-02-2020 09:00,25.1,169.73604,9.13033,351.29786,91.03956,M60,M28 2AB
14-02-2020 10:00,48.3,120.40955,12.47313,267.16261,82.53721,M60,M28 2AB
14-02-2020 11:00,52.2,116.44115,14.11958,258.5633,80.02269,M60,M28 2AB
14-02-2020 12:00,48.3,117.34622,15.317,267.85268,87.92431,M60,M28 2AB
14-02-2020 13:00,52.2,91.69088,22.10238,216.57529,75.98457,M60,M28 2AB
14-02-2020 14:00,27.1,87.06108,24.49722,204.79105,71.29925,M60,M28 2AB
14-02-2020 15:00,43.5,136.59644,13.27141,295.7739,86.32896,M60,M28 2AB
14-02-2020 16:00,34.8,143.17562,11.72474,324.33211,104.79922,M60,M28 2AB
14-02-2020 17:00,31.9,128.90331,8.03269,302.51534,104.86635,M60,M28 2AB
14-02-2020 18:00,27.1,108.88727,11.07614,265.19857,98.24042,M60,M28 2AB
14-02-2020 19:00,31.9,159.11883,6.08689,368.54957,124.57076,M60,M28 2AB
14-02-2020 20:00,31.9,93.57065,11.47528,245.08042,101.60743,M60,M28 2AB
14-02-2020 21:00,30.9,74.98184,12.17377,212.06331,97.09276,M60,M28 2AB
14-02-2020 22:00,28,67.2539,12.22366,183.92975,80.80854,M60,M28 2AB
14-02-2020 23:00,25.1,56.14935,10.12818,163.86469,77.77022,M60,M28 2AB
15-02-2020 00:00,32.9,36.79471,22.40173,116.4623,60.04454,M60,M28 2AB
15-02-2020 01:00,19.3,29.66553,12.57291,100.52634,55.03982,M60,M28 2AB
15-02-2020 02:00,15.5,21.49474,12.52302,82.47407,49.51592,M60,M28 2AB
15-02-2020 03:00,20.3,18.76728,23.79872,69.7136,40.93751,M60,M28 2AB
15-02-2020 04:00,7.7,7.76457,19.75743,44.81209,32.90658,M60,M28 2AB
15-02-2020 05:00,33.8,12.63919,28.5884,53.78513,34.40531,M60,M28 2AB
15-02-2020 06:00,23.2,9.29659,19.45808,44.759,30.50442,M60,M28 2AB
15-02-2020 07:00,26.1,38.99694,21.50367,116.17163,56.37715,M60,M28 2AB
15-02-2020 08:00,16.4,31.02346,38.6168,91.48251,43.91386,M60,M28 2AB
15-02-2020 09:00,16.4,40.11114,28.68819,118.02995,56.52706,M60,M28 2AB
15-02-2020 10:00,22.2,40.94679,28.33894,111.87095,49.08674,M60,M28 2AB
15-02-2020 11:00,23.2,36.52482,33.2783,99.07508,43.07114,M60,M28 2AB
15-02-2020 12:00,19.3,44.39384,33.32819,117.71138,49.64178,M60,M28 2AB
15-02-2020 13:00,23.2,41.08606,35.87271,114.79117,51.79341,M60,M28 2AB
15-02-2020 14:00,17.4,42.2699,38.21766,115.74687,50.93393,M60,M28 2AB
15-02-2020 15:00,15.5,41.74762,41.51056,111.76476,47.75263,M60,M28 2AB
15-02-2020 16:00,13.5,31.61538,52.03788,93.34083,44.86459,M60,M28 2AB
15-02-2020 17:00,11.6,26.14884,48.69508,72.89929,32.80496,M60,M28 2AB
15-02-2020 18:00,12.6,27.22822,41.2611,79.00521,37.25585,M60,M28 2AB
15-02-2020 19:00,17.4,23.04998,46.74927,71.04097,35.69816,M60,M28 2AB
15-02-2020 20:00,14.5,15.70323,54.18326,59.99723,35.91928,M60,M28 2AB
15-02-2020 21:00,18.4,22.94552,41.66024,90.36751,55.18487,M60,M28 2AB
15-02-2020 22:00,13.5,13.19629,63.31358,51.39586,31.16184,M60,M28 2AB
15-02-2020 23:00,16.4,18.66282,49.19401,73.58953,44.9736,M60,M28 2AB
16-02-2020 00:00,13.5,21.06531,52.83616,76.19118,43.89148,M60,M28 2AB
16-02-2020 01:00,8.7,9.75153,72.34413,35.75913,20.80699,M60,M28 2AB
16-02-2020 02:00,7.7,4.96864,81.57424,21.88034,14.26187,M60,M28 2AB
16-02-2020 03:00,1.9,3.83096,86.61338,16.0385,10.16445,M60,M28 2AB
16-02-2020 04:00,13.5,2.78615,84.71747,15.61364,11.3416,M60,M28 2AB
16-02-2020 05:00,6.8,3.20407,85.71532,17.36619,12.45335,M60,M28 2AB
16-02-2020 06:00,6.8,4.00509,86.81295,16.7289,10.58784,M60,M28 2AB
16-02-2020 07:00,9.7,7.73157,82.67187,27.56285,15.70794,M60,M28 2AB
16-02-2020 08:00,17.4,6.58228,78.23144,27.1911,17.09841,M60,M28 2AB
16-02-2020 09:00,17.4,7.27882,68.70197,32.50186,21.34116,M60,M28 2AB
16-02-2020 10:00,25.1,19.22444,49.59315,80.29871,50.82164,M60,M28 2AB
16-02-2020 11:00,25.1,33.05072,51.8882,112.42882,61.75175,M60,M28 2AB
16-02-2020 12:00,37.7,38.48371,44.40433,124.59046,65.58292,M60,M28 2AB
16-02-2020 13:00,25.1,38.2051,49.04433,125.65261,67.07228,M60,M28 2AB
16-02-2020 14:00,40.6,37.26477,49.2439,121.35089,64.21238,M60,M28 2AB
16-02-2020 15:00,25.1,25.63259,58.5239,87.2027,47.89994,M60,M28 2AB
16-02-2020 16:00,24.2,38.7275,48.84476,111.79153,52.41018,M60,M28 2AB
16-02-2020 17:00,28,29.77699,48.99444,98.08976,52.43235,M60,M28 2AB
16-02-2020 18:00,16.4,22.67231,58.02498,78.22751,43.4638,M60,M28 2AB
16-02-2020 19:00,8.7,28.6277,52.98584,95.64681,51.75161,M60,M28 2AB
16-02-2020 20:00,24.2,31.48351,44.30454,107.54292,59.26888,M60,M28 2AB
16-02-2020 21:00,23.2,20.86131,47.94669,81.36086,49.37397,M60,M28 2AB
16-02-2020 22:00,23.2,22.81161,43.80562,82.10437,47.12705,M60,M28 2AB
16-02-2020 23:00,27.1,7.48778,53.58455,39.0341,27.55299,M60,M28 2AB
17-02-2020 00:00,33.8,4.87576,60.61939,32.02389,24.54782,M60,M28 2AB
17-02-2020 01:00,22.2,4.13376,67.45466,18.69836,12.36001,M60,M28 2AB
17-02-2020 02:00,22.2,1.67208,68.5523,16.85685,14.29303,M60,M28 2AB
17-02-2020 03:00,21.3,2.02044,67.2052,20.29197,17.19401,M60,M28 2AB
17-02-2020 04:00,17.4,2.71714,70.89724,15.4049,11.23868,M60,M28 2AB
17-02-2020 05:00,17.4,4.94658,64.5609,28.84434,21.25969,M60,M28 2AB
17-02-2020 06:00,31.9,22.32929,54.23315,70.96876,36.731,M60,M28 2AB
17-02-2020 07:00,38.6,87.0877,26.39313,214.18117,80.64856,M60,M28 2AB
17-02-2020 08:00,33.8,122.44531,15.01764,285.41553,97.66868,M60,M28 2AB
17-02-2020 09:00,46.4,146.168,12.87227,325.25578,101.13464,M60,M28 2AB
17-02-2020 10:00,35.7,116.52335,16.36474,266.92966,88.26302,M60,M28 2AB
17-02-2020 11:00,37.7,136.72769,13.72044,300.66107,91.01486,M60,M28 2AB
17-02-2020 12:00,23.2,16.12864,59.12261,46.26781,21.53757,M60,M28 2AB
17-02-2020 13:00,28,3.30933,73.04262,13.81129,8.73705,M60,M28 2AB
17-02-2020 14:00,24.2,3.06549,71.89509,12.21768,7.51733,M60,M28 2AB
17-02-2020 15:00,20.3,4.63307,70.89724,18.06091,10.95698,M60,M28 2AB
17-02-2020 16:00,21.3,7.45471,65.25939,25.8696,14.43921,M60,M28 2AB
17-02-2020 17:00,16.4,6.82768,64.31143,28.95058,18.48162,M60,M28 2AB
17-02-2020 18:00,17.4,19.08963,58.72347,57.42308,28.15273,M60,M28 2AB
17-02-2020 19:00,25.1,16.44216,57.42627,55.82947,30.61851,M60,M28 2AB
17-02-2020 20:00,10.6,17.10402,51.53895,60.55718,34.33137,M60,M28 2AB
17-02-2020 21:00,16.4,7.28053,58.22455,33.14709,21.98376,M60,M28 2AB
17-02-2020 22:00,14.5,7.2457,62.16606,28.7381,17.62819,M60,M28 2AB
17-02-2020 23:00,18.4,1.84626,67.05552,8.76485,5.93396,M60,M28 2AB
18-02-2020 00:00,13.5,2.02044,64.26154,11.47399,8.37604,M60,M28 2AB
18-02-2020 01:00,14.5,1.85831,63.36348,13.53122,10.68185,M60,M28 2AB
18-02-2020 02:00,16.4,1.99768,62.66498,14.23966,11.17659,M60,M28 2AB
18-02-2020 03:00,17.4,7.63068,46.25035,37.56506,25.86486,M60,M28 2AB
18-02-2020 04:00,19.3,9.75612,41.11142,46.91648,31.95731,M60,M28 2AB
18-02-2020 05:00,14.5,7.73521,48.74497,39.47785,27.61737,M60,M28 2AB
18-02-2020 06:00,21.3,26.23698,34.72518,88.51966,48.29018,M60,M28 2AB
18-02-2020 07:00,33.8,102.57859,17.9613,245.10274,87.81776,M60,M28 2AB
18-02-2020 08:00,36.7,165.54038,9.28001,363.05811,109.23306,M60,M28 2AB
18-02-2020 09:00,39.6,126.02811,15.11743,287.29038,94.04997,M60,M28 2AB
18-02-2020 10:00,47.3,156.82956,11.07614,355.88515,115.4165,M60,M28 2AB
18-02-2020 11:00,36.7,42.68301,44.90325,112.37639,46.93003,M60,M28 2AB
18-02-2020 12:00,26.1,40.94084,44.30454,114.18292,51.40783,M60,M28 2AB
18-02-2020 13:00,36.7,66.89908,32.87916,177.25184,74.67468,M60,M28 2AB
18-02-2020 14:00,15.5,24.18123,55.18111,76.45846,39.38109,M60,M28 2AB
18-02-2020 15:00,27.1,71.49839,33.17851,184.5842,74.95486,M60,M28 2AB
18-02-2020 16:00,12.6,17.45648,67.2052,50.47639,23.71017,M60,M28 2AB
18-02-2020 17:00,12.6,3.48433,71.04692,18.43717,13.09461,M60,M28 2AB
18-02-2020 18:00,11.6,0.69687,74.78886,10.20155,9.13303,M60,M28 2AB
18-02-2020 19:00,1,4.28572,69.79961,20.93442,14.36307,M60,M28 2AB
18-02-2020 20:00,14.5,18.78052,44.10497,72.47348,43.67707,M60,M28 2AB
18-02-2020 21:00,20.3,7.31709,59.32218,34.58961,23.37024,M60,M28 2AB
18-02-2020 22:00,21.3,1.18467,72.74327,7.54489,5.72842,M60,M28 2AB
18-02-2020 23:00,16.4,0.48781,74.93854,4.09125,3.34329,M60,M28 2AB
19-02-2020 00:00,16.4,0.27875,75.53725,2.55039,2.12298,M60,M28 2AB
19-02-2020 01:00,16.4,0.23234,75.23789,2.05497,1.69872,M60,M28 2AB
19-02-2020 02:00,26.1,1.0804,71.89509,4.9957,3.33912,M60,M28 2AB
19-02-2020 03:00,17.4,0.34851,74.38972,2.23212,1.69774,M60,M28 2AB
19-02-2020 04:00,18.4,0.13941,74.5394,1.91325,1.6995,M60,M28 2AB
19-02-2020 05:00,21.3,8.29465,51.43917,32.10004,19.38176,M60,M28 2AB
19-02-2020 06:00,21.3,13.34811,45.35228,47.29973,26.83291,M60,M28 2AB
19-02-2020 07:00,18.4,2.12594,57.72562,18.33529,15.07556,M60,M28 2AB
19-02-2020 08:00,24.2,77.64906,26.74238,181.38649,62.32626,M60,M28 2AB
19-02-2020 09:00,37.7,186.73413,6.43613,390.83394,104.51227,M60,M28 2AB
19-02-2020 10:00,41.5,136.29245,13.02194,284.15268,75.17384,M60,M28 2AB
19-02-2020 11:00,52.2,null,9.42968,null,null,M60,M28 2AB
19-02-2020 12:00,32.9,158.22564,8.6314,341.24895,98.63969,M60,M28 2AB
19-02-2020 13:00,42.5,145.64426,10.27786,310.15867,86.84059,M60,M28 2AB
19-02-2020 14:00,33.8,129.75199,11.07614,287.1997,88.24942,M60,M28 2AB
19-02-2020 15:00,22.2,116.8918,13.47098,264.40017,85.16857,M60,M28 2AB
19-02-2020 16:00,33.8,98.8736,16.21506,239.26223,87.65816,M60,M28 2AB
19-02-2020 17:00,26.1,101.52231,15.06754,236.07348,80.40811,M60,M28 2AB
19-02-2020 18:00,21.3,124.38487,12.27356,277.58032,86.85952,M60,M28 2AB
19-02-2020 19:00,23.2,125.46526,9.92861,296.60651,104.22912,M60,M28 2AB
19-02-2020 20:00,23.2,107.76072,12.77248,272.47833,107.24753,M60,M28 2AB
19-02-2020 21:00,22.2,55.51838,26.14367,163.42322,78.29623,M60,M28 2AB
19-02-2020 22:00,10.6,23.21107,44.85336,85.03322,49.44341,M60,M28 2AB
19-02-2020 23:00,9.7,13.2087,51.48906,56.54709,36.29403,M60,M28 2AB
20-02-2020 00:00,8.7,11.39643,51.83831,48.3095,30.83522,M60,M28 2AB
20-02-2020 01:00,4.8,7.33983,57.77552,35.48875,24.23451,M60,M28 2AB
20-02-2020 02:00,7.7,4.45964,64.21165,21.67576,14.83774,M60,M28 2AB
20-02-2020 03:00,5.8,3.10084,66.30713,14.71614,9.96158,M60,M28 2AB
20-02-2020 04:00,3.9,4.98226,71.09681,18.91316,11.27382,M60,M28 2AB
20-02-2020 05:00,4.8,7.52564,68.35273,28.58226,17.0431,M60,M28 2AB
20-02-2020 06:00,7.7,28.04696,51.58885,78.62776,35.62303,M60,M28 2AB
20-02-2020 07:00,14.5,71.07552,32.13077,179.25005,70.26911,M60,M28 2AB
20-02-2020 08:00,14.5,73.82795,32.97894,190.72545,77.52417,M60,M28 2AB
20-02-2020 09:00,21.3,88.94892,26.84217,218.67018,82.28374,M60,M28 2AB
20-02-2020 10:00,2.9,6.02748,83.22069,23.16332,13.9213,M60,M28 2AB
20-02-2020 11:00,null,3.90219,76.78456,21.03824,15.05497,M60,M28 2AB
20-02-2020 12:00,1.9,0.55746,84.31833,4.83455,3.97979,M60,M28 2AB
20-02-2020 13:00,14.5,3.76282,74.19015,18.32877,12.55919,M60,M28 2AB
20-02-2020 14:00,16.4,12.43822,68.00348,39.31388,20.24222,M60,M28 2AB
20-02-2020 15:00,16.4,1.25427,73.1923,6.80024,4.87705,M60,M28 2AB
20-02-2020 16:00,18.4,1.533,70.24864,8.34092,5.99035,M60,M28 2AB
20-02-2020 17:00,16.4,1.21943,68.95144,8.87219,7.00242,M60,M28 2AB
20-02-2020 18:00,21.3,0.62714,70.69767,7.96903,7.00743,M60,M28 2AB
20-02-2020 19:00,17.4,4.32028,64.81036,19.60381,12.97948,M60,M28 2AB
20-02-2020 20:00,21.3,5.85328,65.30928,23.96022,14.98532,M60,M28 2AB
20-02-2020 21:00,24.2,4.98226,64.41122,19.7632,12.12384,M60,M28 2AB
20-02-2020 22:00,31.9,12.92599,54.68218,47.28291,27.46334,M60,M28 2AB
20-02-2020 23:00,30,9.96451,56.27874,45.74223,30.46353,M60,M28 2AB
21-02-2020 00:00,25.1,8.0831,60.71917,37.7732,25.37929,M60,M28 2AB
21-02-2020 01:00,27.1,11.47082,49.19401,51.12527,33.53693,M60,M28 2AB
21-02-2020 02:00,19.3,8.63794,42.95744,45.35421,32.10954,M60,M28 2AB
21-02-2020 03:00,22.2,14.97708,39.36518,59.90579,36.94125,M60,M28 2AB
21-02-2020 04:00,24.2,13.20073,37.07013,57.3035,37.06267,M60,M28 2AB
21-02-2020 05:00,29,16.16132,44.00519,64.15443,39.37409,M60,M28 2AB
21-02-2020 06:00,34.8,32.32263,35.07443,100.69271,51.13204,M60,M28 2AB
21-02-2020 07:00,50.2,77.35836,22.40173,195.49044,76.87594,M60,M28 2AB
21-02-2020 08:00,36.7,108.11362,15.46668,263.46864,97.69673,M60,M28 2AB
21-02-2020 09:00,30.9,90.83774,17.91141,223.69077,84.40819,M60,M28 2AB
21-02-2020 10:00,30.9,81.50318,24.94625,206.21825,81.24845,M60,M28 2AB
21-02-2020 11:00,32.9,91.18604,22.20216,225.54955,85.73291,M60,M28 2AB
21-02-2020 12:00,30.9,107.76532,18.95915,267.66417,102.42632,M60,M28 2AB
21-02-2020 13:00,45.4,130.16128,15.16732,299.90071,100.32286,M60,M28 2AB
21-02-2020 14:00,44.4,140.15761,12.37334,326.13605,111.23071,M60,M28 2AB
21-02-2020 15:00,32.9,133.33085,14.01979,306.43299,101.99521,M60,M28 2AB
21-02-2020 16:00,33.8,140.7149,11.67485,327.88861,112.12878,M60,M28 2AB
21-02-2020 17:00,26.1,89.68833,21.55356,228.31117,90.79098,M60,M28 2AB
21-02-2020 18:00,21.3,60.9184,27.59055,170.15794,76.75102,M60,M28 2AB
21-02-2020 19:00,10.6,42.38862,40.16346,126.34386,61.34888,M60,M28 2AB
21-02-2020 20:00,16.4,34.09898,47.49766,104.99446,52.71008,M60,M28 2AB
21-02-2020 21:00,12.6,22.11732,54.08347,75.254,41.34125,M60,M28 2AB
21-02-2020 22:00,12.6,20.13198,54.38283,65.42902,34.56041,M60,M28 2AB
21-02-2020 23:00,37.7,17.55453,58.77337,61.87079,34.95421,M60,M28 2AB
22-02-2020 00:00,6.8,10.72777,65.75832,37.17558,20.72656,M60,M28 2AB
22-02-2020 01:00,9.7,6.1283,71.59574,21.3772,11.9806,M60,M28 2AB
22-02-2020 02:00,6.8,4.92121,73.24219,17.55479,10.00903,M60,M28 2AB
22-02-2020 03:00,3.9,3.72573,73.49165,15.71437,10.00166,M60,M28 2AB
22-02-2020 04:00,7.7,3.02933,71.54585,15.76746,11.12255,M60,M28 2AB
22-02-2020 05:00,7.7,2.05437,78.38112,9.07823,5.92824,M60,M28 2AB
22-02-2020 06:00,9.7,1.60172,84.01897,5.99907,3.54314,M60,M28 2AB
22-02-2020 07:00,13.5,0.5223,87.06241,3.02608,2.22523,M60,M28 2AB
22-02-2020 08:00,10.6,0.5223,86.91274,2.86681,2.06596,M60,M28 2AB
22-02-2020 09:00,5.8,1.46244,82.37252,8.60043,6.35806,M60,M28 2AB
22-02-2020 10:00,17.4,3.89983,80.5265,14.38714,8.40749,M60,M28 2AB
22-02-2020 11:00,30,5.46672,78.58069,19.4306,11.04841,M60,M28 2AB
22-02-2020 12:00,19.3,6.4765,74.14026,22.40359,12.47309,M60,M28 2AB
22-02-2020 13:00,16.4,6.89434,73.99058,26.65071,16.07954,M60,M28 2AB
22-02-2020 14:00,17.4,4.24803,77.48305,14.0686,7.55505,M60,M28 2AB
22-02-2020 15:00,16.4,3.30789,77.88219,11.41415,6.34212,M60,M28 2AB
22-02-2020 16:00,1.9,4.00429,69.69982,18.475,12.33517,M60,M28 2AB
22-02-2020 17:00,19.3,4.83997,72.89294,18.31573,10.89455,M60,M28 2AB
22-02-2020 18:00,19.3,19.63842,57.2267,60.7339,30.62207,M60,M28 2AB
22-02-2020 19:00,20.3,29.84065,42.10927,101.82484,56.06981,M60,M28 2AB
22-02-2020 20:00,24.2,39.41613,35.37378,121.68016,61.24294,M60,M28 2AB
22-02-2020 21:00,20.3,73.36553,10.07829,205.08309,92.59085,M60,M28 2AB
22-02-2020 22:00,33.8,33.46192,35.82282,114.77858,63.47101,M60,M28 2AB
22-02-2020 23:00,11.6,18.03671,49.94239,71.72334,44.06744,M60,M28 2AB
23-02-2020 00:00,18.4,26.6024,33.9269,103.20516,62.41538,M60,M28 2AB
23-02-2020 01:00,12.6,15.36254,41.51056,65.45322,41.89765,M60,M28 2AB
23-02-2020 02:00,8.7,18.10088,43.15701,78.49079,50.7365,M60,M28 2AB
23-02-2020 03:00,10.6,9.22449,57.42627,42.35,28.20599,M60,M28 2AB
23-02-2020 04:00,8.7,6.02202,58.67358,32.2136,22.97996,M60,M28 2AB
23-02-2020 05:00,8.7,5.11698,49.99229,36.56535,28.71943,M60,M28 2AB
23-02-2020 06:00,8.7,12.14847,42.6082,57.79342,39.16602,M60,M28 2AB
23-02-2020 07:00,11.6,4.90812,52.83616,33.32807,25.80239,M60,M28 2AB
23-02-2020 08:00,16.4,4.17713,36.07228,40.22719,33.82236,M60,M28 2AB
23-02-2020 09:00,14.5,3.16765,61.01853,23.03246,18.17546,M60,M28 2AB
23-02-2020 10:00,5.8,0.66138,79.07961,5.5193,4.5052,M60,M28 2AB
23-02-2020 11:00,8.7,0.41771,78.97983,2.86579,2.22531,M60,M28 2AB
23-02-2020 12:00,8.7,0.87024,76.73467,4.03333,2.69899,M60,M28 2AB
23-02-2020 13:00,22.2,0.97466,80.97553,3.18421,1.68975,M60,M28 2AB
23-02-2020 14:00,23.2,0.80062,83.96908,2.22895,1.00135,M60,M28 2AB
23-02-2020 15:00,5.8,0.55695,82.72177,2.33509,1.48111,M60,M28 2AB
23-02-2020 16:00,20.3,0.62657,79.67832,3.92719,2.96647,M60,M28 2AB
23-02-2020 17:00,32.9,0.52214,75.188,6.42149,5.62089,M60,M28 2AB
23-02-2020 18:00,25.1,2.78475,70.04907,16.5579,12.288,M60,M28 2AB
23-02-2020 19:00,25.1,0.41771,64.86025,13.58597,12.94548,M60,M28 2AB
23-02-2020 20:00,30.9,40.86621,28.48862,124.13115,61.4705,M60,M28 2AB
23-02-2020 21:00,40.6,68.05233,10.57721,193.81229,89.46683,M60,M28 2AB
23-02-2020 22:00,30,36.51504,8.13248,135.0636,79.07466,M60,M28 2AB
23-02-2020 23:00,28,18.76226,6.33635,96.11009,67.3417,M60,M28 2AB
24-02-2020 00:00,23.2,14.16742,24.19786,66.33772,44.61465,M60,M28 2AB
24-02-2020 01:00,18.4,24.3128,22.00259,91.88482,54.60571,M60,M28 2AB
24-02-2020 02:00,18.4,7.27296,40.86196,36.18097,25.02926,M60,M28 2AB
24-02-2020 03:00,7.7,5.18503,69.64993,21.75103,13.80076,M60,M28 2AB
24-02-2020 04:00,5.8,5.21983,73.39187,17.13556,9.13194,M60,M28 2AB
24-02-2020 05:00,10.6,20.74012,50.591,63.71459,31.91352,M60,M28 2AB
24-02-2020 06:00,17.4,50.77153,29.98539,142.65489,64.8063,M60,M28 2AB
24-02-2020 07:00,20.3,119.88206,15.26711,278.73143,94.91483,M60,M28 2AB
24-02-2020 08:00,16.4,147.61675,8.23226,325.20435,98.86182,M60,M28 2AB
24-02-2020 09:00,21.3,123.67514,10.6271,271.78171,82.14915,M60,M28 2AB
24-02-2020 10:00,24.2,210.1851,6.13678,416.98307,94.70375,M60,M28 2AB
24-02-2020 11:00,32.9,205.03487,6.38624,416.0812,101.69879,M60,M28 2AB
24-02-2020 12:00,39.6,99.28114,17.66195,235.44159,83.21263,M60,M28 2AB
24-02-2020 13:00,16.4,26.41233,46.69938,74.64315,34.14481,M60,M28 2AB
24-02-2020 14:00,17.4,43.46377,39.21551,112.78702,46.1435,M60,M28 2AB
24-02-2020 15:00,13.5,5.21983,67.15531,17.45387,9.45025,M60,M28 2AB
24-02-2020 16:00,13.5,1.04397,68.60219,7.42718,5.82645,M60,M28 2AB
24-02-2020 17:00,10.6,0.93957,70.09896,6.36615,4.9255,M60,M28 2AB
24-02-2020 18:00,12.6,0.80037,74.5394,7.05582,5.8286,M60,M28 2AB
24-02-2020 19:00,6.8,1.04397,77.43316,7.63938,6.03866,M60,M28 2AB
24-02-2020 20:00,13.5,0.48718,81.02542,5.88869,5.14169,M60,M28 2AB
24-02-2020 21:00,16.4,0.62638,80.4766,5.67649,4.71605,M60,M28 2AB
24-02-2020 22:00,15.5,0.52198,80.67617,4.93377,4.13341,M60,M28 2AB
24-02-2020 23:00,13.5,0.41759,83.52005,3.55444,2.91415,M60,M28 2AB
25-02-2020 00:00,16.4,0.90477,80.42671,5.88869,4.5014,M60,M28 2AB
25-02-2020 01:00,16.4,0.27831,80.62628,2.82839,2.40166,M60,M28 2AB
25-02-2020 02:00,20.3,0.74215,76.43531,4.3133,3.17535,M60,M28 2AB
25-02-2020 03:00,12.6,1.70463,74.33983,8.75034,6.13662,M60,M28 2AB
25-02-2020 04:00,9.7,3.54841,70.79746,18.61437,13.17355,M60,M28 2AB
25-02-2020 05:00,22.2,14.15885,42.5583,57.69923,35.9893,M60,M28 2AB
25-02-2020 06:00,30.9,30.85725,41.11142,91.00357,43.68978,M60,M28 2AB
25-02-2020 07:00,19.3,118.1064,23.69894,263.30579,82.21183,M60,M28 2AB
25-02-2020 08:00,7.7,52.77391,48.79487,132.95219,52.03333,M60,M28 2AB
25-02-2020 09:00,10.6,29.43093,55.68003,85.27607,40.14928,M60,M28 2AB
25-02-2020 10:00,25.1,14.47195,60.41982,50.59289,28.40288,M60,M28 2AB
25-02-2020 11:00,22.2,7.96653,73.69122,27.41774,15.20257,M60,M28 2AB
25-02-2020 12:00,29,8.83624,70.19875,33.8877,20.33899,M60,M28 2AB
25-02-2020 13:00,25.1,25.77816,56.42842,76.73786,37.21191,M60,M28 2AB
25-02-2020 14:00,8.7,1.46111,81.67402,9.38673,7.1464,M60,M28 2AB
25-02-2020 15:00,11.6,3.47883,78.13166,16.17488,10.84074,M60,M28 2AB
25-02-2020 16:00,13.5,3.86151,75.53725,18.24314,12.32225,M60,M28 2AB
25-02-2020 17:00,15.5,26.12604,47.49766,88.45802,48.39865,M60,M28 2AB
25-02-2020 18:00,24.2,9.07976,44.00519,55.20671,41.28461,M60,M28 2AB
25-02-2020 19:00,21.3,7.54907,50.591,44.60024,33.02516,M60,M28 2AB
25-02-2020 20:00,7.7,7.96653,74.88864,28.95568,16.74051,M60,M28 2AB
25-02-2020 21:00,31.9,36.73648,42.25895,117.04247,60.71398,M60,M28 2AB
25-02-2020 22:00,13.5,1.84378,78.03187,9.54583,6.71874,M60,M28 2AB
25-02-2020 23:00,8.7,13.14999,59.77122,49.00192,28.83889,M60,M28 2AB
26-02-2020 00:00,19.3,1.1828,73.69122,9.70493,7.89132,M60,M28 2AB
26-02-2020 01:00,10.6,0.18548,84.71747,1.62575,1.34135,M60,M28 2AB
26-02-2020 02:00,9.7,0.60282,80.92564,3.46355,2.53924,M60,M28 2AB
26-02-2020 03:00,21.3,0.313,81.07531,2.27958,1.79965,M60,M28 2AB
26-02-2020 04:00,12.6,0.24344,81.42456,1.64342,1.27014,M60,M28 2AB
26-02-2020 05:00,10.6,0.24344,83.61983,2.01451,1.64124,M60,M28 2AB
26-02-2020 06:00,7.7,0.17389,83.47015,2.59766,2.33104,M60,M28 2AB
26-02-2020 07:00,16.4,0.27822,78.73037,6.99778,6.57118,M60,M28 2AB
26-02-2020 08:00,12.6,0.59122,72.09466,14.5257,13.61917,M60,M28 2AB
26-02-2020 09:00,13.5,0.97378,68.05337,18.55472,17.06161,M60,M28 2AB
26-02-2020 10:00,9.7,0.90422,72.79316,15.95706,14.5706,M60,M28 2AB
26-02-2020 11:00,15.5,1.73889,77.38327,13.3594,10.69314,M60,M28 2AB
26-02-2020 12:00,12.6,1.00856,84.01897,7.63394,6.08751,M60,M28 2AB
26-02-2020 13:00,17.4,0.79989,84.31833,3.33985,2.11337,M60,M28 2AB
26-02-2020 14:00,24.2,1.14767,82.22284,5.77847,4.01874,M60,M28 2AB
26-02-2020 15:00,19.3,1.00856,81.1751,6.14957,4.60313,M60,M28 2AB
26-02-2020 16:00,20.3,1.66934,77.48305,10.6027,8.04309,M60,M28 2AB
26-02-2020 17:00,14.5,1.32156,74.68907,11.3979,9.37154,M60,M28 2AB
26-02-2020 18:00,20.3,2.817,66.70627,19.72102,15.40167,M60,M28 2AB
26-02-2020 19:00,30,47.92383,22.35184,149.60406,76.12188,M60,M28 2AB
26-02-2020 20:00,34.8,97.6561,5.68775,250.22366,100.48639,M60,M28 2AB
26-02-2020 21:00,33.8,103.04667,6.78538,260.66732,102.66464,M60,M28 2AB
26-02-2020 22:00,39.6,73.58986,13.77033,198.27045,85.43424,M60,M28 2AB
26-02-2020 23:00,26.1,63.19129,12.82237,176.32286,79.4309,M60,M28 2AB
27-02-2020 00:00,24.2,42.22027,17.06324,133.647,68.91016,M60,M28 2AB
27-02-2020 01:00,24.2,33.42296,19.957,112.56051,61.31269,M60,M28 2AB
27-02-2020 02:00,17.4,19.19155,24.24776,79.42123,49.9946,M60,M28 2AB
27-02-2020 03:00,16.4,13.80262,38.11787,60.62581,39.4621,M60,M28 2AB
27-02-2020 04:00,23.2,15.26284,40.11357,55.27336,31.87066,M60,M28 2AB
27-02-2020 05:00,8.7,11.95995,46.64949,44.35647,26.01814,M60,M28 2AB
27-02-2020 06:00,6.8,14.39366,33.42798,58.71801,36.64804,M60,M28 2AB
27-02-2020 07:00,9.7,14.11552,21.75313,69.05195,47.40846,M60,M28 2AB
27-02-2020 08:00,15.5,14.42843,14.01979,81.08173,58.95845,M60,M28 2AB
27-02-2020 09:00,19.3,9.21333,30.48432,61.10277,46.97585,M60,M28 2AB
27-02-2020 10:00,16.4,5.56277,61.51745,33.81055,25.28109,M60,M28 2AB
27-02-2020 11:00,14.5,2.15557,77.68262,13.56662,10.26145,M60,M28 2AB
27-02-2020 12:00,14.5,1.21686,84.41811,7.10128,5.23546,M60,M28 2AB
27-02-2020 13:00,8.7,1.14732,85.21639,5.24646,3.48726,M60,M28 2AB
27-02-2020 14:00,14.5,0.93872,87.91059,3.81561,2.37626,M60,M28 2AB
27-02-2020 15:00,12.6,1.00825,82.87144,6.35935,4.81339,M60,M28 2AB
27-02-2020 16:00,16.4,1.04302,81.12521,8.16117,6.5619,M60,M28 2AB
27-02-2020 17:00,15.5,0.73011,81.42456,6.62432,5.50483,M60,M28 2AB
27-02-2020 18:00,23.2,0.62581,72.64348,12.82469,11.86513,M60,M28 2AB
27-02-2020 19:00,21.3,5.528,59.07272,32.69766,24.22151,M60,M28 2AB
27-02-2020 20:00,25.1,19.78259,26.34324,92.68754,62.35466,M60,M28 2AB
27-02-2020 21:00,19.3,17.83562,31.23271,78.74996,51.40239,M60,M28 2AB
27-02-2020 22:00,17.4,23.85036,32.52991,87.01712,50.44707,M60,M28 2AB
27-02-2020 23:00,19.3,62.54636,12.27356,171.38451,75.48143,M60,M28 2AB
28-02-2020 00:00,20.3,81.35547,5.03914,208.16276,83.41944,M60,M28 2AB
28-02-2020 01:00,21.3,37.21292,4.73979,116.26399,59.20498,M60,M28 2AB
28-02-2020 02:00,22.2,37.07389,6.18667,107.78788,50.94204,M60,M28 2AB
28-02-2020 03:00,15.5,22.48763,8.33205,77.60939,43.12884,M60,M28 2AB
28-02-2020 04:00,19.3,15.22347,19.45808,62.40537,39.06305,M60,M28 2AB
28-02-2020 05:00,14.5,34.54823,16.41463,100.33597,47.36275,M60,M28 2AB
28-02-2020 06:00,12.6,58.25235,20.85507,146.15994,56.84092,M60,M28 2AB
28-02-2020 07:00,27.1,141.49482,11.37549,301.43171,84.476,M60,M28 2AB
28-02-2020 08:00,30,152.06088,11.77463,335.28317,102.12641,M60,M28 2AB
28-02-2020 09:00,32.9,113.1333,20.70539,260.37554,86.90691,M60,M28 2AB
28-02-2020 10:00,40.6,105.93864,21.05464,250.52206,88.08507,M60,M28 2AB
28-02-2020 11:00,27.1,80.5662,30.43443,192.19582,68.66271,M60,M28 2AB
28-02-2020 12:00,22.2,95.40734,25.39528,232.98711,86.69789,M60,M28 2AB
28-02-2020 13:00,22.2,111.67351,21.25421,257.88568,86.65535,M60,M28 2AB
28-02-2020 14:00,27.1,118.5206,18.36044,268.85165,87.12261,M60,M28 2AB
28-02-2020 15:00,30.9,157.13537,10.32775,347.46758,106.53004,M60,M28 2AB
28-02-2020 16:00,26.1,151.81758,11.12603,329.72073,96.93701,M60,M28 2AB
28-02-2020 17:00,43.5,164.53856,8.03269,353.18896,100.90001,M60,M28 2AB
28-02-2020 18:00,32.9,168.77889,6.78538,362.93649,104.1458,M60,M28 2AB
28-02-2020 19:00,28,131.90195,8.38194,296.92877,94.68193,M60,M28 2AB
28-02-2020 20:00,19.3,83.72907,12.02409,214.39264,86.00986,M60,M28 2AB
28-02-2020 21:00,16.4,45.32283,25.74453,134.34636,64.85232,M60,M28 2AB
28-02-2020 22:00,23.2,74.24047,14.96775,192.35475,78.52095,M60,M28 2AB
28-02-2020 23:00,13.5,44.3844,30.5841,125.44645,57.39132,M60,M28 2AB
29-02-2020 00:00,16.4,17.58693,46.10067,60.8161,33.84985,M60,M28 2AB
29-02-2020 01:00,7.7,12.27701,52.18756,47.09625,28.27176,M60,M28 2AB
29-02-2020 02:00,8.7,7.22722,56.12906,24.28952,13.20794,M60,M28 2AB
29-02-2020 03:00,5.8,5.80262,55.33078,23.88352,14.98628,M60,M28 2AB
29-02-2020 04:00,7.7,4.48227,59.72132,15.99295,9.12024,M60,M28 2AB
29-02-2020 05:00,7.7,4.16955,73.59144,14.51016,8.11694,M60,M28 2AB
29-02-2020 06:00,9.7,2.60597,78.38112,15.41043,11.41466,M60,M28 2AB
29-02-2020 07:00,15.5,21.85539,44.45422,87.11393,53.6028,M60,M28 2AB
29-02-2020 08:00,13.5,22.37659,53.03573,66.99035,32.68006,M60,M28 2AB
29-02-2020 09:00,6.8,6.18483,74.24004,26.79614,17.31286,M60,M28 2AB
29-02-2020 10:00,25.1,31.58434,46.5996,95.11041,46.68176,M60,M28 2AB
29-02-2020 11:00,30,19.4579,57.37638,62.01241,32.17738,M60,M28 2AB
29-02-2020 12:00,23.2,26.75461,54.33293,75.99301,34.96984,M60,M28 2AB
29-02-2020 13:00,25.1,34.91998,55.33078,95.11041,41.56718,M60,M28 2AB
29-02-2020 14:00,24.2,46.31675,48.09637,129.90303,58.885,M60,M28 2AB
29-02-2020 15:00,25.1,49.89562,47.69723,132.70974,56.20419,M60,M28 2AB
29-02-2020 16:00,16.4,45.96929,51.18971,131.80947,61.32421,M60,M28 2AB
29-02-2020 17:00,14.5,40.82685,50.84046,121.1122,58.51191,M60,M28 2AB
29-02-2020 18:00,3.9,37.45646,51.38928,110.5738,53.14136,M60,M28 2AB
29-02-2020 19:00,8.7,35.05897,54.43272,103.5835,49.82716,M60,M28 2AB
29-02-2020 20:00,12.6,27.13682,56.92734,84.51905,42.90984,M60,M28 2AB
29-02-2020 21:00,29,25.81646,52.88605,82.66556,43.08087,M60,M28 2AB
29-02-2020 22:00,34.8,17.44262,52.68648,67.7847,41.03973,M60,M28 2AB
29-02-2020 23:00,32.9,11.84847,58.82326,48.50843,30.34103,M60,M28 2AB
01-03-2020 00:00,31.9,17.44262,50.79057,72.0742,45.32923,M60,M28 2AB
01-03-2020 01:00,23.2,9.95758,55.8796,49.12637,33.8583,M60,M28 2AB
01-03-2020 02:00,17.4,6.35664,61.11831,34.7802,25.03349,M60,M28 2AB
01-03-2020 03:00,42.5,5.00195,60.46971,30.28048,22.61094,M60,M28 2AB
01-03-2020 04:00,19.3,2.77886,61.8667,23.98087,19.72001,M60,M28 2AB
01-03-2020 05:00,22.2,3.85567,59.92089,27.84534,21.9334,M60,M28 2AB
01-03-2020 06:00,12.6,5.48825,57.82541,32.45094,24.03574,M60,M28 2AB
01-03-2020 07:00,16.4,7.43345,58.97294,34.46258,23.06478,M60,M28 2AB
01-03-2020 08:00,16.4,11.18491,61.51745,42.8797,25.72975,M60,M28 2AB
01-03-2020 09:00,19.3,13.09537,60.66928,43.03851,22.95923,M60,M28 2AB
01-03-2020 10:00,33.8,15.70055,60.76907,48.70287,24.62903,M60,M28 2AB
01-03-2020 11:00,26.1,15.4574,62.96434,46.26773,22.56671,M60,M28 2AB
01-03-2020 12:00,25.1,25.14867,58.87315,74.166,35.60525,M60,M28 2AB
01-03-2020 13:00,89.9,22.89085,58.77337,70.6721,35.57329,M60,M28 2AB
01-03-2020 14:00,27.1,14.86689,66.25724,48.01468,25.21909,M60,M28 2AB
01-03-2020 15:00,8.7,7.01662,70.84735,25.03963,14.28097,M60,M28 2AB
01-03-2020 16:00,17.4,17.19419,61.2181,58.81401,32.44996,M60,M28 2AB
01-03-2020 17:00,22.2,36.88935,48.5454,116.14576,59.58288,M60,M28 2AB
01-03-2020 18:00,24.2,52.62463,40.5626,157.86082,77.17085,M60,M28 2AB
01-03-2020 19:00,17.4,19.93831,58.17466,65.80181,35.23016,M60,M28 2AB
01-03-2020 20:00,24.2,44.14911,28.93765,133.45645,65.76209,M60,M28 2AB
01-03-2020 21:00,47.3,67.38732,19.55786,193.96447,90.63869,M60,M28 2AB
01-03-2020 22:00,58,47.10165,22.00259,149.17901,76.95748,M60,M28 2AB
01-03-2020 23:00,21.3,31.8874,25.74453,114.18706,65.29372,M60,M28 2AB
02-03-2020 00:00,10.6,26.01706,18.70969,98.67625,58.78398,M60,M28 2AB
02-03-2020 01:00,14.5,15.881,21.50367,79.37851,55.02799,M60,M28 2AB
02-03-2020 02:00,12.6,33.50983,18.70969,106.31428,54.93326,M60,M28 2AB
02-03-2020 03:00,7.7,0.34725,29.98539,15.66403,15.13158,M60,M28 2AB
02-03-2020 04:00,2.9,0.31253,18.26066,15.66403,15.18483,M60,M28 2AB
02-03-2020 05:00,8.7,1.70154,11.07614,32.80978,30.2008,M60,M28 2AB
02-03-2020 06:00,11.6,7.709,6.18667,50.85517,39.03487,M60,M28 2AB
02-03-2020 07:00,14.5,28.71775,3.59226,83.2416,39.20833,M60,M28 2AB
02-03-2020 08:00,24.2,94.904,4.09119,197.91708,52.39965,M60,M28 2AB
02-03-2020 09:00,55.1,282.2465,4.34065,523.79232,91.02038,M60,M28 2AB
02-03-2020 10:00,40.6,126.22614,12.42323,277.8777,84.33365,M60,M28 2AB
02-03-2020 11:00,34.8,53.06012,40.5626,137.69525,56.33754,M60,M28 2AB
02-03-2020 12:00,13.5,4.1323,76.83445,17.19868,10.86257,M60,M28 2AB
02-03-2020 13:00,26.1,2.43076,80.32693,12.17137,8.44425,M60,M28 2AB
02-03-2020 14:00,14.5,5.34768,78.33123,20.74425,12.54459,M60,M28 2AB
02-03-2020 15:00,15.5,3.8545,78.33123,17.83371,11.92356,M60,M28 2AB
02-03-2020 16:00,13.5,2.74329,78.58069,15.55819,11.35187,M60,M28 2AB
02-03-2020 17:00,13.5,1.07648,80.37682,10.16045,8.50987,M60,M28 2AB
02-03-2020 18:00,10.6,6.21581,64.96004,31.59265,22.06187,M60,M28 2AB
02-03-2020 19:00,27.1,27.01621,27.54066,110.44196,69.01768,M60,M28 2AB
02-03-2020 20:00,34.8,79.69436,7.18452,225.64664,103.45033,M60,M28 2AB
02-03-2020 21:00,23.2,47.19156,7.78323,160.45043,88.09104,M60,M28 2AB
02-03-2020 22:00,23.2,43.51069,23.39958,137.16606,70.45061,M60,M28 2AB
02-03-2020 23:00,34.8,41.323,25.04604,129.28113,65.92008,M60,M28 2AB
03-03-2020 00:00,25.1,28.33577,15.21721,104.99131,61.54373,M60,M28 2AB
03-03-2020 01:00,19.3,18.00535,35.67314,72.15575,44.54793,M60,M28 2AB
03-03-2020 02:00,10.6,15.18189,36.07228,58.33119,35.05261,M60,M28 2AB
03-03-2020 03:00,10.6,15.8299,21.90281,68.24114,43.96897,M60,M28 2AB
03-03-2020 04:00,11.6,12.21957,29.43658,53.74651,35.0101,M60,M28 2AB
03-03-2020 05:00,16.4,17.87807,22.05249,72.57895,45.1663,M60,M28 2AB
03-03-2020 06:00,25.1,53.21762,9.47958,147.1152,65.51599,M60,M28 2AB
03-03-2020 07:00,20.3,188.70905,5.23871,392.73041,103.38057,M60,M28 2AB
03-03-2020 08:00,34.8,209.36429,4.83957,426.48068,105.45992,M60,M28 2AB
03-03-2020 09:00,37.7,206.69126,5.93721,425.31688,108.3947,M60,M28 2AB
03-03-2020 10:00,38.6,234.35886,5.18882,471.92187,112.57663,M60,M28 2AB
03-03-2020 11:00,10.6,67.45064,36.32174,158.38293,54.96005,M60,M28 2AB
03-03-2020 12:00,8.7,1.14559,71.39617,9.20462,7.44808,M60,M28 2AB
03-03-2020 13:00,7.7,1.11087,74.04047,7.35312,5.6498,M60,M28 2AB
03-03-2020 14:00,18.4,0.86787,74.28993,8.78142,7.45071,M60,M28 2AB
03-03-2020 15:00,26.1,1.56216,73.94069,12.11413,9.71885,M60,M28 2AB
03-03-2020 16:00,30.9,1.52745,78.08176,10.89742,8.55537,M60,M28 2AB
03-03-2020 17:00,33.8,1.1803,78.92994,10.63292,8.82315,M60,M28 2AB
03-03-2020 18:00,21.3,0.72901,75.98628,12.16703,11.04923,M60,M28 2AB
03-03-2020 19:00,13.5,0.48601,73.1923,15.97583,15.23064,M60,M28 2AB
03-03-2020 20:00,19.3,8.81753,54.83186,43.32519,29.80516,M60,M28 2AB
03-03-2020 21:00,22.2,9.61597,31.83142,63.05693,48.31265,M60,M28 2AB
03-03-2020 22:00,25.1,23.71013,17.76173,97.6536,61.29857,M60,M28 2AB
03-03-2020 23:00,24.2,42.17835,10.6271,133.83728,69.16471,M60,M28 2AB
04-03-2020 00:00,35.7,92.93122,4.34065,226.41247,83.91992,M60,M28 2AB
04-03-2020 01:00,22.2,52.10252,5.93721,152.43891,72.54949,M60,M28 2AB
04-03-2020 02:00,20.3,8.93054,9.62925,61.62424,47.93094,M60,M28 2AB
04-03-2020 03:00,16.4,19.53845,8.88087,79.85063,49.8921,M60,M28 2AB
04-03-2020 04:00,20.3,12.21587,7.58366,63.14017,44.40943,M60,M28 2AB
04-03-2020 05:00,16.4,11.76471,4.98925,57.64052,39.60155,M60,M28 2AB
04-03-2020 06:00,15.5,14.1246,4.59011,56.79442,35.13701,M60,M28 2AB
04-03-2020 07:00,17.4,33.21189,4.6899,90.47976,39.55557,M60,M28 2AB
04-03-2020 08:00,23.2,92.07016,4.98925,191.90592,50.73365,M60,M28 2AB
04-03-2020 09:00,51.2,162.31139,5.23871,324.95505,76.08105,M60,M28 2AB
04-03-2020 10:00,60.9,183.79327,6.08689,377.25457,95.44215,M60,M28 2AB
04-03-2020 11:00,78.3,null,6.98495,null,null,M60,M28 2AB
04-03-2020 12:00,66.7,156.58521,10.12818,325.69539,85.60142,M60,M28 2AB
04-03-2020 13:00,58,150.30375,13.52087,304.86019,74.39765,M60,M28 2AB
04-03-2020 14:00,48.3,152.07366,16.01549,313.47983,80.30346,M60,M28 2AB
04-03-2020 15:00,36.7,127.64193,24.69679,272.7613,77.0464,M60,M28 2AB
04-03-2020 16:00,37.7,135.03392,17.81162,290.68803,83.63891,M60,M28 2AB
04-03-2020 17:00,41.5,127.46841,13.67055,274.77078,79.32195,M60,M28 2AB
04-03-2020 18:00,30,106.40298,23.59915,228.86989,65.72093,M60,M28 2AB
04-03-2020 19:00,16.4,46.46888,31.23271,114.59359,43.3423,M60,M28 2AB
04-03-2020 20:00,19.3,28.80446,22.80087,88.15298,43.98676,M60,M28 2AB
04-03-2020 21:00,22.2,14.40223,19.80732,58.48662,36.40351,M60,M28 2AB
04-03-2020 22:00,26.1,11.17474,6.93506,56.95307,39.8187,M60,M28 2AB
04-03-2020 23:00,30.9,15.89451,4.83957,64.19779,39.82655,M60,M28 2AB
05-03-2020 00:00,21.3,23.91117,4.88947,76.25471,39.59142,M60,M28 2AB
05-03-2020 01:00,30,32.26845,4.59011,85.2431,35.7655,M60,M28 2AB
05-03-2020 02:00,29,29.68744,5.03914,78.95034,33.43024,M60,M28 2AB
05-03-2020 03:00,31.9,19.82635,4.59011,62.29303,31.89306,M60,M28 2AB
05-03-2020 04:00,31.9,12.11803,12.12388,48.86143,30.28071,M60,M28 2AB
05-03-2020 05:00,14.5,8.57637,20.20646,39.71313,26.56288,M60,M28 2AB
05-03-2020 06:00,30.9,5.31249,17.86152,32.73293,24.58722,M60,M28 2AB
05-03-2020 07:00,28,22.39578,6.23656,73.6623,39.32258,M60,M28 2AB
05-03-2020 08:00,33.8,64.79153,6.38624,150.18014,50.83452,M60,M28 2AB
05-03-2020 09:00,56,144.75663,7.68345,287.19308,65.23601,M60,M28 2AB
05-03-2020 10:00,83.1,130.72888,14.21936,265.19486,64.74671,M60,M28 2AB
05-03-2020 11:00,62.8,97.70812,28.08948,212.26165,62.44462,M60,M28 2AB
05-03-2020 12:00,48.3,72.84706,34.27615,173.1302,61.43293,M60,M28 2AB
05-03-2020 13:00,30,44.6874,54.08347,122.36509,53.84536,M60,M28 2AB
05-03-2020 14:00,28,34.75687,58.72347,106.18371,52.89058,M60,M28 2AB
05-03-2020 15:00,81.2,29.40966,62.41552,96.03068,50.9365,M60,M28 2AB
05-03-2020 16:00,18.4,34.68742,50.591,108.0874,54.90076,M60,M28 2AB
05-03-2020 17:00,114,18.71524,66.60649,68.10987,39.41357,M60,M28 2AB
05-03-2020 18:00,22.2,8.43748,58.37423,49.60175,36.66446,M60,M28 2AB
05-03-2020 19:00,31.9,3.2986,45.65164,39.71313,34.65534,M60,M28 2AB
05-03-2020 20:00,41.5,3.43749,30.5841,43.8378,38.56705,M60,M28 2AB
05-03-2020 21:00,47.3,4.2361,29.63615,42.46291,35.96764,M60,M28 2AB
05-03-2020 22:00,41.5,7.32637,8.6314,53.99082,42.7572,M60,M28 2AB
05-03-2020 23:00,26.1,13.05553,6.43613,66.20618,46.18798,M60,M28 2AB
06-03-2020 00:00,31.9,16.28469,5.08904,68.90307,43.93357,M60,M28 2AB
06-03-2020 01:00,30,16.5363,5.03914,66.91013,41.55483,M60,M28 2AB
06-03-2020 02:00,30.9,16.1889,5.03914,63.87838,39.05575,M60,M28 2AB
06-03-2020 03:00,27.1,14.06975,6.6856,58.48467,36.91136,M60,M28 2AB
06-03-2020 04:00,30.9,8.61555,16.6641,43.25539,30.04506,M60,M28 2AB
06-03-2020 05:00,26.1,5.73212,10.42753,37.43865,28.64952,M60,M28 2AB
06-03-2020 06:00,28,10.59574,6.93506,45.21193,28.96536,M60,M28 2AB
06-03-2020 07:00,24.2,9.58827,5.9871,41.9334,27.23159,M60,M28 2AB
06-03-2020 08:00,33.8,32.27358,6.93506,82.33331,32.84785,M60,M28 2AB
06-03-2020 09:00,95.7,110.821,7.03484,223.15128,53.22812,M60,M28 2AB
06-03-2020 10:00,92.8,153.55135,9.87872,302.3647,66.92258,M60,M28 2AB
06-03-2020 11:00,86,129.99755,15.66625,264.13285,64.80606,M60,M28 2AB
06-03-2020 12:00,77.3,113.84339,26.69249,242.71668,68.15925,M60,M28 2AB
06-03-2020 13:00,46.4,59.05821,55.68003,141.29389,50.73923,M60,M28 2AB
06-03-2020 14:00,50.2,55.0631,35.22411,148.74989,64.32099,M60,M28 2AB
06-03-2020 15:00,43.5,59.64879,39.914,152.13418,60.67397,M60,M28 2AB
06-03-2020 16:00,33.8,38.73524,49.84261,112.21019,52.81699,M60,M28 2AB
06-03-2020 17:00,105.3,8.75451,78.63058,49.81244,36.38905,M60,M28 2AB
06-03-2020 18:00,7.7,1.00746,75.53725,26.80988,25.26513,M60,M28 2AB
06-03-2020 19:00,18.4,2.39707,47.84691,35.64075,31.9653,M60,M28 2AB
06-03-2020 20:00,17.4,2.74447,35.12432,41.82765,37.61952,M60,M28 2AB
06-03-2020 21:00,25.1,7.33017,27.14152,52.77369,41.53426,M60,M28 2AB
06-03-2020 22:00,22.2,14.06975,19.70754,66.78675,45.21343,M60,M28 2AB
06-03-2020 23:00,25.1,19.69765,8.6813,78.31447,48.11182,M60,M28 2AB
07-03-2020 00:00,12.6,30.43235,9.77893,92.59192,45.92963,M60,M28 2AB
07-03-2020 01:00,5.8,21.36465,13.67055,72.12637,39.3677,M60,M28 2AB
07-03-2020 02:00,11.6,18.28276,12.92216,66.94427,38.91109,M60,M28 2AB
07-03-2020 03:00,18.4,19.29075,11.02624,65.46367,35.88494,M60,M28 2AB
07-03-2020 04:00,15.5,15.81494,12.52302,54.62356,30.37433,M60,M28 2AB
07-03-2020 05:00,14.5,14.84171,20.50582,51.50373,28.74676,M60,M28 2AB
07-03-2020 06:00,26.1,19.81212,24.94625,64.08883,33.71067,M60,M28 2AB
07-03-2020 07:00,18.4,28.74495,25.34539,85.24025,41.16528,M60,M28 2AB
07-03-2020 08:00,17.4,46.47158,20.45593,123.41858,52.16315,M60,M28 2AB
07-03-2020 09:00,16.4,62.70362,18.11098,154.88133,58.73712,M60,M28 2AB
07-03-2020 10:00,33.8,60.23579,28.18926,149.85787,57.49761,M60,M28 2AB
07-03-2020 11:00,76.3,62.217,25.44518,158.10692,62.70885,M60,M28 2AB
07-03-2020 12:00,79.2,68.05637,28.23916,171.37944,67.0278,M60,M28 2AB
07-03-2020 13:00,47.3,64.75435,28.88776,171.11505,71.82644,M60,M28 2AB
07-03-2020 14:00,40.6,58.15031,34.77507,158.79434,69.63178,M60,M28 2AB
07-03-2020 15:00,33.8,53.597,36.52131,151.12695,68.94604,M60,M28 2AB
07-03-2020 16:00,30.9,62.46031,25.49507,169.10566,73.33452,M60,M28 2AB
07-03-2020 17:00,44.4,87.34711,21.70324,210.98549,77.05512,M60,M28 2AB
07-03-2020 18:00,36.7,68.8558,32.82927,177.4076,71.83018,M60,M28 2AB
07-03-2020 19:00,27.1,47.41005,41.61035,142.1376,69.44319,M60,M28 2AB
07-03-2020 20:00,23.2,24.50446,56.62799,96.13324,58.56025,M60,M28 2AB
07-03-2020 21:00,18.4,15.08502,54.83186,78.63043,55.5004,M60,M28 2AB
07-03-2020 22:00,7.7,7.78582,63.36348,57.84916,45.91107,M60,M28 2AB
07-03-2020 23:00,9.7,4.24049,67.8538,40.18771,33.68572,M60,M28 2AB
08-03-2020 00:00,5.8,3.71912,68.95144,35.42864,29.72608,M60,M28 2AB
08-03-2020 01:00,5.8,3.61671,66.90584,32.50215,26.9566,M60,M28 2AB
08-03-2020 02:00,5.8,2.92119,67.55445,27.35539,22.87629,M60,M28 2AB
08-03-2020 03:00,10.6,2.71253,66.10756,27.70791,23.54875,M60,M28 2AB
08-03-2020 04:00,7.7,2.22567,73.34198,24.95827,21.54562,M60,M28 2AB
08-03-2020 05:00,10.6,2.4691,67.95359,27.4964,23.71049,M60,M28 2AB
08-03-2020 06:00,12.6,1.42582,77.03402,23.21331,21.02708,M60,M28 2AB
08-03-2020 07:00,12.6,8.97223,39.2654,50.81546,37.05823,M60,M28 2AB
08-03-2020 08:00,15.5,22.01326,21.20431,82.01329,48.2601,M60,M28 2AB
08-03-2020 09:00,16.4,24.48236,35.77292,84.86869,47.32959,M60,M28 2AB
08-03-2020 10:00,21.3,35.12384,28.23916,107.44746,53.59165,M60,M28 2AB
08-03-2020 11:00,27.1,28.51639,48.99444,91.42552,47.70101,M60,M28 2AB
08-03-2020 12:00,37.7,26.4646,48.39573,90.26221,49.68373,M60,M28 2AB
08-03-2020 13:00,14.5,8.8679,69.05122,50.81546,37.2182,M60,M28 2AB
08-03-2020 14:00,16.4,7.23342,63.66283,44.62877,33.53767,M60,M28 2AB
08-03-2020 15:00,48.3,7.78984,65.70842,45.95071,34.00645,M60,M28 2AB
08-03-2020 16:00,8.7,1.4606,72.99273,21.36259,19.12304,M60,M28 2AB
08-03-2020 17:00,23.2,19.3355,40.31314,73.87013,44.22278,M60,M28 2AB
08-03-2020 18:00,24.2,37.55817,37.46927,114.79746,57.20907,M60,M28 2AB
08-03-2020 19:00,0,3.86015,72.74327,37.12014,31.20133,M60,M28 2AB
08-03-2020 20:00,14.5,31.43758,19.20861,98.8284,50.62479,M60,M28 2AB
08-03-2020 21:00,7.7,44.82637,4.09119,127.7525,59.01969,M60,M28 2AB
08-03-2020 22:00,7.7,28.16863,28.53851,86.19063,42.99934,M60,M28 2AB
08-03-2020 23:00,10.6,21.63072,19.40818,75.87948,42.71284,M60,M28 2AB
09-03-2020 00:00,13.5,16.41431,31.33249,63.5061,38.33785,M60,M28 2AB
09-03-2020 01:00,21.3,13.26814,41.80992,58.5875,38.24331,M60,M28 2AB
09-03-2020 02:00,11.6,3.94333,60.32003,32.00809,25.96174,M60,M28 2AB
09-03-2020 03:00,5.8,0.62629,75.188,16.8677,15.9074,M60,M28 2AB
09-03-2020 04:00,22.2,0.20876,77.33338,8.09015,7.77005,M60,M28 2AB
09-03-2020 05:00,19.3,0.41753,73.34198,7.82577,7.18557,M60,M28 2AB
09-03-2020 06:00,31.9,0.5915,69.50025,10.9455,10.03855,M60,M28 2AB
09-03-2020 07:00,25.1,0.5915,68.05337,12.37317,11.46622,M60,M28 2AB
09-03-2020 08:00,30,0.90465,62.5652,17.5551,16.168,M60,M28 2AB
09-03-2020 09:00,19.3,1.60053,64.71057,19.08853,16.63442,M60,M28 2AB
09-03-2020 10:00,26.1,1.67012,66.00778,18.98277,16.42197,M60,M28 2AB
09-03-2020 11:00,24.2,1.67012,70.84735,18.34825,15.78745,M60,M28 2AB
09-03-2020 12:00,33.8,2.08764,68.40262,20.25182,17.05081,M60,M28 2AB
09-03-2020 13:00,32.9,13.63927,48.89465,54.14585,33.23259,M60,M28 2AB
09-03-2020 14:00,39.6,48.88565,27.09163,129.81256,54.8556,M60,M28 2AB
09-03-2020 15:00,26.1,84.82792,18.75958,201.46064,71.39298,M60,M28 2AB
09-03-2020 16:00,42.5,114.50725,16.56431,256.24101,80.66567,M60,M28 2AB
09-03-2020 17:00,28,106.57421,19.85722,243.81496,80.40346,M60,M28 2AB
09-03-2020 18:00,9.7,83.36657,28.23916,203.3642,75.53725,M60,M28 2AB
09-03-2020 19:00,9.7,67.91801,32.97894,177.1373,72.99782,M60,M28 2AB
09-03-2020 20:00,14.5,47.73745,40.5626,138.53723,65.34083,M60,M28 2AB
09-03-2020 21:00,10.6,35.142,29.18711,117.43939,63.55574,M60,M28 2AB
09-03-2020 22:00,21.3,31.48862,32.5798,104.74895,56.46707,M60,M28 2AB
09-03-2020 23:00,24.2,31.27986,26.34324,99.67278,51.711,M60,M28 2AB
10-03-2020 00:00,17.4,23.65996,36.5712,77.88754,41.60944,M60,M28 2AB
10-03-2020 01:00,13.5,12.718,56.92734,49.91487,30.41422,M60,M28 2AB
10-03-2020 02:00,13.5,2.04231,56.5781,25.09844,21.96695,M60,M28 2AB
10-03-2020 03:00,11.6,2.57609,56.87745,26.17358,22.22363,M60,M28 2AB
10-03-2020 04:00,6.8,2.54128,55.53035,24.74593,20.84936,M60,M28 2AB
10-03-2020 05:00,8.7,8.1112,31.03314,42.51224,30.07524,M60,M28 2AB
10-03-2020 06:00,13.5,34.56835,12.57291,95.12379,42.11972,M60,M28 2AB
10-03-2020 07:00,24.2,85.08062,7.68345,183.63809,53.18296,M60,M28 2AB
10-03-2020 08:00,24.2,110.28454,10.22796,228.424,59.3234,M60,M28 2AB
10-03-2020 09:00,30,122.50356,10.47743,251.37215,63.53598,M60,M28 2AB
10-03-2020 10:00,20.3,131.62432,9.92861,262.95198,61.13084,M60,M28 2AB
10-03-2020 11:00,12.6,90.02393,30.43443,183.63809,45.60332,M60,M28 2AB
10-03-2020 12:00,7.7,52.70543,40.91185,117.86044,37.04658,M60,M28 2AB
10-03-2020 13:00,7.7,16.64015,62.06627,59.85555,34.341,M60,M28 2AB
10-03-2020 14:00,9.7,1.84504,76.68477,27.28398,24.45496,M60,M28 2AB
10-03-2020 15:00,24.2,6.19654,66.20735,37.43616,27.93492,M60,M28 2AB
10-03-2020 16:00,28,6.68391,66.90584,42.08924,31.84072,M60,M28 2AB
10-03-2020 17:00,25.1,1.39248,73.89079,23.10678,20.97167,M60,M28 2AB
10-03-2020 18:00,17.4,0.52218,73.79101,15.17539,14.37473,M60,M28 2AB
10-03-2020 19:00,17.4,0.2785,74.38972,13.48336,13.05634,M60,M28 2AB
10-03-2020 20:00,20.3,0.66143,70.34843,14.85814,13.84396,M60,M28 2AB
10-03-2020 21:00,16.4,0.59181,72.04477,14.54088,13.63346,M60,M28 2AB
10-03-2020 22:00,19.3,2.12353,59.77122,22.36652,19.11048,M60,M28 2AB
10-03-2020 23:00,16.4,2.26278,61.06842,24.69306,21.22351,M60,M28 2AB
11-03-2020 00:00,15.5,5.29143,29.48647,40.55583,32.44242,M60,M28 2AB
11-03-2020 01:00,9.7,7.70904,25.44518,43.28704,31.46667,M60,M28 2AB
11-03-2020 02:00,27.1,11.21527,26.19356,49.86117,32.66467,M60,M28 2AB
11-03-2020 03:00,4.8,5.78178,37.31959,34.1044,25.23913,M60,M28 2AB
11-03-2020 04:00,21.3,3.483,37.31959,27.07202,21.7315,M60,M28 2AB
11-03-2020 05:00,14.5,2.36844,24.29765,23.1064,19.47484,M60,M28 2AB
11-03-2020 06:00,20.3,6.82668,8.28216,34.36878,23.90134,M60,M28 2AB
11-03-2020 07:00,25.1,46.63739,4.44043,112.35947,40.8498,M60,M28 2AB
11-03-2020 08:00,48.3,133.64277,7.23441,270.24435,65.32829,M60,M28 2AB
11-03-2020 09:00,58,137.85721,12.82237,278.70436,67.32626,M60,M28 2AB
11-03-2020 10:00,47.3,124.65663,18.95915,263.1591,72.0216,M60,M28 2AB
11-03-2020 11:00,35.7,110.27183,22.15227,242.27345,73.19234,M60,M28 2AB
11-03-2020 12:00,15.5,70.60044,52.88605,162.53789,54.28538,M60,M28 2AB
11-03-2020 13:00,21.3,49.17998,42.10927,128.01048,52.60223,M60,M28 2AB
11-03-2020 14:00,26.1,62.48505,29.63615,162.80226,66.99319,M60,M28 2AB
11-03-2020 15:00,20.3,72.8644,26.94195,181.9959,70.27206,M60,M28 2AB
11-03-2020 16:00,19.3,73.76997,35.42368,181.1499,68.03752,M60,M28 2AB
11-03-2020 17:00,22.2,73.59583,33.57765,187.81216,74.9668,M60,M28 2AB
11-03-2020 18:00,18.4,58.79307,38.26755,159.57689,69.42877,M60,M28 2AB
11-03-2020 19:00,22.2,65.27145,28.73808,171.8439,71.7624,M60,M28 2AB
11-03-2020 20:00,16.4,50.78216,43.05723,145.142,67.2771,M60,M28 2AB
11-03-2020 21:00,16.4,31.93913,50.29164,108.44672,59.47407,M60,M28 2AB
11-03-2020 22:00,8.7,13.75786,64.61079,71.38131,50.28623,M60,M28 2AB
11-03-2020 23:00,1.9,2.36844,82.12306,32.88828,29.25672,M60,M28 2AB
12-03-2020 00:00,5.8,0.24381,85.26628,11.20951,10.83567,M60,M28 2AB
12-03-2020 01:00,7.7,0.88282,80.22714,11.42082,10.06719,M60,M28 2AB
12-03-2020 02:00,9.7,0.73181,81.22499,9.78172,8.65963,M60,M28 2AB
12-03-2020 03:00,13.5,0.38333,79.42886,7.03226,6.4445,M60,M28 2AB
12-03-2020 04:00,15.5,0.41818,76.13596,6.87364,6.23245,M60,M28 2AB
12-03-2020 05:00,18.4,1.18483,69.50025,11.52657,9.70985,M60,M28 2AB
12-03-2020 06:00,33.8,32.9662,22.55141,89.09297,38.54549,M60,M28 2AB
12-03-2020 07:00,43.5,83.80943,15.51657,187.75615,59.25016,M60,M28 2AB
12-03-2020 08:00,79.2,161.31137,7.23441,323.53701,76.19636,M60,M28 2AB
12-03-2020 09:00,58.9,162.18257,17.71184,322.63815,73.96168,M60,M28 2AB
12-03-2020 10:00,58.9,94.22898,40.06368,202.56092,58.0785,M60,M28 2AB
12-03-2020 11:00,41.5,45.79027,53.98369,119.44274,49.23198,M60,M28 2AB
12-03-2020 12:00,37.7,22.99968,53.68433,81.47909,46.21341,M60,M28 2AB
12-03-2020 13:00,35.7,20.94365,53.8839,80.52735,48.41421,M60,M28 2AB
12-03-2020 14:00,31.9,20.59516,53.53465,83.59405,52.01524,M60,M28 2AB
12-03-2020 15:00,50.2,24.01027,50.49121,92.15967,55.34444,M60,M28 2AB
12-03-2020 16:00,33.8,33.69801,44.45422,112.56909,60.89953,M60,M28 2AB
12-03-2020 17:00,16.4,19.41033,62.01638,78.994,49.2319,M60,M28 2AB
12-03-2020 18:00,14.5,2.5439,72.94284,30.77276,26.87217,M60,M28 2AB
12-03-2020 19:00,14.5,6.8999,62.91444,38.91538,28.33568,M60,M28 2AB
12-03-2020 20:00,10.6,2.57875,73.54155,28.86929,24.91526,M60,M28 2AB
12-03-2020 21:00,5.8,3.03178,70.79746,28.34055,23.69189,M60,M28 2AB
12-03-2020 22:00,15.5,0.55757,80.77596,13.69441,12.83948,M60,M28 2AB
12-03-2020 23:00,19.3,0.24394,81.47445,8.51274,8.13871,M60,M28 2AB
13-03-2020 00:00,13.5,0.24394,79.92779,7.24376,6.86973,M60,M28 2AB
13-03-2020 01:00,13.5,0.18595,81.77381,5.99231,5.70718,M60,M28 2AB
13-03-2020 02:00,17.4,0.32542,80.37682,5.63982,5.14085,M60,M28 2AB
13-03-2020 03:00,14.5,0.34866,78.5308,6.34479,5.81019,M60,M28 2AB
13-03-2020 04:00,28,0.38353,75.23789,8.08961,7.50155,M60,M28 2AB
13-03-2020 05:00,7.7,0.52299,74.88864,8.98846,8.18655,M60,M28 2AB
13-03-2020 06:00,13.5,0.2092,80.5265,6.71491,6.39415,M60,M28 2AB
13-03-2020 07:00,17.4,0.17433,77.03402,8.08961,7.82231,M60,M28 2AB
13-03-2020 08:00,20.3,12.30769,51.68863,43.40897,24.53744,M60,M28 2AB
13-03-2020 09:00,32.9,3.69579,66.80606,30.98374,25.31694,M60,M28 2AB
13-03-2020 10:00,12.6,0.90652,71.74542,17.39531,16.00534,M60,M28 2AB
13-03-2020 11:00,18.4,0.83678,73.69122,13.58843,12.30539,M60,M28 2AB
13-03-2020 12:00,20.3,0.97625,74.19015,13.11257,11.61568,M60,M28 2AB
13-03-2020 13:00,10.6,1.49924,71.34628,14.32866,12.02986,M60,M28 2AB
13-03-2020 14:00,13.5,10.73872,61.56735,40.65956,24.19375,M60,M28 2AB
13-03-2020 15:00,20.3,41.52538,36.42153,110.98102,47.30967,M60,M28 2AB
13-03-2020 16:00,27.1,74.40399,19.05894,181.77834,67.69382,M60,M28 2AB
13-03-2020 17:00,22.2,81.83044,32.72948,183.52316,58.05157,M60,M28 2AB
13-03-2020 18:00,26.1,68.30244,25.99399,162.10948,57.38053,M60,M28 2AB
13-03-2020 19:00,18.4,78.51817,18.75958,187.64728,67.25443,M60,M28 2AB
13-03-2020 20:00,24.2,70.01087,18.51012,171.09794,63.74943,M60,M28 2AB
13-03-2020 21:00,19.3,65.68749,15.36689,161.95086,61.23144,M60,M28 2AB
13-03-2020 22:00,17.4,40.96752,37.96819,110.71665,47.90067,M60,M28 2AB
13-03-2020 23:00,16.4,23.04641,42.15916,77.67085,42.33352,M60,M28 2AB
14-03-2020 00:00,5.8,11.81956,46.20046,55.4112,37.28812,M60,M28 2AB
14-03-2020 01:00,30,7.16284,45.10282,44.6948,33.71194,M60,M28 2AB
14-03-2020 02:00,15.5,4.09305,44.35443,34.6138,28.33788,M60,M28 2AB
14-03-2020 03:00,18.4,3.907,47.8968,32.41078,26.42013,M60,M28 2AB
14-03-2020 04:00,9.7,3.20932,54.78197,28.5511,23.6302,M60,M28 2AB
14-03-2020 05:00,21.3,1.84885,60.36993,23.3696,20.53474,M60,M28 2AB
14-03-2020 06:00,0,4.36049,49.29379,31.51195,24.82595,M60,M28 2AB
14-03-2020 07:00,20.3,9.45355,41.66024,47.69091,33.19566,M60,M28 2AB
14-03-2020 08:00,18.4,27.45367,24.34754,88.19116,46.09613,M60,M28 2AB
14-03-2020 09:00,22.2,44.65146,24.09808,118.43418,49.96957,M60,M28 2AB
14-03-2020 10:00,24.2,54.3492,25.74453,136.83377,53.4995,M60,M28 2AB
14-03-2020 11:00,20.3,59.05853,27.74023,149.15304,58.59789,M60,M28 2AB
14-03-2020 12:00,30.9,57.20968,36.6211,148.57145,60.85116,M60,M28 2AB
14-03-2020 13:00,34.8,50.09335,38.66669,143.07272,66.26398,M60,M28 2AB
14-03-2020 14:00,24.2,49.70963,35.97249,144.81751,68.59714,M60,M28 2AB
14-03-2020 15:00,27.1,54.69804,33.57765,152.27252,68.40336,M60,M28 2AB
14-03-2020 16:00,12.6,52.08174,32.72948,147.03815,67.18059,M60,M28 2AB
14-03-2020 17:00,30.9,72.94234,18.46023,187.48553,75.64217,M60,M28 2AB
14-03-2020 18:00,21.3,74.93073,25.19571,186.00511,71.11293,M60,M28 2AB
14-03-2020 19:00,5.8,52.3957,37.51916,144.65889,64.31994,M60,M28 2AB
14-03-2020 20:00,5.8,31.0816,47.94669,104.63448,56.97669,M60,M28 2AB
14-03-2020 21:00,12.6,14.61638,59.12261,71.58923,49.17777,M60,M28 2AB
14-03-2020 22:00,16.4,8.16285,63.2138,56.94358,44.42739,M60,M28 2AB
14-03-2020 23:00,15.5,5.23259,69.50025,41.1876,33.1644,M60,M28 2AB
15-03-2020 00:00,9.7,3.0349,72.74327,32.88663,28.23318,M60,M28 2AB
15-03-2020 01:00,12.6,2.74562,72.5437,28.12765,23.91776,M60,M28 2AB
15-03-2020 02:00,7.7,2.04758,74.09036,21.71257,18.57299,M60,M28 2AB
15-03-2020 03:00,5.8,1.36118,74.78886,19.13949,17.05238,M60,M28 2AB
15-03-2020 04:00,5.8,1.50078,71.99488,20.09118,17.79001,M60,M28 2AB
15-03-2020 05:00,5.8,1.43098,75.78671,19.98543,17.7913,M60,M28 2AB
15-03-2020 06:00,8.7,2.44314,68.5523,26.9116,23.16552,M60,M28 2AB
15-03-2020 07:00,5.8,7.95764,49.99229,48.06021,35.85867,M60,M28 2AB
15-03-2020 08:00,10.6,11.97136,52.43702,61.06661,42.71077,M60,M28 2AB
15-03-2020 09:00,15.5,14.69371,51.58885,68.09852,45.56847,M60,M28 2AB
15-03-2020 10:00,22.2,29.17801,32.03099,101.77768,57.03868,M60,M28 2AB
15-03-2020 11:00,26.1,38.0082,36.6211,117.74488,59.46645,M60,M28 2AB
15-03-2020 12:00,19.3,21.53449,64.91014,76.2936,43.27451,M60,M28 2AB
15-03-2020 13:00,15.5,2.30353,76.33553,28.76211,25.23008,M60,M28 2AB
15-03-2020 14:00,13.5,0.52353,78.63058,13.48224,12.6795,M60,M28 2AB
15-03-2020 15:00,10.6,0.41882,80.12736,10.5743,9.93212,M60,M28 2AB
15-03-2020 16:00,16.4,0.48863,80.77596,9.30539,8.55617,M60,M28 2AB
15-03-2020 17:00,15.5,0.41882,78.97983,10.15133,9.50915,M60,M28 2AB
15-03-2020 18:00,12.6,0.27922,82.72177,9.25252,8.82439,M60,M28 2AB
15-03-2020 19:00,13.5,0.38392,79.77811,10.15133,9.56266,M60,M28 2AB
15-03-2020 20:00,7.7,0.83765,74.33983,13.95808,12.67371,M60,M28 2AB
15-03-2020 21:00,14.5,0.52353,72.79316,14.53967,13.73694,M60,M28 2AB
15-03-2020 22:00,28,0.31412,76.13596,12.16045,11.67881,M60,M28 2AB
15-03-2020 23:00,10.6,0.34902,80.72607,8.88242,8.34726,M60,M28 2AB
16-03-2020 00:00,28,0.27922,79.67832,7.66637,7.23825,M60,M28 2AB
16-03-2020 01:00,18.4,0.27936,77.58284,7.68387,7.25552,M60,M28 2AB
16-03-2020 02:00,15.5,0.4656,80.37682,7.11991,6.40601,M60,M28 2AB
16-03-2020 03:00,19.3,0.27936,79.1794,6.55596,6.12761,M60,M28 2AB
16-03-2020 04:00,20.3,0.48888,71.39617,8.30069,7.55109,M60,M28 2AB
16-03-2020 05:00,22.2,1.18728,64.46111,12.68895,10.86849,M60,M28 2AB
16-03-2020 06:00,16.4,1.43172,61.41767,15.91406,13.7188,M60,M28 2AB
16-03-2020 07:00,8.7,1.99044,44.85336,23.58031,20.52835,M60,M28 2AB
16-03-2020 08:00,34.8,5.27291,36.12217,37.43241,29.3474,M60,M28 2AB
16-03-2020 09:00,31.9,15.4346,33.17851,59.95531,36.28925,M60,M28 2AB
16-03-2020 10:00,38.6,51.15767,28.03959,129.26871,50.82805,M60,M28 2AB
16-03-2020 11:00,31.9,41.27533,49.49336,107.53888,44.25092,M60,M28 2AB
16-03-2020 12:00,26.1,15.0854,61.26799,61.06559,37.93496,M60,M28 2AB
16-03-2020 13:00,29,27.93593,45.85121,90.5674,47.73291,M60,M28 2AB
16-03-2020 14:00,28,43.40545,42.20906,120.80941,54.25532,M60,M28 2AB
16-03-2020 15:00,26.1,50.31959,38.5669,134.60865,57.45302,M60,M28 2AB
16-03-2020 16:00,27.1,53.6719,42.90755,141.11174,58.81597,M60,M28 2AB
16-03-2020 17:00,23.2,51.5767,39.66454,135.7718,56.68862,M60,M28 2AB
16-03-2020 18:00,58,79.05867,22.45163,188.43096,67.20935,M60,M28 2AB
16-03-2020 19:00,16.4,78.70947,23.74883,185.62881,64.94264,M60,M28 2AB
16-03-2020 20:00,16.4,62.22728,29.38668,157.9246,62.51077,M60,M28 2AB
16-03-2020 21:00,21.3,42.53245,38.26755,121.5496,56.33409,M60,M28 2AB
16-03-2020 22:00,18.4,26.57405,46.94884,89.1399,48.39359,M60,M28 2AB
16-03-2020 23:00,12.6,22.94238,44.25465,79.30596,44.12813,M60,M28 2AB
17-03-2020 00:00,18.4,11.31405,51.08992,54.50963,37.16166,M60,M28 2AB
17-03-2020 01:00,8.7,6.80124,57.42627,43.14172,32.7133,M60,M28 2AB
17-03-2020 02:00,9.7,3.91304,62.61509,30.52347,24.52356,M60,M28 2AB
17-03-2020 03:00,7.7,3.5986,57.17681,28.17958,22.6618,M60,M28 2AB
17-03-2020 04:00,8.7,4.12267,52.18756,30.29437,23.97303,M60,M28 2AB
17-03-2020 05:00,5.8,7.30202,42.95744,39.07075,27.87448,M60,M28 2AB
17-03-2020 06:00,6.8,25.64441,22.6512,78.40585,39.08497,M60,M28 2AB
17-03-2020 07:00,21.3,97.40683,8.48173,206.66788,57.31283,M60,M28 2AB
17-03-2020 08:00,34.8,164.24301,5.88732,315.52671,63.69095,M60,M28 2AB
17-03-2020 09:00,33.8,151.73524,13.9699,296.28212,63.62466,M60,M28 2AB
17-03-2020 10:00,18.4,106.1413,28.48862,217.55905,54.81133,M60,M28 2AB
17-03-2020 11:00,20.3,73.61413,42.85766,161.67572,48.8023,M60,M28 2AB
17-03-2020 12:00,19.3,44.86025,51.33938,115.46755,46.6828,M60,M28 2AB
17-03-2020 13:00,32.9,37.66304,50.5411,108.01292,50.26372,M60,M28 2AB
17-03-2020 14:00,20.3,28.02019,47.94669,91.2532,48.28952,M60,M28 2AB
17-03-2020 15:00,26.1,53.00077,30.43443,142.484,61.21728,M60,M28 2AB
17-03-2020 16:00,22.2,61.00155,31.38238,158.02771,64.4933,M60,M28 2AB
17-03-2020 17:00,18.4,69.28183,29.78582,171.82671,65.59606,M60,M28 2AB
17-03-2020 18:00,10.6,52.37189,39.41508,141.10938,60.80693,M60,M28 2AB
17-03-2020 19:00,14.5,35.84627,42.40863,111.39658,56.43306,M60,M28 2AB
17-03-2020 20:00,8.7,22.98913,49.84261,85.70188,50.45237,M60,M28 2AB
17-03-2020 21:00,7.7,13.90528,51.53895,67.25033,45.9292,M60,M28 2AB
17-03-2020 22:00,7.7,7.16227,61.96649,47.95287,36.97088,M60,M28 2AB
17-03-2020 23:00,7.7,3.80823,59.67143,35.26413,29.42492,M60,M28 2AB
18-03-2020 00:00,13.5,3.84317,52.93594,33.25508,27.3623,M60,M28 2AB
18-03-2020 01:00,10.6,4.84721,52.08777,33.62461,26.19232,M60,M28 2AB
18-03-2020 02:00,7.7,2.14396,62.11616,22.4164,19.12905,M60,M28 2AB
18-03-2020 03:00,3.9,0.48938,68.15316,13.37583,12.62545,M60,M28 2AB
18-03-2020 04:00,1.9,0.45443,71.89509,11.57829,10.88151,M60,M28 2AB
18-03-2020 05:00,3.9,0.66416,68.35273,11.63115,10.61279,M60,M28 2AB
18-03-2020 06:00,0,0.52434,65.80821,11.2082,10.40423,M60,M28 2AB
18-03-2020 07:00,3.9,0.45443,68.40262,13.27009,12.57331,M60,M28 2AB
18-03-2020 08:00,9.7,0.66416,66.5067,15.43771,14.41935,M60,M28 2AB
18-03-2020 09:00,10.6,1.29337,62.71487,20.51313,18.52999,M60,M28 2AB
18-03-2020 10:00,20.3,1.08363,70.79746,19.35001,17.68846,M60,M28 2AB
18-03-2020 11:00,9.7,2.00414,64.21165,19.59673,16.52377,M60,M28 2AB
18-03-2020 12:00,16.4,null,58.92304,null,null,M60,M28 2AB
18-03-2020 13:00,14.5,3.04116,68.75187,17.55247,12.88942,M60,M28 2AB
18-03-2020 14:00,9.7,1.95753,73.79101,13.4287,10.42719,M60,M28 2AB
18-03-2020 15:00,12.6,8.59914,67.70412,34.57624,21.39108,M60,M28 2AB
18-03-2020 16:00,16.4,1.08363,76.18585,11.57829,9.91674,M60,M28 2AB
18-03-2020 17:00,16.4,1.81771,73.44176,14.64468,11.85757,M60,M28 2AB
18-03-2020 18:00,18.4,0.41947,71.09681,13.4287,12.78552,M60,M28 2AB
18-03-2020 19:00,24.2,0.55929,62.46541,19.8787,19.02113,M60,M28 2AB
18-03-2020 20:00,18.4,0.17478,67.00563,13.11148,12.84349,M60,M28 2AB
18-03-2020 21:00,9.7,0.41947,62.16606,12.15984,11.51666,M60,M28 2AB
18-03-2020 22:00,32.9,13.31818,35.32389,60.05905,39.63811,M60,M28 2AB
18-03-2020 23:00,21.3,3.70532,31.48217,32.67297,26.99155,M60,M28 2AB
19-03-2020 00:00,24.2,5.17347,17.81162,45.30863,37.37609,M60,M28 2AB
19-03-2020 01:00,27.1,14.70868,9.67915,78.99038,56.43739,M60,M28 2AB
19-03-2020 02:00,26.1,6.37376,13.52087,43.45177,33.67881,M60,M28 2AB
19-03-2020 03:00,11.6,22.65836,6.6357,73.60307,38.86072,M60,M28 2AB
19-03-2020 04:00,32.9,1.54091,8.88087,34.81441,32.45172,M60,M28 2AB
19-03-2020 05:00,22.2,6.05857,13.02194,42.02105,32.73136,M60,M28 2AB
19-03-2020 06:00,7.7,1.40083,11.27571,30.04531,27.89741,M60,M28 2AB
19-03-2020 07:00,33.8,17.9656,6.6856,60.83248,33.28562,M60,M28 2AB
19-03-2020 08:00,34.8,39.25816,9.87872,108.31149,48.1165,M60,M28 2AB
19-03-2020 09:00,28,9.52562,29.48647,51.13532,36.52957,M60,M28 2AB
19-03-2020 10:00,28,5.74339,50.94024,32.00594,23.19954,M60,M28 2AB
19-03-2020 11:00,26.1,10.15599,55.13121,44.29961,28.72731,M60,M28 2AB
19-03-2020 12:00,27.1,19.08626,54.78197,60.09062,30.82544,M60,M28 2AB
19-03-2020 13:00,23.2,23.5689,57.17681,68.30407,32.16559,M60,M28 2AB
19-03-2020 14:00,14.5,12.85258,69.2009,40.00743,20.30041,M60,M28 2AB
19-03-2020 15:00,21.3,16.1095,68.60219,46.63117,21.93028,M60,M28 2AB
19-03-2020 16:00,8.7,2.97676,79.37897,12.18769,7.6234,M60,M28 2AB
19-03-2020 17:00,10.6,13.69308,69.64993,45.14745,24.1517,M60,M28 2AB
19-03-2020 18:00,10.6,0.52531,70.74757,13.61842,12.81296,M60,M28 2AB
19-03-2020 19:00,19.3,0.38523,54.38283,25.96509,25.37441,M60,M28 2AB
19-03-2020 20:00,14.5,0.31519,50.49121,25.3822,24.89892,M60,M28 2AB
19-03-2020 21:00,21.3,0.28017,48.29594,22.89167,22.46209,M60,M28 2AB
19-03-2020 22:00,21.3,0.14008,48.99444,18.4935,18.27871,M60,M28 2AB
19-03-2020 23:00,21.3,0.21012,39.66454,22.94466,22.62247,M60,M28 2AB
20-03-2020 00:00,28,4.55269,26.5927,44.93549,37.95481,M60,M28 2AB
20-03-2020 01:00,23.2,7.11065,31.43228,46.66692,35.76407,M60,M28 2AB
20-03-2020 02:00,27.1,3.46176,25.79442,42.48885,37.18088,M60,M28 2AB
20-03-2020 03:00,26.1,1.50867,35.87271,26.55553,24.24226,M60,M28 2AB
20-03-2020 04:00,9.7,2.28056,50.94024,17.31421,13.81741,M60,M28 2AB
20-03-2020 05:00,13.5,3.99974,41.31099,25.33398,19.20113,M60,M28 2AB
20-03-2020 06:00,15.5,9.05205,40.51271,37.39019,23.51058,M60,M28 2AB
20-03-2020 07:00,14.5,39.71673,23.15012,107.54989,46.65176,M60,M28 2AB
20-03-2020 08:00,33.8,59.57509,22.95055,145.31186,53.96466,M60,M28 2AB
20-03-2020 09:00,49.3,63.57483,28.83787,155.29674,57.81669,M60,M28 2AB
20-03-2020 10:00,51.2,52.76851,39.51486,127.99765,47.08706,M60,M28 2AB
20-03-2020 11:00,36.7,54.90872,41.46067,136.49542,52.30322,M60,M28 2AB
20-03-2020 12:00,27.1,59.04881,42.75787,143.29364,52.7534,M60,M28 2AB
20-03-2020 13:00,29,46.5233,50.89035,118.70322,47.36848,M60,M28 2AB
20-03-2020 14:00,28,43.26036,48.69508,119.81855,53.48693,M60,M28 2AB
20-03-2020 15:00,21.3,58.3471,48.14626,150.25119,60.78688,M60,M28 2AB
20-03-2020 16:00,17.4,52.24223,49.79272,133.89298,53.78934,M60,M28 2AB
20-03-2020 17:00,19.3,48.27757,49.04433,132.93698,58.9124,M60,M28 2AB
20-03-2020 18:00,13.5,41.57625,50.14196,119.12811,55.37874,M60,M28 2AB
20-03-2020 19:00,11.6,30.76994,49.14411,102.7699,55.58999,M60,M28 2AB
20-03-2020 20:00,13.5,29.05075,46.84906,98.20235,53.65849,M60,M28 2AB
20-03-2020 21:00,7.7,25.05101,47.19831,86.9428,48.53179,M60,M28 2AB
20-03-2020 22:00,29,16.3849,52.98584,63.57394,38.45077,M60,M28 2AB
20-03-2020 23:00,27.1,10.49055,61.26799,40.78929,24.70401,M60,M28 2AB
21-03-2020 00:00,20.3,7.68371,61.11831,33.30063,21.51911,M60,M28 2AB
21-03-2020 01:00,11.6,6.46764,61.76692,28.81634,18.89942,M60,M28 2AB
21-03-2020 02:00,17.4,5.90524,61.91659,23.63508,14.5805,M60,M28 2AB
21-03-2020 03:00,13.5,5.94039,58.37423,25.97729,16.86882,M60,M28 2AB
21-03-2020 04:00,11.6,4.49923,69.45036,16.12934,9.23062,M60,M28 2AB
21-03-2020 05:00,16.4,4.60468,67.05552,17.30045,10.24004,M60,M28 2AB
21-03-2020 06:00,19.3,10.33417,62.16606,33.74918,17.90368,M60,M28 2AB
21-03-2020 07:00,27.1,14.6928,63.81251,42.31956,19.79092,M60,M28 2AB
21-03-2020 08:00,35.7,22.00405,59.67143,56.74547,23.0064,M60,M28 2AB
21-03-2020 09:00,26.1,20.17624,63.11401,54.35002,23.41356,M60,M28 2AB
21-03-2020 10:00,34.8,19.75443,65.40907,54.19033,23.90062,M60,M28 2AB
21-03-2020 11:00,26.1,20.98469,62.5652,60.84435,28.66827,M60,M28 2AB
21-03-2020 12:00,25.1,20.59804,66.25724,56.58577,25.00256,M60,M28 2AB
21-03-2020 13:00,38.6,23.79671,68.35273,61.32344,24.83566,M60,M28 2AB
21-03-2020 14:00,22.2,24.32396,70.4981,60.41849,23.12227,M60,M28 2AB
21-03-2020 15:00,60.9,19.43808,73.24219,53.39185,23.58721,M60,M28 2AB
21-03-2020 16:00,18.4,19.57868,71.89509,54.72265,24.70242,M60,M28 2AB
21-03-2020 17:00,18.4,20.03563,71.54585,60.15233,29.43145,M60,M28 2AB
21-03-2020 18:00,18.4,19.93018,70.74757,61.85576,31.29657,M60,M28 2AB
21-03-2020 19:00,17.4,16.69636,74.63918,54.50972,28.90899,M60,M28 2AB
21-03-2020 20:00,null,19.29748,60.32003,65.36908,35.78002,M60,M28 2AB
21-03-2020 21:00,null,13.11104,60.41982,55.25497,35.15166,M60,M28 2AB
21-03-2020 22:00,null,5.79979,66.30713,29.49061,20.59772,M60,M28 2AB
21-03-2020 23:00,null,4.92103,64.21165,27.04193,19.49645,M60,M28 2AB
22-03-2020 00:00,45.4,5.83494,58.27444,30.34233,21.39554,M60,M28 2AB
22-03-2020 01:00,28,5.63441,58.27444,27.81482,19.17552,M60,M28 2AB
22-03-2020 02:00,35.7,3.00502,57.62584,20.62992,16.02229,M60,M28 2AB
22-03-2020 03:00,18.4,0.31694,50.591,11.68436,11.1984,M60,M28 2AB
22-03-2020 04:00,19.3,0.52823,50.591,10.93741,10.12748,M60,M28 2AB
22-03-2020 05:00,17.4,0.24651,48.14626,10.99077,10.6128,M60,M28 2AB
22-03-2020 06:00,15.5,0.38737,46.05078,14.08526,13.4913,M60,M28 2AB
22-03-2020 07:00,22.2,6.86693,41.11142,36.81374,26.28459,M60,M28 2AB
22-03-2020 08:00,18.4,5.14139,46.49981,25.28944,17.40608,M60,M28 2AB
22-03-2020 09:00,28,17.92445,56.5781,53.45995,25.97618,M60,M28 2AB
22-03-2020 10:00,38.6,19.93171,57.82541,54.95384,24.39232,M60,M28 2AB
22-03-2020 11:00,40.6,20.45993,59.67143,58.84862,27.47717,M60,M28 2AB
22-03-2020 12:00,31.9,20.70644,58.47401,61.7297,29.98027,M60,M28 2AB
22-03-2020 13:00,27.1,24.15751,59.62154,71.17322,34.13223,M60,M28 2AB
22-03-2020 14:00,27.1,24.19272,58.27444,72.77382,35.67883,M60,M28 2AB
22-03-2020 15:00,26.1,30.7075,56.22885,91.92763,44.84345,M60,M28 2AB
22-03-2020 16:00,25.1,25.88305,58.5738,79.65639,39.96961,M60,M28 2AB
22-03-2020 17:00,null,20.53036,62.71487,66.21137,34.73192,M60,M28 2AB
22-03-2020 18:00,null,25.95348,55.231,81.79052,41.99574,M60,M28 2AB
22-03-2020 19:00,null,19.61477,53.48476,70.69304,40.61748,M60,M28 2AB
22-03-2020 20:00,11.6,21.37552,35.12432,87.55267,54.77732,M60,M28 2AB
22-03-2020 21:00,null,10.7758,43.00734,56.76785,40.24519,M60,M28 2AB
22-03-2020 22:00,null,11.79703,52.38713,50.31211,32.22357,M60,M28 2AB
22-03-2020 23:00,null,6.33871,57.77552,33.66589,23.94668,M60,M28 2AB
23-03-2020 00:00,null,5.3879,61.8667,28.7574,20.49607,M60,M28 2AB
23-03-2020 01:00,null,3.52798,67.2052,18.32387,12.91437,M60,M28 2AB
23-03-2020 02:00,null,2.82239,57.12691,22.53052,18.20292,M60,M28 2AB
23-03-2020 03:00,null,7.691,48.04648,38.66194,26.86924,M60,M28 2AB
23-03-2020 04:00,33.8,1.12895,46.35013,19.9994,18.26836,M60,M28 2AB
23-03-2020 05:00,35.7,0.14112,30.13507,24.00997,23.79359,M60,M28 2AB
23-03-2020 06:00,30,2.50487,13.17162,40.74744,36.9067,M60,M28 2AB
23-03-2020 07:00,42.5,63.22143,9.18022,161.06469,64.12651,M60,M28 2AB
23-03-2020 08:00,82.1,159.92341,12.07399,337.52998,92.3175,M60,M28 2AB
23-03-2020 09:00,67.6,210.62051,14.91786,401.37833,78.43138,M60,M28 2AB
23-03-2020 10:00,66.7,99.10101,30.634,222.13237,70.17961,M60,M28 2AB
23-03-2020 11:00,null,49.53286,43.20691,127.42933,51.48,M60,M28 2AB
23-03-2020 12:00,49.3,66.0791,38.31744,161.97375,60.65388,M60,M28 2AB
23-03-2020 13:00,53.1,69.25428,37.12002,173.09641,66.90799,M60,M28 2AB
23-03-2020 14:00,58,68.01949,35.87271,170.36922,66.07413,M60,M28 2AB
23-03-2020 15:00,36.7,54.5426,44.65379,152.50879,68.87798,M60,M28 2AB
23-03-2020 16:00,44.4,78.53287,33.37808,203.41636,83.00096,M60,M28 2AB
23-03-2020 17:00,52.2,79.37959,34.67529,208.87074,87.15706,M60,M28 2AB
23-03-2020 18:00,null,69.50124,29.48647,192.77496,86.20788,M60,M28 2AB
23-03-2020 19:00,null,75.88689,18.26066,212.40004,96.04177,M60,M28 2AB
23-03-2020 20:00,null,46.92216,22.95055,153.31091,81.3646,M60,M28 2AB
23-03-2020 21:00,null,26.77738,18.70969,116.68099,75.62291,M60,M28 2AB
23-03-2020 22:00,null,25.47203,37.51916,93.84745,54.79089,M60,M28 2AB
23-03-2020 23:00,null,22.86132,36.87056,85.29156,50.23802,M60,M28 2AB
24-03-2020 00:00,null,11.21898,38.16776,60.15862,42.95642,M60,M28 2AB
24-03-2020 01:00,null,8.24708,38.26755,51.16576,38.52042,M60,M28 2AB
24-03-2020 02:00,null,6.78617,46.30024,40.37522,29.96991,M60,M28 2AB
24-03-2020 03:00,null,6.32669,47.99659,41.10769,31.40691,M60,M28 2AB
24-03-2020 04:00,null,4.87756,47.39788,38.5887,31.10989,M60,M28 2AB
24-03-2020 05:00,null,12.51199,44.70368,60.13406,40.94928,M60,M28 2AB
24-03-2020 06:00,null,32.16359,35.67314,100.16984,50.85302,M60,M28 2AB
24-03-2020 07:00,44.4,83.34259,18.6598,209.23653,81.44635,M60,M28 2AB
24-03-2020 08:00,58.9,99.283,17.46238,230.19234,77.96052,M60,M28 2AB
24-03-2020 09:00,null,80.09088,24.99614,195.73048,72.92617,M60,M28 2AB
24-03-2020 10:00,73.4,69.52284,29.38668,168.77198,62.17178,M60,M28 2AB
24-03-2020 11:00,74.4,72.13835,31.88131,175.04265,64.43206,M60,M28 2AB
24-03-2020 12:00,54.1,58.95481,38.86626,148.88808,58.49198,M60,M28 2AB
24-03-2020 13:00,53.1,46.05402,46.30024,119.89296,49.27777,M60,M28 2AB
24-03-2020 14:00,51.2,47.32643,45.75142,125.94924,53.38306,M60,M28 2AB
24-03-2020 15:00,54.1,40.25751,49.09422,113.89027,52.16295,M60,M28 2AB
24-03-2020 16:00,52.2,44.14542,48.34583,129.59373,61.90504,M60,M28 2AB
24-03-2020 17:00,46.4,50.26003,41.76002,150.87111,73.8068,M60,M28 2AB
24-03-2020 18:00,44.4,37.85408,43.75572,129.43295,71.39084,M60,M28 2AB
24-03-2020 19:00,46.4,26.08432,50.591,92.82727,52.83187,M60,M28 2AB
24-03-2020 20:00,35.7,22.83262,49.8925,83.87684,48.86731,M60,M28 2AB
24-03-2020 21:00,41.5,14.70336,50.04218,68.22697,45.68214,M60,M28 2AB
24-03-2020 22:00,39.6,11.52234,55.72992,53.97059,36.30325,M60,M28 2AB
24-03-2020 23:00,null,7.38702,51.04003,44.96656,33.63995,M60,M28 2AB
25-03-2020 00:00,null,2.79222,46.44992,34.51545,30.2341,M60,M28 2AB
25-03-2020 01:00,null,0.18885,52.68648,18.04875,17.75918,M60,M28 2AB
25-03-2020 02:00,null,4.1429,36.72088,35.39918,29.04682,M60,M28 2AB
25-03-2020 03:00,20.3,5.24059,35.22411,43.45666,35.4212,M60,M28 2AB
25-03-2020 04:00,41.5,10.19791,37.41938,52.15874,36.52216,M60,M28 2AB
25-03-2020 05:00,46.4,6.86942,45.2525,42.75834,32.22538,M60,M28 2AB
25-03-2020 06:00,40.6,36.18841,22.75098,116.02767,60.53955,M60,M28 2AB
25-03-2020 07:00,34.8,46.77582,16.46453,140.09267,68.37075,M60,M28 2AB
25-03-2020 08:00,52.2,94.9326,16.11528,236.46009,90.89881,M60,M28 2AB
25-03-2020 09:00,53.1,66.81754,31.58195,179.03714,76.58501,M60,M28 2AB
25-03-2020 10:00,46.4,50.77708,37.07013,147.07581,69.21871,M60,M28 2AB
25-03-2020 11:00,50.2,38.56084,43.80562,117.47802,58.35222,M60,M28 2AB
25-03-2020 12:00,43.5,43.37651,50.24175,124.13886,57.62914,M60,M28 2AB
25-03-2020 13:00,32.9,17.3152,69.00133,58.8733,32.3237,M60,M28 2AB
25-03-2020 14:00,null,30.73536,59.52175,101.79279,54.6659,M60,M28 2AB
25-03-2020 15:00,null,19.93549,74.78886,70.15377,39.58644,M60,M28 2AB
25-03-2020 16:00,null,35.0553,58.67358,112.42866,58.67794,M60,M28 2AB
25-03-2020 17:00,null,25.601,72.39402,90.88834,51.63403,M60,M28 2AB
25-03-2020 18:00,null,36.47168,29.43658,136.70853,80.78606,M60,M28 2AB
25-03-2020 19:00,null,42.98701,10.42753,162.6536,96.74111,M60,M28 2AB
25-03-2020 20:00,null,24.00757,8.6314,130.15511,93.34402,M60,M28 2AB
25-03-2020 21:00,null,2.19538,17.3127,73.16189,69.79568,M60,M28 2AB
25-03-2020 22:00,null,1.8767,16.01549,64.03008,61.15252,M60,M28 2AB
25-03-2020 23:00,null,5.73632,11.22581,76.86833,68.07276,M60,M28 2AB
26-03-2020 00:00,null,4.81568,10.17807,65.53415,58.15021,M60,M28 2AB
26-03-2020 01:00,null,2.22305,13.47098,55.05792,51.64929,M60,M28 2AB
26-03-2020 02:00,null,0.47299,16.16517,37.82989,37.10465,M60,M28 2AB
26-03-2020 03:00,null,0.49664,16.16517,36.39422,35.63272,M60,M28 2AB
26-03-2020 04:00,null,0.24832,15.9656,29.87987,29.49912,M60,M28 2AB
26-03-2020 05:00,null,1.17065,13.02194,31.38732,29.59235,M60,M28 2AB
26-03-2020 06:00,null,1.06423,16.81377,33.27164,31.63985,M60,M28 2AB
26-03-2020 07:00,null,4.00858,15.81592,39.40913,33.26272,M60,M28 2AB
26-03-2020 08:00,null,14.26062,22.00259,62.82848,40.9625,M60,M28 2AB
26-03-2020 09:00,null,8.97497,46.05078,48.34617,34.58474,M60,M28 2AB
26-03-2020 10:00,null,17.5952,58.5738,65.1435,38.16457,M60,M28 2AB
26-03-2020 11:00,null,33.09742,54.18326,107.08299,56.33433,M60,M28 2AB
26-03-2020 12:00,null,22.88085,66.65638,80.05652,44.97303,M60,M28 2AB
26-03-2020 13:00,null,27.88271,59.27229,94.9157,52.1628,M60,M28 2AB
26-03-2020 14:00,null,32.38793,62.76477,103.26052,53.59972,M60,M28 2AB
26-03-2020 15:00,null,36.89316,56.97724,117.20446,60.63575,M60,M28 2AB
26-03-2020 16:00,null,29.55,56.42842,102.61447,57.30511,M60,M28 2AB
26-03-2020 17:00,null,38.59592,48.74497,131.95597,72.77639,M60,M28 2AB
26-03-2020 18:00,null,31.6075,46.00089,124.14952,75.68535,M60,M28 2AB
26-03-2020 19:00,null,6.42083,57.47616,61.59022,51.74509,M60,M28 2AB
26-03-2020 20:00,null,0.24832,53.68433,45.06207,44.68132,M60,M28 2AB
26-03-2020 21:00,null,0.35474,40.96174,53.72993,53.186,M60,M28 2AB
26-03-2020 22:00,null,0.88686,44.00519,48.07698,46.71716,M60,M28 2AB
26-03-2020 23:00,null,3.26363,53.33508,41.83182,36.82766,M60,M28 2AB
27-03-2020 00:00,null,3.01531,56.12906,38.06319,33.43978,M60,M28 2AB
27-03-2020 01:00,null,0.42647,55.72992,26.40379,25.74988,M60,M28 2AB
27-03-2020 02:00,null,4.79776,38.06798,50.50534,43.14887,M60,M28 2AB
27-03-2020 03:00,null,0.1777,56.77767,23.41807,23.14561,M60,M28 2AB
27-03-2020 04:00,null,0.31985,64.11186,23.20224,22.71181,M60,M28 2AB
27-03-2020 05:00,null,1.84803,60.61939,29.02978,26.19618,M60,M28 2AB
27-03-2020 06:00,null,13.54035,48.5454,66.0994,45.33782,M60,M28 2AB
27-03-2020 07:00,null,4.76222,50.79057,42.57341,35.27144,M60,M28 2AB
27-03-2020 08:00,null,61.9089,29.73593,168.18925,73.26359,M60,M28 2AB
27-03-2020 09:00,null,37.35147,46.20046,117.62996,60.3585,M60,M28 2AB
27-03-2020 10:00,null,37.45808,56.07917,117.25224,59.81732,M60,M28 2AB
27-03-2020 11:00,null,31.09661,66.5067,103.3309,55.6501,M60,M28 2AB
27-03-2020 12:00,null,23.45573,75.78671,84.28348,48.31854,M60,M28 2AB
27-03-2020 13:00,null,21.35893,79.62843,77.21489,44.465,M60,M28 2AB
27-03-2020 14:00,null,24.45082,76.08606,83.4741,45.98337,M60,M28 2AB
27-03-2020 15:00,null,27.64933,72.4938,98.09691,55.70187,M60,M28 2AB
27-03-2020 16:00,null,20.04399,75.73682,75.00259,44.26891,M60,M28 2AB
27-03-2020 17:00,null,20.36384,69.69982,88.22247,56.99835,M60,M28 2AB
27-03-2020 18:00,null,16.98763,68.95144,88.76205,62.71471,M60,M28 2AB
27-03-2020 19:00,null,5.72178,84.66757,45.5951,36.82183,M60,M28 2AB
27-03-2020 20:00,null,2.70096,91.40306,30.05499,25.91358,M60,M28 2AB
27-03-2020 21:00,null,2.52327,86.26413,32.86085,28.99189,M60,M28 2AB
27-03-2020 22:00,null,2.55881,83.42026,31.67375,27.75031,M60,M28 2AB
27-03-2020 23:00,null,0.99509,84.11876,20.7741,19.24831,M60,M28 2AB
28-03-2020 00:00,null,0.74632,82.17295,19.04742,17.90308,M60,M28 2AB
28-03-2020 01:00,null,1.61404,77.93209,24.8767,22.40188,M60,M28 2AB
28-03-2020 02:00,null,1.18679,87.91059,15.07023,13.25051,M60,M28 2AB
28-03-2020 03:00,null,0.99691,83.37037,11.57308,10.04451,M60,M28 2AB
28-03-2020 04:00,null,1.03251,77.98198,10.32924,8.74608,M60,M28 2AB
28-03-2020 05:00,null,1.53096,77.8323,11.08636,8.73891,M60,M28 2AB
28-03-2020 06:00,null,2.67028,72.74327,19.57688,15.48251,M60,M28 2AB
28-03-2020 07:00,null,5.55419,67.05552,32.39379,23.87749,M60,M28 2AB
28-03-2020 08:00,null,9.18577,68.5523,40.34352,26.25887,M60,M28 2AB
28-03-2020 09:00,null,7.36998,77.8323,31.85299,20.55252,M60,M28 2AB
28-03-2020 10:00,null,5.51858,77.1837,26.82357,18.36186,M60,M28 2AB
28-03-2020 11:00,null,7.548,76.43531,32.12339,20.54996,M60,M28 2AB
28-03-2020 12:00,null,10.21828,81.1751,36.07122,20.4034,M60,M28 2AB
28-03-2020 13:00,null,7.93964,82.87144,31.90707,19.73313,M60,M28 2AB
28-03-2020 14:00,null,5.91023,83.22069,27.36437,18.30215,M60,M28 2AB
28-03-2020 15:00,null,5.30496,82.22284,24.66038,16.52622,M60,M28 2AB
28-03-2020 16:00,null,3.02632,84.5179,17.30553,12.66524,M60,M28 2AB
28-03-2020 17:00,null,3.66719,84.468,20.6044,14.98145,M60,M28 2AB
28-03-2020 18:00,null,1.53096,86.5136,10.00476,7.65732,M60,M28 2AB
28-03-2020 19:00,null,5.44738,78.33123,27.90517,19.55264,M60,M28 2AB
28-03-2020 20:00,null,1.06811,83.61983,9.30172,7.66397,M60,M28 2AB
28-03-2020 21:00,null,0.67647,82.37252,8.27421,7.23697,M60,M28 2AB
28-03-2020 22:00,null,0.60526,84.31833,6.92221,5.99415,M60,M28 2AB
28-03-2020 23:00,null,0.53406,85.61553,6.1651,5.34622,M60,M28 2AB
29-03-2020 00:00,null,0.60526,85.51575,4.97534,4.04728,M60,M28 2AB
29-03-2020 01:00,null,0.33291,83.91919,4.76968,4.25923,M60,M28 2AB
29-03-2020 02:00,null,0.14268,85.96478,2.43904,2.22028,M60,M28 2AB
29-03-2020 03:00,null,0.10701,88.30973,1.95123,1.78716,M60,M28 2AB
29-03-2020 04:00,null,0.28535,85.96478,2.81845,2.38092,M60,M28 2AB
29-03-2020 05:00,null,0.24968,85.71532,2.71004,2.32721,M60,M28 2AB
29-03-2020 06:00,null,0.42802,84.56779,4.82388,4.16759,M60,M28 2AB
29-03-2020 07:00,null,2.53247,75.8366,15.28465,11.40159,M60,M28 2AB
29-03-2020 08:00,null,2.99616,80.4766,15.50145,10.9074,M60,M28 2AB
29-03-2020 09:00,null,2.56814,82.07316,12.4662,8.52845,M60,M28 2AB
29-03-2020 10:00,null,4.03055,82.17295,16.85647,10.67639,M60,M28 2AB
29-03-2020 11:00,null,2.81782,86.01467,11.32798,7.00739,M60,M28 2AB
29-03-2020 12:00,null,4.24456,84.21854,17.07328,10.56504,M60,M28 2AB
29-03-2020 13:00,null,3.28151,85.56564,14.47164,9.44006,M60,M28 2AB
29-03-2020 14:00,null,4.17322,83.47015,18.86191,12.46306,M60,M28 2AB
29-03-2020 15:00,null,2.78215,85.71532,13.49602,9.23012,M60,M28 2AB
29-03-2020 16:00,null,0.74904,88.65897,3.79406,2.64555,M60,M28 2AB
29-03-2020 17:00,null,0.39235,88.06026,3.52306,2.92146,M60,M28 2AB
29-03-2020 18:00,null,0.89171,85.26628,6.72091,5.35363,M60,M28 2AB
29-03-2020 19:00,null,0.71337,82.17295,7.37132,6.2775,M60,M28 2AB
29-03-2020 20:00,null,0.35669,80.92564,5.14908,4.60217,M60,M28 2AB
29-03-2020 21:00,null,0.24968,73.39187,6.1247,5.74186,M60,M28 2AB
29-03-2020 22:00,null,1.46241,52.13766,23.84839,21.60605,M60,M28 2AB
29-03-2020 23:00,null,1.17706,44.00519,31.16551,29.3607,M60,M28 2AB
30-03-2020 00:00,null,0.60637,49.8925,17.18168,16.25193,M60,M28 2AB
30-03-2020 01:00,null,0.90525,52.38713,15.21015,13.82213,M60,M28 2AB
30-03-2020 02:00,null,1.072,39.21551,24.28192,22.63821,M60,M28 2AB
30-03-2020 03:00,null,0.35733,33.87701,20.69667,20.14877,M60,M28 2AB
30-03-2020 04:00,null,8.32587,21.35399,49.2157,36.44955,M60,M28 2AB
30-03-2020 05:00,null,4.35947,25.69464,34.8747,28.19028,M60,M28 2AB
30-03-2020 06:00,null,11.64907,16.86367,58.01586,40.1542,M60,M28 2AB
30-03-2020 07:00,null,53.63576,10.37764,143.40999,61.16965,M60,M28 2AB
30-03-2020 08:00,null,23.33388,41.2611,74.31245,38.53434,M60,M28 2AB
30-03-2020 09:00,null,1.608,72.09466,11.84219,9.37662,M60,M28 2AB
30-03-2020 10:00,null,1.21493,75.188,8.47423,6.61135,M60,M28 2AB
30-03-2020 11:00,null,0.71467,76.68477,7.22482,6.12901,M60,M28 2AB
30-03-2020 12:00,null,1.2864,77.33338,10.26685,8.2944,M60,M28 2AB
30-03-2020 13:00,null,1.2864,75.43746,8.4018,6.42935,M60,M28 2AB
30-03-2020 14:00,22.2,null,68.80176,null,null,M60,M28 2AB
30-03-2020 15:00,26.1,7.3968,75.53725,30.4203,19.0787,M60,M28 2AB
30-03-2020 16:00,24.2,2.71574,79.22929,14.72125,10.55719,M60,M28 2AB
30-03-2020 17:00,32.9,1.89387,80.72607,13.41753,10.51364,M60,M28 2AB
30-03-2020 18:00,6.8,3.39467,77.28348,20.58803,15.38294,M60,M28 2AB
30-03-2020 19:00,10.6,2.85867,76.33553,20.26209,15.87886,M60,M28 2AB
30-03-2020 20:00,6.8,0.78613,80.72607,10.32117,9.11579,M60,M28 2AB
30-03-2020 21:00,7.7,0.4288,81.8237,6.84457,6.18708,M60,M28 2AB
30-03-2020 22:00,6.8,0.25013,77.73252,9.3977,9.01417,M60,M28 2AB
30-03-2020 23:00,7.7,0.25013,78.18155,4.83466,4.45112,M60,M28 2AB
31-03-2020 00:00,2.9,0.3216,81.27488,3.09635,2.60324,M60,M28 2AB
31-03-2020 01:00,14.5,0.47629,79.37897,5.21322,4.48292,M60,M28 2AB
31-03-2020 02:00,16.4,0.38103,77.58284,3.04104,2.45681,M60,M28 2AB
31-03-2020 03:00,21.3,0.28577,70.94714,3.14965,2.71148,M60,M28 2AB
31-03-2020 04:00,null,0.39294,60.22025,5.53904,4.93655,M60,M28 2AB
31-03-2020 05:00,21.3,12.75253,44.50411,50.55735,31.00374,M60,M28 2AB
31-03-2020 06:00,9.7,10.82358,53.68433,48.16796,31.57203,M60,M28 2AB
31-03-2020 07:00,7.7,16.89621,41.36088,73.03935,47.13218,M60,M28 2AB
31-03-2020 08:00,12.6,6.35841,58.77337,36.2753,26.52589,M60,M28 2AB
31-03-2020 09:00,50.2,22.82596,54.93164,81.07639,46.07707,M60,M28 2AB
31-03-2020 10:00,24.2,20.39691,55.03143,74.77708,43.50226,M60,M28 2AB
31-03-2020 11:00,30,30.22029,51.43917,96.49882,50.1617,M60,M28 2AB
31-03-2020 12:00,18.4,27.11253,61.91659,81.02209,39.45012,M60,M28 2AB
31-03-2020 13:00,28,35.47133,50.19186,106.165,51.77639,M60,M28 2AB
31-03-2020 14:00,19.3,23.2189,59.07272,69.72678,34.12497,M60,M28 2AB
31-03-2020 15:00,16.4,28.5771,60.07057,86.99556,43.17795,M60,M28 2AB
31-03-2020 16:00,16.4,17.14626,64.86025,60.60365,34.31308,M60,M28 2AB
31-03-2020 17:00,12.6,0.53582,76.38542,11.02378,10.2022,M60,M28 2AB
31-03-2020 18:00,9.7,0.32149,76.93424,11.07809,10.58514,M60,M28 2AB
31-03-2020 19:00,13.5,0.32149,76.73467,10.64365,10.15071,M60,M28 2AB
31-03-2020 20:00,9.7,0.21433,70.24864,11.2953,10.96667,M60,M28 2AB
31-03-2020 21:00,7.7,0.39294,70.4981,12.21848,11.61599,M60,M28 2AB
31-03-2020 22:00,7.7,0.28577,81.97338,7.65691,7.21874,M60,M28 2AB
31-03-2020 23:00,7.7,0.28577,79.22929,6.57083,6.13265,M60,M28 2AB
