timestamp,NOx level  (µg/m³),NO₂ level  (µg/m³),PM₁₀ level  (µg/m³),NO level  (µg/m³),StationName,PostCodes
01-02-2020 00:00,20.59867,13.50513,5.797,4.62628,BURW,M45 8GW
01-02-2020 01:00,10.91476,7.82055,13.527,2.01799,BURW,M45 8GW
01-02-2020 02:00,13.91472,9.9825,26.087,2.56453,BURW,M45 8GW
01-02-2020 03:00,11.58496,9.16762,26.087,1.57655,BURW,M45 8GW
01-02-2020 04:00,7.37225,5.09994,27.054,1.48196,BURW,M45 8GW
01-02-2020 05:00,5.69674,3.56947,27.054,1.38737,BURW,M45 8GW
01-02-2020 06:00,5.60099,3.42538,23.189,1.4189,BURW,M45 8GW
01-02-2020 07:00,11.15412,7.4314,18.358,2.42789,BURW,M45 8GW
01-02-2020 08:00,23.31354,13.98258,20.29,6.08549,BURW,M45 8GW
01-02-2020 09:00,20.48911,12.07674,12.561,5.4864,BURW,M45 8GW
01-02-2020 10:00,20.05826,11.5492,10.628,5.54947,BURW,M45 8GW
01-02-2020 11:00,17.18596,7.95169,18.358,6.02243,BURW,M45 8GW
01-02-2020 12:00,20.05826,9.85705,20.29,6.65305,BURW,M45 8GW
01-02-2020 13:00,21.49441,10.76139,17.392,6.9999,BURW,M45 8GW
01-02-2020 14:00,20.01039,10.38935,18.358,6.27468,BURW,M45 8GW
01-02-2020 15:00,23.31354,12.82225,14.493,6.84224,BURW,M45 8GW
01-02-2020 16:00,26.71243,15.25421,8.696,7.47286,BURW,M45 8GW
01-02-2020 17:00,22.93057,11.81077,9.662,7.25214,BURW,M45 8GW
01-02-2020 18:00,21.11144,12.69907,12.561,5.4864,BURW,M45 8GW
01-02-2020 19:00,17.23383,10.46526,13.527,4.41435,BURW,M45 8GW
01-02-2020 20:00,23.5529,13.83516,17.392,6.33774,BURW,M45 8GW
01-02-2020 21:00,23.79226,15.81501,13.527,5.20262,BURW,M45 8GW
01-02-2020 22:00,17.09021,12.11048,15.459,3.2477,BURW,M45 8GW
01-02-2020 23:00,20.34549,15.02733,16.425,3.46842,BURW,M45 8GW
02-02-2020 00:00,29.72835,24.16845,15.459,3.62607,BURW,M45 8GW
02-02-2020 01:00,35.67536,32.25237,16.425,2.23242,BURW,M45 8GW
02-02-2020 02:00,43.28355,40.76474,15.459,1.64272,BURW,M45 8GW
02-02-2020 03:00,17.83768,17.15954,11.594,0.44227,BURW,M45 8GW
02-02-2020 04:00,16.01555,15.14366,7.73,0.56864,BURW,M45 8GW
02-02-2020 05:00,10.54917,10.01634,4.831,0.3475,BURW,M45 8GW
02-02-2020 06:00,4.93893,3.67953,5.797,0.82136,BURW,M45 8GW
02-02-2020 07:00,5.17868,4.25835,3.865,0.60023,BURW,M45 8GW
02-02-2020 08:00,10.45326,9.53293,0.966,0.60023,BURW,M45 8GW
02-02-2020 09:00,13.80982,12.06603,-1.932,1.13727,BURW,M45 8GW
02-02-2020 10:00,21.29014,19.64322,1.932,1.07409,BURW,M45 8GW
02-02-2020 11:00,60.37,41.09145,6.763,12.57314,BURW,M45 8GW
02-02-2020 12:00,67.99417,40.33575,15.459,18.03836,BURW,M45 8GW
02-02-2020 13:00,72.98105,37.81465,13.527,22.93493,BURW,M45 8GW
02-02-2020 14:00,63.295,32.92401,10.628,19.80744,BURW,M45 8GW
02-02-2020 15:00,39.55937,21.97617,16.425,11.46747,BURW,M45 8GW
02-02-2020 16:00,33.85323,18.69196,26.087,9.88793,BURW,M45 8GW
02-02-2020 17:00,45.40937,28.45587,18.358,11.05679,BURW,M45 8GW
02-02-2020 18:00,50.7319,33.34245,25.121,11.3411,BURW,M45 8GW
02-02-2020 19:00,40.902,27.77514,13.527,8.56111,BURW,M45 8GW
02-02-2020 20:00,42.53232,29.64766,26.087,8.40316,BURW,M45 8GW
02-02-2020 21:00,34.81225,24.8339,26.087,6.50771,BURW,M45 8GW
02-02-2020 22:00,23.06431,16.47667,23.189,4.29635,BURW,M45 8GW
02-02-2020 23:00,21.00243,14.65698,21.256,4.1384,BURW,M45 8GW
03-02-2020 00:00,17.50203,11.83471,19.324,3.69613,BURW,M45 8GW
03-02-2020 01:00,8.7094,6.63878,16.425,1.35042,BURW,M45 8GW
03-02-2020 02:00,2.11331,0.94859,13.527,0.75961,BURW,M45 8GW
03-02-2020 03:00,1.72907,1.19524,11.594,0.34816,BURW,M45 8GW
03-02-2020 04:00,2.97785,1.57047,8.696,0.91787,BURW,M45 8GW
03-02-2020 05:00,4.17859,2.52856,20.29,1.07612,BURW,M45 8GW
03-02-2020 06:00,6.24387,3.81736,21.256,1.58253,BURW,M45 8GW
03-02-2020 07:00,22.62202,13.35275,21.256,6.04526,BURW,M45 8GW
03-02-2020 08:00,22.4299,12.72386,13.527,6.33012,BURW,M45 8GW
03-02-2020 09:00,34.67749,22.69054,21.256,7.81769,BURW,M45 8GW
03-02-2020 10:00,27.80924,17.47231,24.155,6.74157,BURW,M45 8GW
03-02-2020 11:00,23.24641,12.81242,23.189,6.80487,BURW,M45 8GW
03-02-2020 12:00,24.15898,12.51173,22.223,7.59614,BURW,M45 8GW
03-02-2020 13:00,17.05057,8.8975,19.324,5.3173,BURW,M45 8GW
03-02-2020 14:00,25.74396,12.88346,23.189,8.3874,BURW,M45 8GW
03-02-2020 15:00,24.73533,13.33074,18.358,7.43788,BURW,M45 8GW
03-02-2020 16:00,22.57399,12.91648,22.223,6.29846,BURW,M45 8GW
03-02-2020 17:00,32.32404,18.9297,20.29,8.73556,BURW,M45 8GW
03-02-2020 18:00,41.88196,26.3523,20.29,10.12818,BURW,M45 8GW
03-02-2020 19:00,22.52596,14.51848,11.594,5.22234,BURW,M45 8GW
03-02-2020 20:00,30.49891,19.57961,8.696,7.12138,BURW,M45 8GW
03-02-2020 21:00,15.89785,10.41394,11.594,3.57651,BURW,M45 8GW
03-02-2020 22:00,8.78945,4.95556,9.662,2.5004,BURW,M45 8GW
03-02-2020 23:00,4.75495,2.23138,14.493,1.64583,BURW,M45 8GW
04-02-2020 00:00,4.41874,2.13782,9.662,1.48758,BURW,M45 8GW
04-02-2020 01:00,4.42601,1.76801,12.561,1.7335,BURW,M45 8GW
04-02-2020 02:00,2.5658,0.94508,14.493,1.05701,BURW,M45 8GW
04-02-2020 03:00,1.73192,0.32188,11.594,0.9196,BURW,M45 8GW
04-02-2020 04:00,2.11679,0.56089,17.392,1.01473,BURW,M45 8GW
04-02-2020 05:00,2.69409,1.13819,19.324,1.01473,BURW,M45 8GW
04-02-2020 06:00,3.51194,1.08085,14.493,1.58552,BURW,M45 8GW
04-02-2020 07:00,12.07531,5.65723,16.425,4.18576,BURW,M45 8GW
04-02-2020 08:00,17.70403,8.85486,19.324,5.77128,BURW,M45 8GW
04-02-2020 09:00,23.62141,11.66044,14.493,7.80074,BURW,M45 8GW
04-02-2020 10:00,36.99566,18.22763,7.73,12.24019,BURW,M45 8GW
04-02-2020 11:00,35.16752,20.82408,20.29,9.35455,BURW,M45 8GW
04-02-2020 12:00,30.93395,18.04917,21.256,8.40324,BURW,M45 8GW
04-02-2020 13:00,22.65924,11.96244,18.358,6.97627,BURW,M45 8GW
04-02-2020 14:00,17.17484,8.66602,14.493,5.54931,BURW,M45 8GW
04-02-2020 15:00,21.31219,10.03193,15.459,7.3568,BURW,M45 8GW
04-02-2020 16:00,27.61444,12.78479,19.324,9.67165,BURW,M45 8GW
04-02-2020 17:00,30.35664,16.49942,16.425,9.03744,BURW,M45 8GW
04-02-2020 18:00,63.74414,36.22419,19.324,17.94805,BURW,M45 8GW
04-02-2020 19:00,77.55136,42.15467,20.29,23.08512,BURW,M45 8GW
04-02-2020 20:00,83.99794,45.10048,18.358,25.36826,BURW,M45 8GW
04-02-2020 21:00,60.52085,35.52923,19.324,16.29911,BURW,M45 8GW
04-02-2020 22:00,53.54508,35.26327,18.358,11.92308,BURW,M45 8GW
04-02-2020 23:00,68.93989,40.78785,16.425,18.36028,BURW,M45 8GW
05-02-2020 00:00,103.38578,48.58898,28.02,35.73754,BURW,M45 8GW
05-02-2020 01:00,55.7051,39.72708,22.223,10.42059,BURW,M45 8GW
05-02-2020 02:00,47.86655,42.34569,22.223,3.60061,BURW,M45 8GW
05-02-2020 03:00,44.33278,38.73073,24.155,3.65356,BURW,M45 8GW
05-02-2020 04:00,36.47816,30.8274,21.256,3.68533,BURW,M45 8GW
05-02-2020 05:00,73.14908,37.53955,21.256,23.22393,BURW,M45 8GW
05-02-2020 06:00,83.12395,38.69728,18.358,28.97432,BURW,M45 8GW
05-02-2020 07:00,121.86694,48.89419,10.628,47.59159,BURW,M45 8GW
05-02-2020 08:00,121.86694,53.47326,6.763,44.6052,BURW,M45 8GW
05-02-2020 09:00,170.82575,59.56422,15.459,72.56288,BURW,M45 8GW
05-02-2020 10:00,126.54116,58.53718,10.628,44.35104,BURW,M45 8GW
05-02-2020 11:00,126.68572,51.17987,19.324,49.24363,BURW,M45 8GW
05-02-2020 12:00,106.10953,50.43006,26.087,36.31321,BURW,M45 8GW
05-02-2020 13:00,139.06999,62.63858,42.513,49.84727,BURW,M45 8GW
05-02-2020 14:00,143.40689,67.7549,42.513,49.33894,BURW,M45 8GW
05-02-2020 15:00,91.89413,48.49045,51.209,28.30715,BURW,M45 8GW
05-02-2020 16:00,85.58153,47.04919,46.378,25.13014,BURW,M45 8GW
05-02-2020 17:00,114.63877,59.30029,41.547,36.09082,BURW,M45 8GW
05-02-2020 18:00,179.21042,82.90393,41.547,62.80946,BURW,M45 8GW
05-02-2020 19:00,234.1927,86.00638,45.411,96.6446,BURW,M45 8GW
05-02-2020 20:00,243.63751,88.33902,43.479,101.28304,BURW,M45 8GW
05-02-2020 21:00,284.69352,82.43526,41.547,131.9094,BURW,M45 8GW
05-02-2020 22:00,275.97152,73.95684,38.648,131.75055,BURW,M45 8GW
05-02-2020 23:00,369.40767,82.53414,41.547,187.09404,BURW,M45 8GW
06-02-2020 00:00,329.89367,68.10758,45.411,170.73244,BURW,M45 8GW
06-02-2020 01:00,280.91285,68.05763,38.648,138.82056,BURW,M45 8GW
06-02-2020 02:00,172.98826,59.89062,41.547,73.76036,BURW,M45 8GW
06-02-2020 03:00,115.45422,52.49566,34.783,41.0605,BURW,M45 8GW
06-02-2020 04:00,98.36777,47.31765,34.783,33.29402,BURW,M45 8GW
06-02-2020 05:00,88.8592,44.05614,28.02,29.2198,BURW,M45 8GW
06-02-2020 06:00,119.74996,42.44272,26.087,50.41847,BURW,M45 8GW
06-02-2020 07:00,256.29678,58.34338,28.986,129.10185,BURW,M45 8GW
06-02-2020 08:00,326.81459,74.68755,37.682,164.43297,BURW,M45 8GW
06-02-2020 09:00,328.5522,71.49584,36.716,167.64779,BURW,M45 8GW
06-02-2020 10:00,219.08306,64.90782,40.58,100.55048,BURW,M45 8GW
06-02-2020 11:00,131.4788,53.00023,33.817,51.18239,BURW,M45 8GW
06-02-2020 12:00,142.86977,52.09232,36.716,59.20351,BURW,M45 8GW
06-02-2020 13:00,170.43012,62.57089,37.682,70.34395,BURW,M45 8GW
06-02-2020 14:00,119.94303,57.1797,52.175,40.93318,BURW,M45 8GW
06-02-2020 15:00,98.65737,56.63619,46.378,27.4055,BURW,M45 8GW
06-02-2020 16:00,68.53888,48.23596,32.851,13.24122,BURW,M45 8GW
06-02-2020 17:00,197.6526,80.66683,66.668,76.29614,BURW,M45 8GW
06-02-2020 18:00,434.40132,106.6264,57.972,213.76923,BURW,M45 8GW
06-02-2020 19:00,408.48204,101.40048,57.006,200.27338,BURW,M45 8GW
06-02-2020 20:00,312.76895,81.04243,51.209,151.1281,BURW,M45 8GW
06-02-2020 21:00,281.29899,73.53576,47.344,135.49964,BURW,M45 8GW
06-02-2020 22:00,266.09494,72.28997,45.411,126.39631,BURW,M45 8GW
06-02-2020 23:00,384.92784,79.16401,48.31,199.41397,BURW,M45 8GW
07-02-2020 00:00,383.72116,71.8079,43.479,203.42453,BURW,M45 8GW
07-02-2020 01:00,372.06949,63.30309,42.513,201.3722,BURW,M45 8GW
07-02-2020 02:00,192.54532,46.31157,31.885,95.37117,BURW,M45 8GW
07-02-2020 03:00,159.2995,41.40954,31.885,76.88583,BURW,M45 8GW
07-02-2020 04:00,102.5415,41.81179,30.918,39.60688,BURW,M45 8GW
07-02-2020 05:00,117.67374,47.50697,28.986,45.76158,BURW,M45 8GW
07-02-2020 06:00,161.52341,43.38897,29.952,77.04528,BURW,M45 8GW
07-02-2020 07:00,190.6276,60.61126,30.918,84.79445,BURW,M45 8GW
07-02-2020 08:00,135.36832,60.01849,36.716,49.14188,BURW,M45 8GW
07-02-2020 09:00,216.87938,70.77602,35.749,95.28613,BURW,M45 8GW
07-02-2020 10:00,127.97141,51.39916,22.223,49.93911,BURW,M45 8GW
07-02-2020 11:00,32.73013,22.07064,20.29,6.95193,BURW,M45 8GW
07-02-2020 12:00,32.58509,21.38774,21.256,7.30272,BURW,M45 8GW
07-02-2020 13:00,32.4884,23.05133,18.358,6.15469,BURW,M45 8GW
07-02-2020 14:00,35.3408,24.87691,30.918,6.82438,BURW,M45 8GW
07-02-2020 15:00,37.6614,28.7622,23.189,5.80391,BURW,M45 8GW
07-02-2020 16:00,40.70719,30.43888,28.986,6.69682,BURW,M45 8GW
07-02-2020 17:00,50.23132,40.69646,27.054,6.21847,BURW,M45 8GW
07-02-2020 18:00,48.73259,44.77196,25.121,2.58306,BURW,M45 8GW
07-02-2020 19:00,40.41711,37.48331,25.121,1.91338,BURW,M45 8GW
07-02-2020 20:00,30.0711,27.72406,22.223,1.5307,BURW,M45 8GW
07-02-2020 21:00,26.44517,24.00033,25.121,1.59448,BURW,M45 8GW
07-02-2020 22:00,22.5775,20.37715,25.121,1.43503,BURW,M45 8GW
07-02-2020 23:00,17.74292,16.5205,28.02,0.79724,BURW,M45 8GW
08-02-2020 00:00,13.48849,11.826,23.189,1.08425,BURW,M45 8GW
08-02-2020 01:00,11.75109,9.59561,20.29,1.40577,BURW,M45 8GW
08-02-2020 02:00,8.71647,6.36503,13.527,1.53357,BURW,M45 8GW
08-02-2020 03:00,9.00702,6.90052,15.459,1.37382,BURW,M45 8GW
08-02-2020 04:00,8.08695,6.32337,13.527,1.15018,BURW,M45 8GW
08-02-2020 05:00,8.9586,6.4112,12.561,1.66137,BURW,M45 8GW
08-02-2020 06:00,10.50819,7.42193,11.594,2.01281,BURW,M45 8GW
08-02-2020 07:00,36.80288,25.3886,15.459,7.4442,BURW,M45 8GW
08-02-2020 08:00,44.06661,32.70131,13.527,7.41225,BURW,M45 8GW
08-02-2020 09:00,70.1676,44.69366,12.561,16.61367,BURW,M45 8GW
08-02-2020 10:00,76.8018,43.6367,11.594,21.62972,BURW,M45 8GW
08-02-2020 11:00,42.42016,24.39246,12.561,11.75736,BURW,M45 8GW
08-02-2020 12:00,51.81458,29.52489,22.223,14.53696,BURW,M45 8GW
08-02-2020 13:00,51.91143,27.61322,28.986,15.84688,BURW,M45 8GW
08-02-2020 14:00,52.05671,28.1504,26.087,15.59129,BURW,M45 8GW
08-02-2020 15:00,40.58002,24.31589,28.02,10.60719,BURW,M45 8GW
08-02-2020 16:00,46.92367,28.84698,21.256,11.78931,BURW,M45 8GW
08-02-2020 17:00,51.28191,29.72704,20.29,14.05772,BURW,M45 8GW
08-02-2020 18:00,37.04501,23.67119,15.459,8.72217,BURW,M45 8GW
08-02-2020 19:00,27.74743,18.58662,12.561,5.97453,BURW,M45 8GW
08-02-2020 20:00,20.58056,13.91814,9.662,4.34511,BURW,M45 8GW
08-02-2020 21:00,14.96328,10.70129,10.628,2.77959,BURW,M45 8GW
08-02-2020 22:00,14.2369,9.82795,11.594,2.87544,BURW,M45 8GW
08-02-2020 23:00,9.00702,5.57784,10.628,2.23646,BURW,M45 8GW
09-02-2020 00:00,8.7649,5.04178,7.73,2.42815,BURW,M45 8GW
09-02-2020 01:00,5.23842,3.20978,5.797,1.32304,BURW,M45 8GW
09-02-2020 02:00,5.10907,2.81868,3.865,1.49376,BURW,M45 8GW
09-02-2020 03:00,4.07432,2.74917,3.865,0.86425,BURW,M45 8GW
09-02-2020 04:00,4.9959,2.98362,2.899,1.31237,BURW,M45 8GW
09-02-2020 05:00,4.17133,2.45353,0,1.12032,BURW,M45 8GW
09-02-2020 06:00,3.34677,1.92345,-0.966,0.92826,BURW,M45 8GW
09-02-2020 07:00,7.71211,5.0618,0,1.72849,BURW,M45 8GW
09-02-2020 08:00,7.80912,4.27536,0.966,2.30466,BURW,M45 8GW
09-02-2020 09:00,13.19305,6.76357,0.966,4.19319,BURW,M45 8GW
09-02-2020 10:00,13.29006,6.95874,0,4.12918,BURW,M45 8GW
09-02-2020 11:00,16.92785,8.87873,0,5.2495,BURW,M45 8GW
09-02-2020 12:00,10.71935,5.9586,6.763,3.10488,BURW,M45 8GW
09-02-2020 13:00,18.72249,9.25006,5.797,6.17776,BURW,M45 8GW
09-02-2020 14:00,23.81539,12.18344,15.459,7.58616,BURW,M45 8GW
09-02-2020 15:00,20.66264,9.81597,16.425,7.07402,BURW,M45 8GW
09-02-2020 16:00,17.50989,7.4485,16.425,6.56187,BURW,M45 8GW
09-02-2020 17:00,17.21887,9.0716,16.425,5.31351,BURW,M45 8GW
09-02-2020 18:00,22.6513,12.68807,12.561,6.49785,BURW,M45 8GW
09-02-2020 19:00,12.46549,6.96854,12.561,3.58502,BURW,M45 8GW
09-02-2020 20:00,7.80912,4.07904,15.459,2.43269,BURW,M45 8GW
09-02-2020 21:00,8.63369,4.51097,17.392,2.68877,BURW,M45 8GW
09-02-2020 22:00,6.20849,3.60726,15.459,1.69648,BURW,M45 8GW
09-02-2020 23:00,5.0444,2.19776,15.459,1.85653,BURW,M45 8GW
10-02-2020 00:00,4.51086,1.66422,9.662,1.85653,BURW,M45 8GW
10-02-2020 01:00,3.23886,0.81306,16.425,1.58206,BURW,M45 8GW
10-02-2020 02:00,2.2672,0.8904,13.527,0.89793,BURW,M45 8GW
10-02-2020 03:00,1.60324,1.11152,13.527,0.32069,BURW,M45 8GW
10-02-2020 04:00,1.89473,0.76379,17.392,0.73759,BURW,M45 8GW
10-02-2020 05:00,2.52631,1.05116,13.527,0.96207,BURW,M45 8GW
10-02-2020 06:00,5.1012,2.54428,16.425,1.66758,BURW,M45 8GW
10-02-2020 07:00,11.51414,5.17101,14.493,4.13689,BURW,M45 8GW
10-02-2020 08:00,22.05662,12.17314,19.324,6.44584,BURW,M45 8GW
10-02-2020 09:00,25.45742,13.75459,17.392,7.63239,BURW,M45 8GW
10-02-2020 10:00,23.65986,12.49791,15.459,7.27963,BURW,M45 8GW
10-02-2020 11:00,23.46553,10.63174,19.324,8.36998,BURW,M45 8GW
10-02-2020 12:00,24.29144,12.63777,22.223,7.60032,BURW,M45 8GW
10-02-2020 13:00,31.4817,17.41863,23.189,9.1717,BURW,M45 8GW
10-02-2020 14:00,37.89464,19.70115,13.527,11.86548,BURW,M45 8GW
10-02-2020 15:00,57.61928,32.4926,16.425,16.3872,BURW,M45 8GW
10-02-2020 16:00,43.9675,24.20052,18.358,12.89169,BURW,M45 8GW
10-02-2020 17:00,35.07683,19.34193,11.594,10.26204,BURW,M45 8GW
10-02-2020 18:00,25.84609,14.48745,9.662,7.40791,BURW,M45 8GW
10-02-2020 19:00,25.55459,16.94956,12.561,5.61205,BURW,M45 8GW
10-02-2020 20:00,20.6963,10.76364,20.29,6.47791,BURW,M45 8GW
10-02-2020 21:00,15.74085,7.92257,22.223,5.09895,BURW,M45 8GW
10-02-2020 22:00,8.06476,4.1802,24.155,2.53344,BURW,M45 8GW
10-02-2020 23:00,5.44128,3.13022,17.392,1.50724,BURW,M45 8GW
11-02-2020 00:00,3.59513,1.43158,20.29,1.41103,BURW,M45 8GW
11-02-2020 01:00,2.72507,1.21433,27.054,0.98528,BURW,M45 8GW
11-02-2020 02:00,1.81671,0.76576,27.054,0.68541,BURW,M45 8GW
11-02-2020 03:00,1.70317,0.76717,22.223,0.61044,BURW,M45 8GW
11-02-2020 04:00,1.99514,0.96061,18.358,0.6747,BURW,M45 8GW
11-02-2020 05:00,2.33577,0.85788,24.155,0.96386,BURW,M45 8GW
11-02-2020 06:00,4.23359,2.01674,18.358,1.44579,BURW,M45 8GW
11-02-2020 07:00,13.43068,6.33678,17.392,4.62652,BURW,M45 8GW
11-02-2020 08:00,14.45258,7.21089,14.493,4.72291,BURW,M45 8GW
11-02-2020 09:00,21.55721,11.60605,15.459,6.48998,BURW,M45 8GW
11-02-2020 10:00,24.18496,12.65737,14.493,7.5181,BURW,M45 8GW
11-02-2020 11:00,22.57912,11.83974,13.527,7.00404,BURW,M45 8GW
11-02-2020 12:00,18.49152,9.13151,13.527,6.10444,BURW,M45 8GW
11-02-2020 13:00,14.16061,6.47555,13.527,5.01207,BURW,M45 8GW
11-02-2020 14:00,15.42582,7.29739,13.527,5.30123,BURW,M45 8GW
11-02-2020 15:00,15.86377,7.63682,16.425,5.36548,BURW,M45 8GW
11-02-2020 16:00,16.88567,8.90503,13.527,5.20484,BURW,M45 8GW
11-02-2020 17:00,18.34553,10.06931,15.459,5.39761,BURW,M45 8GW
11-02-2020 18:00,19.46475,11.04074,17.392,5.494,BURW,M45 8GW
11-02-2020 19:00,15.27983,7.84109,15.459,4.85142,BURW,M45 8GW
11-02-2020 20:00,14.11195,7.16583,12.561,4.53014,BURW,M45 8GW
11-02-2020 21:00,11.2409,7.00426,16.425,2.76306,BURW,M45 8GW
11-02-2020 22:00,7.34795,4.29363,10.628,1.99198,BURW,M45 8GW
11-02-2020 23:00,5.79077,3.67245,11.594,1.38153,BURW,M45 8GW
12-02-2020 00:00,4.23359,2.36158,13.527,1.22089,BURW,M45 8GW
12-02-2020 01:00,2.92445,1.47671,12.561,0.94419,BURW,M45 8GW
12-02-2020 02:00,3.44436,1.865,17.392,1.03003,BURW,M45 8GW
12-02-2020 03:00,2.48579,1.74546,14.493,0.48283,BURW,M45 8GW
12-02-2020 04:00,2.3883,1.40121,16.425,0.64377,BURW,M45 8GW
12-02-2020 05:00,5.41024,2.3996,14.493,1.96349,BURW,M45 8GW
12-02-2020 06:00,12.47767,7.49283,11.594,3.25103,BURW,M45 8GW
12-02-2020 07:00,33.7287,19.31709,11.594,9.39901,BURW,M45 8GW
12-02-2020 08:00,40.1625,22.74024,10.628,11.3625,BURW,M45 8GW
12-02-2020 09:00,37.62797,23.46314,16.425,9.23807,BURW,M45 8GW
12-02-2020 10:00,33.38752,20.40719,14.493,8.46555,BURW,M45 8GW
12-02-2020 11:00,27.63609,13.86609,18.358,8.98056,BURW,M45 8GW
12-02-2020 12:00,21.88466,10.68112,11.594,7.30676,BURW,M45 8GW
12-02-2020 13:00,24.76038,13.06328,13.527,7.62865,BURW,M45 8GW
12-02-2020 14:00,null,null,null,null,BURW,M45 8GW
12-02-2020 15:00,29.00083,16.02051,17.392,8.46555,BURW,M45 8GW
12-02-2020 16:00,22.17711,11.81259,12.561,6.75956,BURW,M45 8GW
12-02-2020 17:00,37.43301,20.40559,14.493,11.10499,BURW,M45 8GW
12-02-2020 18:00,51.76283,31.87283,12.561,12.97192,BURW,M45 8GW
12-02-2020 19:00,102.11218,64.99734,15.459,24.20567,BURW,M45 8GW
12-02-2020 20:00,130.28442,82.06474,24.155,31.44805,BURW,M45 8GW
12-02-2020 21:00,56.53944,53.0846,18.358,2.25319,BURW,M45 8GW
12-02-2020 22:00,43.6231,41.89568,14.493,1.12659,BURW,M45 8GW
12-02-2020 23:00,27.73357,26.54906,9.662,0.77252,BURW,M45 8GW
13-02-2020 00:00,17.1568,16.36712,9.662,0.51501,BURW,M45 8GW
13-02-2020 01:00,19.65424,18.40275,13.527,0.8162,BURW,M45 8GW
13-02-2020 02:00,9.43664,8.44862,8.696,0.64437,BURW,M45 8GW
13-02-2020 03:00,5.80842,4.9686,4.831,0.54772,BURW,M45 8GW
13-02-2020 04:00,5.17388,4.28466,1.932,0.57994,BURW,M45 8GW
13-02-2020 05:00,4.7834,4.04238,2.899,0.48328,BURW,M45 8GW
13-02-2020 06:00,8.00487,6.47344,0,0.99878,BURW,M45 8GW
13-02-2020 07:00,15.42403,14.0902,-0.966,0.8699,BURW,M45 8GW
13-02-2020 08:00,38.85293,36.72868,0.966,1.3854,BURW,M45 8GW
13-02-2020 09:00,122.12315,64.17563,8.696,37.79238,BURW,M45 8GW
13-02-2020 10:00,131.59233,65.59243,9.662,43.04401,BURW,M45 8GW
13-02-2020 11:00,91.90963,51.25251,7.73,26.51588,BURW,M45 8GW
13-02-2020 12:00,86.0524,45.93869,9.662,26.16148,BURW,M45 8GW
13-02-2020 13:00,81.46424,44.56161,15.459,24.06727,BURW,M45 8GW
13-02-2020 14:00,44.07562,28.06966,16.425,10.43882,BURW,M45 8GW
13-02-2020 15:00,39.09698,20.81857,12.561,11.92087,BURW,M45 8GW
13-02-2020 16:00,36.51004,19.36785,15.459,11.17984,BURW,M45 8GW
13-02-2020 17:00,53.5448,32.94453,15.459,13.43514,BURW,M45 8GW
13-02-2020 18:00,53.88647,34.22483,11.594,12.82299,BURW,M45 8GW
13-02-2020 19:00,119.58501,58.27823,14.493,39.98324,BURW,M45 8GW
13-02-2020 20:00,118.21833,61.60465,21.256,36.92248,BURW,M45 8GW
13-02-2020 21:00,137.6936,70.21168,16.425,44.01057,BURW,M45 8GW
13-02-2020 22:00,158.43794,72.48,18.358,56.06031,BURW,M45 8GW
13-02-2020 23:00,151.65332,69.49927,25.121,53.57948,BURW,M45 8GW
14-02-2020 00:00,187.77288,67.92577,22.223,78.16225,BURW,M45 8GW
14-02-2020 01:00,316.2831,74.25457,22.223,157.84689,BURW,M45 8GW
14-02-2020 02:00,211.09436,51.80782,20.29,103.88398,BURW,M45 8GW
14-02-2020 03:00,186.86641,50.34215,21.256,89.0388,BURW,M45 8GW
14-02-2020 04:00,121.07458,45.42006,20.29,49.34059,BURW,M45 8GW
14-02-2020 05:00,75.46998,42.53802,17.392,21.47767,BURW,M45 8GW
14-02-2020 06:00,53.96299,42.93622,16.425,7.19147,BURW,M45 8GW
14-02-2020 07:00,38.17491,33.13127,7.73,3.28937,BURW,M45 8GW
14-02-2020 08:00,51.95893,45.77801,8.696,4.03109,BURW,M45 8GW
14-02-2020 09:00,46.7777,37.2838,9.662,6.19176,BURW,M45 8GW
14-02-2020 10:00,45.75123,30.86757,12.561,9.70687,BURW,M45 8GW
14-02-2020 11:00,61.14828,36.17735,9.662,16.28562,BURW,M45 8GW
14-02-2020 12:00,46.48443,30.21623,15.459,10.60984,BURW,M45 8GW
14-02-2020 13:00,35.33989,23.32418,17.392,7.83645,BURW,M45 8GW
14-02-2020 14:00,30.7941,22.04191,16.425,5.70803,BURW,M45 8GW
14-02-2020 15:00,56.99352,34.00048,8.696,14.99567,BURW,M45 8GW
14-02-2020 16:00,47.70641,34.60285,11.594,8.54592,BURW,M45 8GW
14-02-2020 17:00,41.10768,34.53117,8.696,4.28908,BURW,M45 8GW
14-02-2020 18:00,71.99954,52.86339,14.493,12.48027,BURW,M45 8GW
14-02-2020 19:00,87.24995,57.97709,18.358,19.09126,BURW,M45 8GW
14-02-2020 20:00,79.28258,48.82299,20.29,19.86523,BURW,M45 8GW
14-02-2020 21:00,57.2868,39.78242,21.256,11.41606,BURW,M45 8GW
14-02-2020 22:00,36.31749,29.39485,26.087,4.51483,BURW,M45 8GW
14-02-2020 23:00,24.78192,18.30431,23.189,4.22459,BURW,M45 8GW
15-02-2020 00:00,19.16077,16.83675,22.223,1.51569,BURW,M45 8GW
15-02-2020 01:00,17.42579,16.30393,20.29,0.73166,BURW,M45 8GW
15-02-2020 02:00,23.43018,20.59254,21.256,1.85066,BURW,M45 8GW
15-02-2020 03:00,14.6357,13.15089,20.29,0.96837,BURW,M45 8GW
15-02-2020 04:00,18.01317,14.74659,17.392,2.13041,BURW,M45 8GW
15-02-2020 05:00,10.91559,9.87622,18.358,0.67786,BURW,M45 8GW
15-02-2020 06:00,25.50234,19.6126,15.459,3.84119,BURW,M45 8GW
15-02-2020 07:00,14.48886,13.49898,16.425,0.64558,BURW,M45 8GW
15-02-2020 08:00,13.70567,12.56732,1.932,0.74242,BURW,M45 8GW
15-02-2020 09:00,13.60778,11.43005,0.966,1.42027,BURW,M45 8GW
15-02-2020 10:00,17.03419,13.71812,0,2.16269,BURW,M45 8GW
15-02-2020 11:00,22.36962,14.59911,0.966,5.06779,BURW,M45 8GW
15-02-2020 12:00,25.0618,15.95497,1.932,5.93933,BURW,M45 8GW
15-02-2020 13:00,24.67021,15.90983,1.932,5.71337,BURW,M45 8GW
15-02-2020 14:00,29.02666,16.85122,1.932,7.94062,BURW,M45 8GW
15-02-2020 15:00,30.34828,17.18296,0,8.5862,BURW,M45 8GW
15-02-2020 16:00,26.38342,16.3857,0.966,6.52034,BURW,M45 8GW
15-02-2020 17:00,20.02007,12.24957,1.932,5.06779,BURW,M45 8GW
15-02-2020 18:00,25.99183,15.69715,3.865,6.71402,BURW,M45 8GW
15-02-2020 19:00,24.71916,14.77093,3.865,6.48807,BURW,M45 8GW
15-02-2020 20:00,16.88735,9.51279,3.865,4.80956,BURW,M45 8GW
15-02-2020 21:00,28.14558,20.9195,3.865,4.71273,BURW,M45 8GW
15-02-2020 22:00,15.66363,11.40717,2.899,2.77599,BURW,M45 8GW
15-02-2020 23:00,18.8453,12.95555,5.797,3.84119,BURW,M45 8GW
16-02-2020 00:00,16.44681,11.8439,7.73,3.00194,BURW,M45 8GW
16-02-2020 01:00,9.73827,6.76587,4.831,1.93855,BURW,M45 8GW
16-02-2020 02:00,7.3854,5.2717,4.831,1.37852,BURW,M45 8GW
16-02-2020 03:00,6.42138,4.53886,2.899,1.22775,BURW,M45 8GW
16-02-2020 04:00,6.51941,4.73598,0,1.16313,BURW,M45 8GW
16-02-2020 05:00,8.72523,6.44639,-0.966,1.48622,BURW,M45 8GW
16-02-2020 06:00,7.64683,5.61569,0.966,1.32467,BURW,M45 8GW
16-02-2020 07:00,5.58807,3.55693,4.831,1.32467,BURW,M45 8GW
16-02-2020 08:00,7.45076,4.37928,7.73,2.00317,BURW,M45 8GW
16-02-2020 09:00,10.58792,5.68346,5.797,3.1986,BURW,M45 8GW
16-02-2020 10:00,20.78369,13.3527,12.561,4.84637,BURW,M45 8GW
16-02-2020 11:00,28.67562,17.33097,16.425,7.39879,BURW,M45 8GW
16-02-2020 12:00,28.6266,16.73701,11.594,7.75419,BURW,M45 8GW
16-02-2020 13:00,31.56769,18.09282,11.594,8.78808,BURW,M45 8GW
16-02-2020 14:00,27.45016,15.70919,21.256,7.65726,BURW,M45 8GW
16-02-2020 15:00,24.01889,11.98068,12.561,7.85112,BURW,M45 8GW
16-02-2020 16:00,25.24435,14.34556,15.459,7.10801,BURW,M45 8GW
16-02-2020 17:00,19.65628,9.00519,21.256,6.94646,BURW,M45 8GW
16-02-2020 18:00,18.28377,11.59588,14.493,4.36173,BURW,M45 8GW
16-02-2020 19:00,22.05817,13.58683,9.662,5.52486,BURW,M45 8GW
16-02-2020 20:00,27.69525,18.72852,16.425,5.84795,BURW,M45 8GW
16-02-2020 21:00,24.41104,18.11946,13.527,4.10326,BURW,M45 8GW
16-02-2020 22:00,19.75431,14.84986,15.459,3.1986,BURW,M45 8GW
16-02-2020 23:00,7.74487,4.32661,17.392,2.22933,BURW,M45 8GW
17-02-2020 00:00,11.86239,8.14689,25.121,2.42318,BURW,M45 8GW
17-02-2020 01:00,6.87224,4.22764,15.459,1.72476,BURW,M45 8GW
17-02-2020 02:00,11.32284,8.9427,11.594,1.55229,BURW,M45 8GW
17-02-2020 03:00,5.25236,3.96312,17.392,0.84082,BURW,M45 8GW
17-02-2020 04:00,10.89742,8.4181,10.628,1.61697,BURW,M45 8GW
17-02-2020 05:00,11.58464,9.05574,12.561,1.64931,BURW,M45 8GW
17-02-2020 06:00,16.49339,11.28683,20.29,3.39563,BURW,M45 8GW
17-02-2020 07:00,39.26997,22.90651,13.527,10.67197,BURW,M45 8GW
17-02-2020 08:00,51.88544,29.67081,12.561,14.48801,BURW,M45 8GW
17-02-2020 09:00,81.14157,40.38169,12.561,26.5829,BURW,M45 8GW
17-02-2020 10:00,67.34799,38.24087,11.594,18.98317,BURW,M45 8GW
17-02-2020 11:00,61.8502,33.23894,13.527,18.65978,BURW,M45 8GW
17-02-2020 12:00,33.77217,18.5492,26.087,9.92817,BURW,M45 8GW
17-02-2020 13:00,16.39521,8.56059,22.223,5.10961,BURW,M45 8GW
17-02-2020 14:00,17.76966,7.20779,21.256,6.88827,BURW,M45 8GW
17-02-2020 15:00,15.21711,8.02711,17.392,4.6892,BURW,M45 8GW
17-02-2020 16:00,19.34046,10.5637,20.29,5.72406,BURW,M45 8GW
17-02-2020 17:00,18.60415,10.22407,14.493,5.46534,BURW,M45 8GW
17-02-2020 18:00,22.48206,12.36646,20.29,6.59722,BURW,M45 8GW
17-02-2020 19:00,24.29829,14.1827,28.02,6.59722,BURW,M45 8GW
17-02-2020 20:00,19.38955,12.79458,24.155,4.30113,BURW,M45 8GW
17-02-2020 21:00,11.53555,7.46948,20.29,2.65182,BURW,M45 8GW
17-02-2020 22:00,10.45563,6.38956,14.493,2.65182,BURW,M45 8GW
17-02-2020 23:00,7.51038,4.63438,15.459,1.87568,BURW,M45 8GW
18-02-2020 00:00,6.18502,3.65612,14.493,1.64931,BURW,M45 8GW
18-02-2020 01:00,5.63664,3.65134,16.425,1.29478,BURW,M45 8GW
18-02-2020 02:00,2.68724,1.89312,15.459,0.51791,BURW,M45 8GW
18-02-2020 03:00,6.19375,5.15147,6.763,0.67976,BURW,M45 8GW
18-02-2020 04:00,11.10943,8.7767,16.425,1.52137,BURW,M45 8GW
18-02-2020 05:00,12.28919,10.15499,9.662,1.39189,BURW,M45 8GW
18-02-2020 06:00,13.51811,8.90229,12.561,3.01036,BURW,M45 8GW
18-02-2020 07:00,53.82666,33.67586,11.594,13.14201,BURW,M45 8GW
18-02-2020 08:00,95.70823,52.37905,17.392,28.25856,BURW,M45 8GW
18-02-2020 09:00,65.57513,39.61733,10.628,16.92924,BURW,M45 8GW
18-02-2020 10:00,55.20305,33.36475,16.425,14.24257,BURW,M45 8GW
18-02-2020 11:00,50.97557,27.10233,6.763,15.56972,BURW,M45 8GW
18-02-2020 12:00,29.42852,16.78877,null,8.24343,BURW,M45 8GW
18-02-2020 13:00,39.47289,21.55555,23.189,11.68538,BURW,M45 8GW
18-02-2020 14:00,33.32829,18.8356,11.594,9.45189,BURW,M45 8GW
18-02-2020 15:00,28.37984,15.93863,null,8.11395,BURW,M45 8GW
18-02-2020 16:00,26.20056,14.48729,7.73,7.6392,BURW,M45 8GW
18-02-2020 17:00,24.52923,14.75162,10.628,6.37679,BURW,M45 8GW
18-02-2020 18:00,29.10081,17.68533,12.561,7.44498,BURW,M45 8GW
18-02-2020 19:00,21.0391,13.14753,7.73,5.14675,BURW,M45 8GW
18-02-2020 20:00,28.41261,18.28758,8.696,6.60338,BURW,M45 8GW
18-02-2020 21:00,23.30031,16.00433,13.527,4.75831,BURW,M45 8GW
18-02-2020 22:00,13.61643,9.19913,20.29,2.88088,BURW,M45 8GW
18-02-2020 23:00,9.19232,5.91657,12.561,2.13639,BURW,M45 8GW
19-02-2020 00:00,6.78363,3.70642,13.527,2.00691,BURW,M45 8GW
19-02-2020 01:00,4.46317,2.40978,14.493,1.33919,BURW,M45 8GW
19-02-2020 02:00,2.42849,1.63363,19.324,0.51839,BURW,M45 8GW
19-02-2020 03:00,3.24892,2.10631,18.358,0.74519,BURW,M45 8GW
19-02-2020 04:00,2.2644,1.07211,16.425,0.77759,BURW,M45 8GW
19-02-2020 05:00,5.61177,3.82334,20.29,1.16639,BURW,M45 8GW
19-02-2020 06:00,12.55265,7.9822,15.459,2.98077,BURW,M45 8GW
19-02-2020 07:00,27.3697,17.68234,11.594,6.31794,BURW,M45 8GW
19-02-2020 08:00,62.32022,34.40074,19.324,18.20861,BURW,M45 8GW
19-02-2020 09:00,114.99213,58.20927,null,37.03282,BURW,M45 8GW
19-02-2020 10:00,112.97386,54.94903,13.527,37.84281,BURW,M45 8GW
19-02-2020 11:00,94.07104,47.3233,21.256,30.48808,BURW,M45 8GW
19-02-2020 12:00,76.69424,42.66426,20.29,22.19377,BURW,M45 8GW
19-02-2020 13:00,73.54377,40.15962,11.594,21.77257,BURW,M45 8GW
19-02-2020 14:00,35.68891,26.3493,11.594,6.09114,BURW,M45 8GW
19-02-2020 15:00,37.26415,28.2226,9.662,5.89674,BURW,M45 8GW
19-02-2020 16:00,46.02639,31.96729,5.797,9.1691,BURW,M45 8GW
19-02-2020 17:00,69.458,44.07214,null,16.55623,BURW,M45 8GW
19-02-2020 18:00,74.67597,49.88625,5.797,16.16743,BURW,M45 8GW
19-02-2020 19:00,58.72672,43.97212,7.73,9.6227,BURW,M45 8GW
19-02-2020 20:00,71.62395,50.46079,10.628,13.80226,BURW,M45 8GW
19-02-2020 21:00,37.80563,27.91955,6.763,6.44753,BURW,M45 8GW
19-02-2020 22:00,20.33037,13.12695,3.865,4.69795,BURW,M45 8GW
19-02-2020 23:00,24.51459,16.16855,1.932,5.44314,BURW,M45 8GW
20-02-2020 00:00,15.99848,12.12353,1.932,2.52717,BURW,M45 8GW
20-02-2020 01:00,7.75581,5.17011,2.899,1.68635,BURW,M45 8GW
20-02-2020 02:00,5.38963,3.93103,0.966,0.95128,BURW,M45 8GW
20-02-2020 03:00,3.45068,2.35673,-1.932,0.71346,BURW,M45 8GW
20-02-2020 04:00,3.45068,2.25728,-0.966,0.77832,BURW,M45 8GW
20-02-2020 05:00,5.57038,3.6311,1.932,1.26476,BURW,M45 8GW
20-02-2020 06:00,7.44361,5.35515,1.932,1.36205,BURW,M45 8GW
20-02-2020 07:00,25.33783,18.1277,1.932,4.70233,BURW,M45 8GW
20-02-2020 08:00,36.08423,24.69719,0.966,7.42643,BURW,M45 8GW
20-02-2020 09:00,54.37282,33.88609,3.865,13.3611,BURW,M45 8GW
20-02-2020 10:00,32.97862,19.80148,2.899,8.59391,BURW,M45 8GW
20-02-2020 11:00,23.66179,15.1588,3.865,5.5455,BURW,M45 8GW
20-02-2020 12:00,21.78856,12.04245,4.831,6.35625,BURW,M45 8GW
20-02-2020 13:00,31.30258,18.42378,4.831,8.39933,BURW,M45 8GW
20-02-2020 14:00,25.38713,13.30394,5.797,7.88045,BURW,M45 8GW
20-02-2020 15:00,16.71114,7.95953,12.561,5.70765,BURW,M45 8GW
20-02-2020 16:00,17.89423,8.99344,13.527,5.80494,BURW,M45 8GW
20-02-2020 17:00,24.20404,11.77277,19.324,8.10746,BURW,M45 8GW
20-02-2020 18:00,18.97873,10.27684,17.392,5.67522,BURW,M45 8GW
20-02-2020 19:00,19.81675,12.10936,18.358,5.02663,BURW,M45 8GW
20-02-2020 20:00,19.12661,12.46346,14.493,4.3456,BURW,M45 8GW
20-02-2020 21:00,12.07737,8.19882,15.459,2.52953,BURW,M45 8GW
20-02-2020 22:00,10.25344,6.77269,16.425,2.27009,BURW,M45 8GW
20-02-2020 23:00,10.84499,6.46918,19.324,2.85383,BURW,M45 8GW
21-02-2020 00:00,8.6267,4.84759,22.223,2.46467,BURW,M45 8GW
21-02-2020 01:00,10.79442,7.47633,18.358,2.164,BURW,M45 8GW
21-02-2020 02:00,7.96417,6.37149,17.392,1.03872,BURW,M45 8GW
21-02-2020 03:00,11.69944,10.05698,12.561,1.07118,BURW,M45 8GW
21-02-2020 04:00,12.09435,10.20304,13.527,1.23348,BURW,M45 8GW
21-02-2020 05:00,14.01958,9.24153,14.493,3.11616,BURW,M45 8GW
21-02-2020 06:00,26.0152,20.68967,16.425,3.47322,BURW,M45 8GW
21-02-2020 07:00,45.21807,27.84787,21.256,11.32855,BURW,M45 8GW
21-02-2020 08:00,50.99374,31.13497,18.358,12.95155,BURW,M45 8GW
21-02-2020 09:00,62.84127,38.304,13.527,16.00279,BURW,M45 8GW
21-02-2020 10:00,63.0881,39.44671,19.324,15.41851,BURW,M45 8GW
21-02-2020 11:00,54.00499,31.70743,14.493,14.54209,BURW,M45 8GW
21-02-2020 12:00,56.86814,33.42584,12.561,15.28867,BURW,M45 8GW
21-02-2020 13:00,63.63111,39.8404,13.527,15.51589,BURW,M45 8GW
21-02-2020 14:00,59.97812,40.11935,18.358,12.95155,BURW,M45 8GW
21-02-2020 15:00,63.0881,33.47414,7.73,19.31372,BURW,M45 8GW
21-02-2020 16:00,62.1008,38.26033,5.797,15.54835,BURW,M45 8GW
21-02-2020 17:00,58.89209,35.89773,16.425,14.99653,BURW,M45 8GW
21-02-2020 18:00,60.17558,37.43007,5.797,14.83423,BURW,M45 8GW
21-02-2020 19:00,37.27035,23.08552,4.831,9.25111,BURW,M45 8GW
21-02-2020 20:00,28.33534,16.83816,4.831,7.49827,BURW,M45 8GW
21-02-2020 21:00,20.1408,12.12761,1.932,5.22607,BURW,M45 8GW
21-02-2020 22:00,18.21558,10.89919,0.966,4.77163,BURW,M45 8GW
21-02-2020 23:00,12.63737,7.75977,2.899,3.18108,BURW,M45 8GW
22-02-2020 00:00,10.46532,5.83658,3.865,3.01878,BURW,M45 8GW
22-02-2020 01:00,5.86617,3.34208,1.932,1.64617,BURW,M45 8GW
22-02-2020 02:00,3.36151,2.03304,-1.932,0.86641,BURW,M45 8GW
22-02-2020 03:00,6.77246,5.1783,0,1.03969,BURW,M45 8GW
22-02-2020 04:00,9.09586,7.99987,1.932,0.71479,BURW,M45 8GW
22-02-2020 05:00,3.16378,1.5198,0.966,1.07218,BURW,M45 8GW
22-02-2020 06:00,3.01548,1.47113,7.73,1.0072,BURW,M45 8GW
22-02-2020 07:00,2.96604,1.57115,14.493,0.90973,BURW,M45 8GW
22-02-2020 08:00,6.32755,3.48795,9.662,1.85194,BURW,M45 8GW
22-02-2020 09:00,8.55209,4.81576,7.73,2.43677,BURW,M45 8GW
22-02-2020 10:00,14.3853,7.80937,13.527,4.28871,BURW,M45 8GW
22-02-2020 11:00,16.21436,8.44281,15.459,5.06847,BURW,M45 8GW
22-02-2020 12:00,14.28643,6.81379,17.392,4.87353,BURW,M45 8GW
22-02-2020 13:00,16.80757,8.23894,12.561,5.58832,BURW,M45 8GW
22-02-2020 14:00,13.64379,6.76896,11.594,4.48365,BURW,M45 8GW
22-02-2020 15:00,15.91776,7.0004,12.561,5.81575,BURW,M45 8GW
22-02-2020 16:00,22.69022,13.82268,15.459,5.78326,BURW,M45 8GW
22-02-2020 17:00,18.63663,11.61234,16.425,4.58112,BURW,M45 8GW
22-02-2020 18:00,22.93739,13.3724,11.594,6.23812,BURW,M45 8GW
22-02-2020 19:00,23.6789,15.01063,13.527,5.6533,BURW,M45 8GW
22-02-2020 20:00,25.95286,14.84353,11.594,7.24532,BURW,M45 8GW
22-02-2020 21:00,34.70268,23.69299,12.561,7.18034,BURW,M45 8GW
22-02-2020 22:00,25.26078,19.23285,8.696,3.93132,BURW,M45 8GW
22-02-2020 23:00,14.78077,9.35065,6.763,3.54143,BURW,M45 8GW
23-02-2020 00:00,22.98682,17.20797,5.797,3.76886,BURW,M45 8GW
23-02-2020 01:00,23.7616,17.77793,4.831,3.90245,BURW,M45 8GW
23-02-2020 02:00,12.73886,10.27891,6.763,1.60434,BURW,M45 8GW
23-02-2020 03:00,6.38593,5.0396,3.865,0.87805,BURW,M45 8GW
23-02-2020 04:00,5.79189,4.44556,0,0.87805,BURW,M45 8GW
23-02-2020 05:00,6.83146,6.03364,0,0.52033,BURW,M45 8GW
23-02-2020 06:00,12.87087,11.22536,1.932,1.07317,BURW,M45 8GW
23-02-2020 07:00,44.94903,32.134,1.932,8.35774,BURW,M45 8GW
23-02-2020 08:00,49.84985,36.23701,4.831,8.87807,BURW,M45 8GW
23-02-2020 09:00,19.15779,14.27113,4.831,3.187,BURW,M45 8GW
23-02-2020 10:00,12.12832,7.34138,4.831,3.12196,BURW,M45 8GW
23-02-2020 11:00,12.42534,7.04004,2.899,3.5122,BURW,M45 8GW
23-02-2020 12:00,12.17782,6.19415,0.966,3.90245,BURW,M45 8GW
23-02-2020 13:00,17.8212,9.24461,6.763,5.59351,BURW,M45 8GW
23-02-2020 14:00,14.35597,6.07856,9.662,5.39839,BURW,M45 8GW
23-02-2020 15:00,14.65299,6.87422,15.459,5.07318,BURW,M45 8GW
23-02-2020 16:00,22.07849,11.90625,21.256,6.63416,BURW,M45 8GW
23-02-2020 17:00,27.67236,16.50285,22.223,7.28457,BURW,M45 8GW
23-02-2020 18:00,29.40498,17.83655,21.256,7.54473,BURW,M45 8GW
23-02-2020 19:00,40.19671,27.28195,23.189,8.42278,BURW,M45 8GW
23-02-2020 20:00,35.24637,25.42318,21.256,6.40652,BURW,M45 8GW
23-02-2020 21:00,73.66096,46.63472,28.986,17.62605,BURW,M45 8GW
23-02-2020 22:00,43.26591,40.42367,22.223,1.85366,BURW,M45 8GW
23-02-2020 23:00,64.15632,47.053,18.358,11.1545,BURW,M45 8GW
24-02-2020 00:00,43.51343,35.03656,18.358,5.52847,BURW,M45 8GW
24-02-2020 01:00,35.56011,33.89644,16.425,1.08502,BURW,M45 8GW
24-02-2020 02:00,25.11681,23.98551,8.696,0.73781,BURW,M45 8GW
24-02-2020 03:00,5.05641,3.70884,5.797,0.87887,BURW,M45 8GW
24-02-2020 04:00,3.17265,2.02471,3.865,0.74866,BURW,M45 8GW
24-02-2020 05:00,6.04786,5.59867,6.763,0.29296,BURW,M45 8GW
24-02-2020 06:00,12.59145,11.49343,4.831,0.71611,BURW,M45 8GW
24-02-2020 07:00,15.16923,14.07121,0.966,0.71611,BURW,M45 8GW
24-02-2020 08:00,115.50426,63.39803,0.966,33.9828,BURW,M45 8GW
24-02-2020 09:00,77.77948,49.33067,2.899,18.55383,BURW,M45 8GW
24-02-2020 10:00,85.85982,44.68391,2.899,26.85422,BURW,M45 8GW
24-02-2020 11:00,96.61708,53.39486,1.932,28.1888,BURW,M45 8GW
24-02-2020 12:00,61.37093,29.02913,2.899,21.09277,BURW,M45 8GW
24-02-2020 13:00,29.79316,14.57055,2.899,9.92793,BURW,M45 8GW
24-02-2020 14:00,33.31282,17.94048,6.763,10.02558,BURW,M45 8GW
24-02-2020 15:00,16.90427,9.06837,7.73,5.11044,BURW,M45 8GW
24-02-2020 16:00,14.72308,7.88538,8.696,4.45943,BURW,M45 8GW
24-02-2020 17:00,19.53162,10.49788,10.628,5.89165,BURW,M45 8GW
24-02-2020 18:00,16.95384,9.31759,15.459,4.98024,BURW,M45 8GW
24-02-2020 19:00,13.88034,8.19058,null,3.71077,BURW,M45 8GW
24-02-2020 20:00,14.62393,8.63471,null,3.90607,BURW,M45 8GW
24-02-2020 21:00,9.76581,6.2721,null,2.27854,BURW,M45 8GW
24-02-2020 22:00,7.4359,4.84057,null,1.69263,BURW,M45 8GW
24-02-2020 23:00,5.00684,3.06034,null,1.26947,BURW,M45 8GW
25-02-2020 00:00,3.81709,1.82069,null,1.30202,BURW,M45 8GW
25-02-2020 01:00,5.16276,2.49842,null,1.73764,BURW,M45 8GW
25-02-2020 02:00,4.10374,2.50513,null,1.04258,BURW,M45 8GW
25-02-2020 03:00,3.72315,2.62411,null,0.71678,BURW,M45 8GW
25-02-2020 04:00,5.80811,4.30942,null,0.97742,BURW,M45 8GW
25-02-2020 05:00,7.0988,5.30037,null,1.17291,BURW,M45 8GW
25-02-2020 06:00,16.92791,12.232,null,3.06259,BURW,M45 8GW
25-02-2020 07:00,47.8052,27.57283,null,13.19521,BURW,M45 8GW
25-02-2020 08:00,54.65579,31.42604,null,15.15005,BURW,M45 8GW
25-02-2020 09:00,62.946,34.97038,null,18.24522,BURW,M45 8GW
25-02-2020 10:00,49.39375,28.61186,null,13.5536,BURW,M45 8GW
25-02-2020 11:00,27.84914,14.51076,null,8.69906,BURW,M45 8GW
25-02-2020 12:00,33.9551,18.26877,null,10.23036,BURW,M45 8GW
25-02-2020 13:00,44.62812,25.04518,null,12.77166,BURW,M45 8GW
25-02-2020 14:00,33.85581,18.61909,null,9.93713,BURW,M45 8GW
25-02-2020 15:00,40.7064,22.72208,null,11.72907,BURW,M45 8GW
25-02-2020 16:00,48.35127,27.16972,null,13.81424,BURW,M45 8GW
25-02-2020 17:00,73.56938,43.64546,null,19.51587,BURW,M45 8GW
25-02-2020 18:00,93.42616,53.46099,null,26.06461,BURW,M45 8GW
25-02-2020 19:00,69.20089,45.82126,null,15.2478,BURW,M45 8GW
25-02-2020 20:00,34.10402,22.11447,null,7.81938,BURW,M45 8GW
25-02-2020 21:00,46.71308,29.02849,null,11.53359,BURW,M45 8GW
25-02-2020 22:00,21.94174,14.69806,null,4.72421,BURW,M45 8GW
25-02-2020 23:00,10.67302,7.72559,null,1.92227,BURW,M45 8GW
26-02-2020 00:00,13.00619,8.11046,null,3.19292,BURW,M45 8GW
26-02-2020 01:00,5.82232,3.62522,null,1.43291,BURW,M45 8GW
26-02-2020 02:00,3.17581,2.64318,null,0.34737,BURW,M45 8GW
26-02-2020 03:00,3.92015,2.92146,null,0.65133,BURW,M45 8GW
26-02-2020 04:00,6.55011,4.55275,null,1.30265,BURW,M45 8GW
26-02-2020 05:00,5.06145,3.51349,null,1.00955,BURW,M45 8GW
26-02-2020 06:00,12.90174,8.25786,null,3.02866,BURW,M45 8GW
26-02-2020 07:00,27.44101,16.30568,null,7.26227,BURW,M45 8GW
26-02-2020 08:00,51.01149,25.69486,null,16.51108,BURW,M45 8GW
26-02-2020 09:00,53.44298,31.8714,null,14.06861,BURW,M45 8GW
26-02-2020 10:00,49.37396,26.85364,null,14.68737,BURW,M45 8GW
26-02-2020 11:00,31.16266,16.98135,null,9.24881,BURW,M45 8GW
26-02-2020 12:00,31.907,16.8768,null,9.80244,BURW,M45 8GW
26-02-2020 13:00,20.74203,10.30578,null,6.80634,BURW,M45 8GW
26-02-2020 14:00,22.0322,10.04799,null,7.8159,BURW,M45 8GW
26-02-2020 15:00,null,null,null,null,BURW,M45 8GW
26-02-2020 16:00,26.10121,13.41793,18.358,8.27182,BURW,M45 8GW
26-02-2020 17:00,25.45613,13.87139,19.324,7.55537,BURW,M45 8GW
26-02-2020 18:00,39.69766,24.81727,17.392,9.70474,BURW,M45 8GW
26-02-2020 19:00,65.60038,42.73052,18.358,14.91534,BURW,M45 8GW
26-02-2020 20:00,141.67103,70.91427,23.189,46.14635,BURW,M45 8GW
26-02-2020 21:00,116.51263,68.02653,17.392,31.62181,BURW,M45 8GW
26-02-2020 22:00,61.92835,41.4054,13.527,13.38472,BURW,M45 8GW
26-02-2020 23:00,42.62536,29.84221,12.561,8.33696,BURW,M45 8GW
27-02-2020 00:00,25.25764,20.61376,13.527,3.02866,BURW,M45 8GW
27-02-2020 01:00,24.53655,16.88339,13.527,4.99126,BURW,M45 8GW
27-02-2020 02:00,33.72949,25.07809,10.628,5.6423,BURW,M45 8GW
27-02-2020 03:00,12.00373,10.50637,10.628,0.97655,BURW,M45 8GW
27-02-2020 04:00,12.10294,9.40769,7.73,1.75779,BURW,M45 8GW
27-02-2020 05:00,19.89048,15.69788,5.797,2.73434,BURW,M45 8GW
27-02-2020 06:00,45.78283,29.3618,7.73,10.70951,BURW,M45 8GW
27-02-2020 07:00,112.64659,58.09285,8.696,35.57902,BURW,M45 8GW
27-02-2020 08:00,132.58667,71.39464,11.594,39.9084,BURW,M45 8GW
27-02-2020 09:00,105.45427,59.68503,14.493,29.84992,BURW,M45 8GW
27-02-2020 10:00,53.07435,28.21821,8.696,16.21075,BURW,M45 8GW
27-02-2020 11:00,24.10667,11.57877,11.594,8.17048,BURW,M45 8GW
27-02-2020 12:00,21.22974,11.14753,11.594,6.57545,BURW,M45 8GW
27-02-2020 13:00,20.3369,9.70566,11.594,6.93352,BURW,M45 8GW
27-02-2020 14:00,15.57509,8.43768,16.425,4.6549,BURW,M45 8GW
27-02-2020 15:00,22.42019,11.09018,11.594,7.38924,BURW,M45 8GW
27-02-2020 16:00,22.71781,13.33436,15.459,6.11972,BURW,M45 8GW
27-02-2020 17:00,21.03133,12.24683,17.392,5.7291,BURW,M45 8GW
27-02-2020 18:00,38.54091,25.26433,23.189,8.65876,BURW,M45 8GW
27-02-2020 19:00,44.79078,28.56941,24.155,10.57931,BURW,M45 8GW
27-02-2020 20:00,71.87358,43.47369,19.324,18.52192,BURW,M45 8GW
27-02-2020 21:00,60.16746,41.0512,18.358,12.46731,BURW,M45 8GW
27-02-2020 22:00,58.28258,45.60495,9.662,8.26814,BURW,M45 8GW
27-02-2020 23:00,78.91709,54.6599,16.425,15.82013,BURW,M45 8GW
28-02-2020 00:00,60.36587,51.88084,12.561,5.53379,BURW,M45 8GW
28-02-2020 01:00,72.25796,49.64132,21.256,14.75019,BURW,M45 8GW
28-02-2020 02:00,53.21835,44.57081,18.358,5.63978,BURW,M45 8GW
28-02-2020 03:00,63.96119,42.50863,9.662,13.99099,BURW,M45 8GW
28-02-2020 04:00,32.42683,29.63301,8.696,1.82208,BURW,M45 8GW
28-02-2020 05:00,21.07248,18.32855,5.797,1.78955,BURW,M45 8GW
28-02-2020 06:00,14.5772,13.42974,9.662,0.74836,BURW,M45 8GW
28-02-2020 07:00,27.12153,25.62484,6.763,0.97612,BURW,M45 8GW
28-02-2020 08:00,41.79789,30.37316,10.628,7.45102,BURW,M45 8GW
28-02-2020 09:00,29.4519,25.21127,5.797,2.76566,BURW,M45 8GW
28-02-2020 10:00,30.93937,27.34731,3.865,2.34268,BURW,M45 8GW
28-02-2020 11:00,27.02236,23.97909,1.932,1.98477,BURW,M45 8GW
28-02-2020 12:00,28.3115,24.47,2.899,2.50536,BURW,M45 8GW
28-02-2020 13:00,27.12153,22.98068,4.831,2.70059,BURW,M45 8GW
28-02-2020 14:00,34.7572,29.06978,3.865,3.70924,BURW,M45 8GW
28-02-2020 15:00,69.51441,41.87553,2.899,18.0256,BURW,M45 8GW
28-02-2020 16:00,75.76178,45.62842,2.899,19.65246,BURW,M45 8GW
28-02-2020 17:00,56.72217,39.70979,2.899,11.09518,BURW,M45 8GW
28-02-2020 18:00,44.872,37.08921,3.865,5.0758,BURW,M45 8GW
28-02-2020 19:00,87.7607,54.58407,7.73,21.63723,BURW,M45 8GW
28-02-2020 20:00,63.41578,38.47095,7.73,16.26859,BURW,M45 8GW
28-02-2020 21:00,49.58231,34.26619,6.763,9.98892,BURW,M45 8GW
28-02-2020 22:00,34.55887,25.12973,4.831,6.14953,BURW,M45 8GW
28-02-2020 23:00,21.27081,16.33174,2.899,3.22118,BURW,M45 8GW
29-02-2020 00:00,10.01563,7.77059,0.966,1.46417,BURW,M45 8GW
29-02-2020 01:00,7.13699,6.00666,-0.966,0.73718,BURW,M45 8GW
29-02-2020 02:00,5.15449,4.02417,5.797,0.73718,BURW,M45 8GW
29-02-2020 03:00,4.55974,3.5624,5.797,0.65045,BURW,M45 8GW
29-02-2020 04:00,4.60931,3.21302,2.899,0.91064,BURW,M45 8GW
29-02-2020 05:00,5.00581,3.55965,1.932,0.94316,BURW,M45 8GW
29-02-2020 06:00,6.39355,4.49859,3.865,1.23586,BURW,M45 8GW
29-02-2020 07:00,12.44017,8.35105,5.797,2.66686,BURW,M45 8GW
29-02-2020 08:00,16.10779,10.47278,10.628,3.67506,BURW,M45 8GW
29-02-2020 09:00,21.26228,13.4331,9.662,5.10606,BURW,M45 8GW
29-02-2020 10:00,52.93268,29.94381,16.425,14.99295,BURW,M45 8GW
29-02-2020 11:00,41.68201,22.7324,12.561,12.35861,BURW,M45 8GW
29-02-2020 12:00,26.9124,12.25139,10.628,9.56166,BURW,M45 8GW
29-02-2020 13:00,29.73746,14.42817,11.594,9.98446,BURW,M45 8GW
29-02-2020 14:00,33.00858,15.75446,13.527,11.25284,BURW,M45 8GW
29-02-2020 15:00,43.46626,21.42487,10.628,14.37502,BURW,M45 8GW
29-02-2020 16:00,41.88026,22.13277,14.493,12.87898,BURW,M45 8GW
29-02-2020 17:00,40.98813,23.83375,12.561,11.1878,BURW,M45 8GW
29-02-2020 18:00,39.25345,22.0492,18.358,11.22032,BURW,M45 8GW
29-02-2020 19:00,32.56252,18.30045,9.662,9.30148,BURW,M45 8GW
29-02-2020 20:00,29.78702,17.91858,5.797,7.7404,BURW,M45 8GW
29-02-2020 21:00,23.39347,15.36482,15.459,5.23615,BURW,M45 8GW
29-02-2020 22:00,19.23022,11.75012,24.155,4.8784,BURW,M45 8GW
29-02-2020 23:00,11.20111,5.51623,16.425,3.70758,BURW,M45 8GW
01-03-2020 00:00,16.05823,9.17653,16.425,4.48813,BURW,M45 8GW
01-03-2020 01:00,17.43898,12.25509,17.392,3.38085,BURW,M45 8GW
01-03-2020 02:00,14.33431,11.54299,15.459,1.82046,BURW,M45 8GW
01-03-2020 03:00,11.89021,10.04594,16.425,1.2028,BURW,M45 8GW
01-03-2020 04:00,5.25151,3.3574,10.628,1.23531,BURW,M45 8GW
01-03-2020 05:00,4.95426,3.20968,9.662,1.13779,BURW,M45 8GW
01-03-2020 06:00,4.06249,2.46745,9.662,1.04026,BURW,M45 8GW
01-03-2020 07:00,8.12498,4.33675,9.662,2.47062,BURW,M45 8GW
01-03-2020 08:00,9.41309,5.62486,10.628,2.47062,BURW,M45 8GW
01-03-2020 09:00,13.12878,6.79845,12.561,4.12853,BURW,M45 8GW
01-03-2020 10:00,16.34904,7.42677,9.662,5.81896,BURW,M45 8GW
01-03-2020 11:00,20.85742,9.74195,10.628,7.24932,BURW,M45 8GW
01-03-2020 12:00,27.00069,13.79173,15.459,8.61466,BURW,M45 8GW
01-03-2020 13:00,19.6684,11.64333,12.561,5.23381,BURW,M45 8GW
01-03-2020 14:00,20.31245,9.69544,17.392,6.92424,BURW,M45 8GW
01-03-2020 15:00,18.13258,8.91123,10.628,6.01401,BURW,M45 8GW
01-03-2020 16:00,24.77128,15.4004,15.459,6.11153,BURW,M45 8GW
01-03-2020 17:00,29.32919,15.92086,20.29,8.74469,BURW,M45 8GW
01-03-2020 18:00,28.53651,15.02848,17.392,8.80971,BURW,M45 8GW
01-03-2020 19:00,58.31159,34.685,21.256,15.40886,BURW,M45 8GW
01-03-2020 20:00,77.28639,48.0273,16.425,19.08228,BURW,M45 8GW
01-03-2020 21:00,44.2415,36.16659,18.358,5.26632,BURW,M45 8GW
01-03-2020 22:00,30.91456,24.28515,12.561,4.32358,BURW,M45 8GW
01-03-2020 23:00,25.71259,18.28566,14.493,4.84371,BURW,M45 8GW
02-03-2020 00:00,20.31245,15.62701,7.73,3.05577,BURW,M45 8GW
02-03-2020 01:00,22.0541,15.54391,8.696,4.24583,BURW,M45 8GW
02-03-2020 02:00,24.56325,19.18238,10.628,3.50931,BURW,M45 8GW
02-03-2020 03:00,34.17065,27.49438,8.696,4.35415,BURW,M45 8GW
02-03-2020 04:00,41.59905,31.93341,14.493,6.30376,BURW,M45 8GW
02-03-2020 05:00,58.43676,39.65354,10.628,12.2501,BURW,M45 8GW
02-03-2020 06:00,98.9463,54.55414,14.493,28.95182,BURW,M45 8GW
02-03-2020 07:00,199.22972,60.47307,16.425,90.49473,BURW,M45 8GW
02-03-2020 08:00,233.2518,62.65834,22.223,111.25815,BURW,M45 8GW
02-03-2020 09:00,248.80192,71.58202,45.411,115.57981,BURW,M45 8GW
02-03-2020 10:00,226.61576,78.84117,22.223,96.37608,BURW,M45 8GW
02-03-2020 11:00,122.46958,58.84579,15.459,41.49435,BURW,M45 8GW
02-03-2020 12:00,43.679,24.74631,14.493,12.34758,BURW,M45 8GW
02-03-2020 13:00,28.52506,14.32555,9.662,9.26068,BURW,M45 8GW
02-03-2020 14:00,30.45644,17.10392,8.696,8.70829,BURW,M45 8GW
02-03-2020 15:00,31.54594,17.29661,10.628,9.29318,BURW,M45 8GW
02-03-2020 16:00,36.84487,21.30014,10.628,10.13801,BURW,M45 8GW
02-03-2020 17:00,42.44093,23.4086,15.459,12.41256,BURW,M45 8GW
02-03-2020 18:00,56.3568,33.03971,15.459,15.20701,BURW,M45 8GW
02-03-2020 19:00,129.3037,72.05724,20.29,37.33517,BURW,M45 8GW
02-03-2020 20:00,149.95466,79.65461,13.527,45.8485,BURW,M45 8GW
02-03-2020 21:00,78.59248,50.09381,9.662,18.58635,BURW,M45 8GW
02-03-2020 22:00,52.89022,35.30275,8.696,11.47025,BURW,M45 8GW
02-03-2020 23:00,27.98031,20.00865,9.662,5.19898,BURW,M45 8GW
03-03-2020 00:00,18.47196,14.98436,10.628,2.27455,BURW,M45 8GW
03-03-2020 01:00,14.2568,12.26478,9.662,1.29916,BURW,M45 8GW
03-03-2020 02:00,13.66277,11.73715,7.73,1.25586,BURW,M45 8GW
03-03-2020 03:00,12.07868,10.73407,11.594,0.87694,BURW,M45 8GW
03-03-2020 04:00,18.21703,13.63538,7.73,2.98808,BURW,M45 8GW
03-03-2020 05:00,22.02874,19.14031,6.763,1.88379,BURW,M45 8GW
03-03-2020 06:00,55.34412,37.01751,6.763,11.95231,BURW,M45 8GW
03-03-2020 07:00,92.22371,54.87327,11.594,24.35932,BURW,M45 8GW
03-03-2020 08:00,134.74661,67.16721,11.594,44.07413,BURW,M45 8GW
03-03-2020 09:00,113.70792,58.72807,10.628,35.85692,BURW,M45 8GW
03-03-2020 10:00,130.88539,58.72434,8.696,47.06221,BURW,M45 8GW
03-03-2020 11:00,105.39145,55.14266,6.763,32.77141,BURW,M45 8GW
03-03-2020 12:00,35.04798,18.06598,3.865,11.07537,BURW,M45 8GW
03-03-2020 13:00,39.0577,23.02192,2.899,10.45827,BURW,M45 8GW
03-03-2020 14:00,33.41439,18.17541,6.763,9.9386,BURW,M45 8GW
03-03-2020 15:00,35.4935,19.45771,16.425,10.45827,BURW,M45 8GW
03-03-2020 16:00,32.86986,18.62689,22.223,9.28902,BURW,M45 8GW
03-03-2020 17:00,28.11759,15.11963,21.256,8.47704,BURW,M45 8GW
03-03-2020 18:00,38.01815,23.67558,24.155,9.35398,BURW,M45 8GW
03-03-2020 19:00,39.84975,25.30798,24.155,9.4839,BURW,M45 8GW
03-03-2020 20:00,45.24555,29.45877,21.256,10.29587,BURW,M45 8GW
03-03-2020 21:00,57.22523,36.35878,20.29,13.60874,BURW,M45 8GW
03-03-2020 22:00,53.01749,38.62512,20.29,9.38646,BURW,M45 8GW
03-03-2020 23:00,55.93816,40.54978,19.324,10.03604,BURW,M45 8GW
04-03-2020 00:00,85.93685,56.95291,24.155,18.90283,BURW,M45 8GW
04-03-2020 01:00,80.62416,58.2571,18.358,14.58742,BURW,M45 8GW
04-03-2020 02:00,79.56853,61.84744,18.358,11.55739,BURW,M45 8GW
04-03-2020 03:00,77.73766,58.67256,20.29,12.43393,BURW,M45 8GW
04-03-2020 04:00,60.31967,49.468,20.29,7.07728,BURW,M45 8GW
04-03-2020 05:00,92.6815,44.49609,19.324,31.42571,BURW,M45 8GW
04-03-2020 06:00,156.76187,51.18206,20.29,68.85736,BURW,M45 8GW
04-03-2020 07:00,267.20774,68.99047,25.121,129.27393,BURW,M45 8GW
04-03-2020 08:00,329.55621,76.58279,30.918,164.98496,BURW,M45 8GW
04-03-2020 09:00,297.49128,78.31734,35.749,142.94152,BURW,M45 8GW
04-03-2020 10:00,241.22921,71.48514,32.851,110.7042,BURW,M45 8GW
04-03-2020 11:00,141.52114,65.50964,28.986,49.57341,BURW,M45 8GW
04-03-2020 12:00,98.86686,54.4646,28.02,28.9584,BURW,M45 8GW
04-03-2020 13:00,65.91124,41.07186,19.324,16.19982,BURW,M45 8GW
04-03-2020 14:00,52.94672,32.23894,24.155,13.50526,BURW,M45 8GW
04-03-2020 15:00,37.6565,22.97189,18.358,9.57705,BURW,M45 8GW
04-03-2020 16:00,24.59301,17.92272,8.696,4.35025,BURW,M45 8GW
04-03-2020 17:00,36.22149,27.95829,15.459,5.38912,BURW,M45 8GW
04-03-2020 18:00,80.21181,53.72974,24.155,17.27115,BURW,M45 8GW
04-03-2020 19:00,136.57284,71.81125,36.716,42.23641,BURW,M45 8GW
04-03-2020 20:00,123.21246,72.93636,27.054,32.78922,BURW,M45 8GW
04-03-2020 21:00,118.01675,72.51937,32.851,29.67262,BURW,M45 8GW
04-03-2020 22:00,87.38683,64.28969,33.817,15.06356,BURW,M45 8GW
04-03-2020 23:00,191.64733,74.31983,33.817,76.519,BURW,M45 8GW
05-03-2020 00:00,172.49744,67.81363,33.817,68.273,BURW,M45 8GW
05-03-2020 01:00,125.04255,53.92457,34.783,46.38194,BURW,M45 8GW
05-03-2020 02:00,105.71899,47.33856,29.952,38.07473,BURW,M45 8GW
05-03-2020 03:00,75.43113,41.69652,28.02,22.00114,BURW,M45 8GW
05-03-2020 04:00,77.70643,39.99134,29.952,24.59714,BURW,M45 8GW
05-03-2020 05:00,73.40314,38.22562,26.087,22.94219,BURW,M45 8GW
05-03-2020 06:00,149.18051,51.6089,25.121,63.63455,BURW,M45 8GW
05-03-2020 07:00,213.92762,62.12191,24.155,99.00511,BURW,M45 8GW
05-03-2020 08:00,201.61133,66.97146,28.02,87.80984,BURW,M45 8GW
05-03-2020 09:00,75.53005,44.97984,32.851,19.92433,BURW,M45 8GW
05-03-2020 10:00,46.19847,29.38093,29.952,10.96812,BURW,M45 8GW
05-03-2020 11:00,32.15097,21.20464,15.459,7.13901,BURW,M45 8GW
05-03-2020 12:00,29.18319,17.68954,21.256,7.49596,BURW,M45 8GW
05-03-2020 13:00,39.61989,20.8121,18.358,12.26612,BURW,M45 8GW
05-03-2020 14:00,37.78976,22.16636,14.493,10.18932,BURW,M45 8GW
05-03-2020 15:00,31.70581,18.81899,19.324,8.40456,BURW,M45 8GW
05-03-2020 16:00,45.11029,25.80494,18.358,12.59062,BURW,M45 8GW
05-03-2020 17:00,55.15128,34.25374,26.087,13.62902,BURW,M45 8GW
05-03-2020 18:00,64.25248,44.74811,37.682,12.72042,BURW,M45 8GW
05-03-2020 19:00,55.74484,46.24144,46.378,6.19796,BURW,M45 8GW
05-03-2020 20:00,134.24267,74.08761,67.634,39.23211,BURW,M45 8GW
05-03-2020 21:00,86.06568,64.81985,54.107,13.85617,BURW,M45 8GW
05-03-2020 22:00,59.9492,55.57067,31.885,2.85561,BURW,M45 8GW
05-03-2020 23:00,79.58602,65.75384,29.952,9.02112,BURW,M45 8GW
06-03-2020 00:00,84.23555,65.02971,27.054,12.52572,BURW,M45 8GW
06-03-2020 01:00,103.83062,62.9163,35.749,26.68363,BURW,M45 8GW
06-03-2020 02:00,85.63554,55.99421,29.952,19.33158,BURW,M45 8GW
06-03-2020 03:00,58.59014,45.95776,24.155,8.23862,BURW,M45 8GW
06-03-2020 04:00,60.61731,43.26022,32.851,11.32,BURW,M45 8GW
06-03-2020 05:00,69.3193,39.92664,28.02,19.1694,BURW,M45 8GW
06-03-2020 06:00,99.72684,48.65025,22.223,33.31129,BURW,M45 8GW
06-03-2020 07:00,261.60373,61.77339,25.121,130.32595,BURW,M45 8GW
06-03-2020 08:00,313.42015,68.13314,29.952,159.97202,BURW,M45 8GW
06-03-2020 09:00,200.19533,62.08462,30.918,90.07346,BURW,M45 8GW
06-03-2020 10:00,179.82475,62.70169,29.952,76.38567,BURW,M45 8GW
06-03-2020 11:00,100.0235,52.22934,36.716,31.17054,BURW,M45 8GW
06-03-2020 12:00,94.73308,50.37055,38.648,28.93249,BURW,M45 8GW
06-03-2020 13:00,89.39322,51.59555,46.378,24.651,BURW,M45 8GW
06-03-2020 14:00,62.05116,36.488,42.513,16.67186,BURW,M45 8GW
06-03-2020 15:00,63.38612,38.96684,39.614,15.92584,BURW,M45 8GW
06-03-2020 16:00,65.11663,43.08457,42.513,14.36894,BURW,M45 8GW
06-03-2020 17:00,59.82622,41.57392,29.952,11.90384,BURW,M45 8GW
06-03-2020 18:00,46.42712,33.39687,18.358,8.49811,BURW,M45 8GW
06-03-2020 19:00,71.59369,47.67174,21.256,15.60149,BURW,M45 8GW
06-03-2020 20:00,71.34647,45.0373,19.324,17.15839,BURW,M45 8GW
06-03-2020 21:00,77.72464,52.26094,27.054,16.60699,BURW,M45 8GW
06-03-2020 22:00,61.0623,43.95387,17.392,11.15782,BURW,M45 8GW
06-03-2020 23:00,64.02888,45.03058,19.324,12.39037,BURW,M45 8GW
07-03-2020 00:00,96.21638,56.52882,18.358,25.88355,BURW,M45 8GW
07-03-2020 01:00,82.37212,56.6547,20.29,16.77247,BURW,M45 8GW
07-03-2020 02:00,40.1976,33.10542,13.527,4.6254,BURW,M45 8GW
07-03-2020 03:00,32.0757,29.73926,20.29,1.52379,BURW,M45 8GW
07-03-2020 04:00,30.1482,25.47532,11.594,3.04757,BURW,M45 8GW
07-03-2020 05:00,21.30143,18.46788,10.628,1.848,BURW,M45 8GW
07-03-2020 06:00,18.0395,16.59786,9.662,0.94021,BURW,M45 8GW
07-03-2020 07:00,15.51891,14.02756,8.696,0.97263,BURW,M45 8GW
07-03-2020 08:00,22.2899,18.90951,8.696,2.20463,BURW,M45 8GW
07-03-2020 09:00,38.40188,27.11737,10.628,7.35957,BURW,M45 8GW
07-03-2020 10:00,53.42656,30.26099,10.628,15.10819,BURW,M45 8GW
07-03-2020 11:00,49.52212,26.90338,13.527,14.75156,BURW,M45 8GW
07-03-2020 12:00,64.00314,33.43056,17.392,19.93892,BURW,M45 8GW
07-03-2020 13:00,43.04767,25.69835,29.952,11.31493,BURW,M45 8GW
07-03-2020 14:00,40.52709,25.36507,25.121,9.88841,BURW,M45 8GW
07-03-2020 15:00,33.16302,19.84033,36.716,8.68883,BURW,M45 8GW
07-03-2020 16:00,43.19594,26.04547,31.885,11.18525,BURW,M45 8GW
07-03-2020 17:00,69.88451,42.6426,32.851,17.76671,BURW,M45 8GW
07-03-2020 18:00,43.7396,27.43422,24.155,10.63409,BURW,M45 8GW
07-03-2020 19:00,37.21573,21.80516,28.02,10.05051,BURW,M45 8GW
07-03-2020 20:00,26.88626,16.248,25.121,6.9381,BURW,M45 8GW
07-03-2020 21:00,16.60622,10.09401,15.459,4.24715,BURW,M45 8GW
07-03-2020 22:00,12.85005,8.37602,11.594,2.91789,BURW,M45 8GW
07-03-2020 23:00,11.16966,6.74534,11.594,2.88547,BURW,M45 8GW
08-03-2020 00:00,9.73639,6.20687,7.73,2.30189,BURW,M45 8GW
08-03-2020 01:00,9.22197,5.8431,9.662,2.20364,BURW,M45 8GW
08-03-2020 02:00,6.78473,4.92967,5.797,1.20984,BURW,M45 8GW
08-03-2020 03:00,6.02722,4.18871,2.899,1.19904,BURW,M45 8GW
08-03-2020 04:00,6.22483,4.43602,2.899,1.16663,BURW,M45 8GW
08-03-2020 05:00,7.85514,5.61912,4.831,1.45829,BURW,M45 8GW
08-03-2020 06:00,5.13795,3.89572,3.865,0.81016,BURW,M45 8GW
08-03-2020 07:00,9.43605,6.75283,3.865,1.74995,BURW,M45 8GW
08-03-2020 08:00,18.47687,12.8123,5.797,3.69434,BURW,M45 8GW
08-03-2020 09:00,49.65041,33.74985,11.594,10.37008,BURW,M45 8GW
08-03-2020 10:00,34.48357,20.17307,15.459,9.33307,BURW,M45 8GW
08-03-2020 11:00,20.99644,11.20766,12.561,6.38408,BURW,M45 8GW
08-03-2020 12:00,23.86184,12.18487,10.628,7.61552,BURW,M45 8GW
08-03-2020 13:00,22.92318,12.68719,13.527,6.67574,BURW,M45 8GW
08-03-2020 14:00,23.81244,12.73173,11.594,7.22665,BURW,M45 8GW
08-03-2020 15:00,24.40528,14.41774,12.561,6.5137,BURW,M45 8GW
08-03-2020 16:00,20.84823,12.74889,13.527,5.28226,BURW,M45 8GW
08-03-2020 17:00,31.51937,16.86104,12.561,9.55991,BURW,M45 8GW
08-03-2020 18:00,21.98451,13.53734,12.561,5.5091,BURW,M45 8GW
08-03-2020 19:00,25.39335,16.84679,8.696,5.57392,BURW,M45 8GW
08-03-2020 20:00,79.04543,52.8592,14.493,17.07822,BURW,M45 8GW
08-03-2020 21:00,75.43898,53.07882,14.493,14.58292,BURW,M45 8GW
08-03-2020 22:00,38.83107,30.33421,12.561,5.54151,BURW,M45 8GW
08-03-2020 23:00,39.3745,28.04536,14.493,7.38868,BURW,M45 8GW
09-03-2020 00:00,25.14633,20.02834,10.628,3.33787,BURW,M45 8GW
09-03-2020 01:00,22.05797,18.15083,10.628,2.54817,BURW,M45 8GW
09-03-2020 02:00,5.79433,4.66855,9.662,0.73422,BURW,M45 8GW
09-03-2020 03:00,2.56794,1.82294,12.561,0.48588,BURW,M45 8GW
09-03-2020 04:00,3.605,2.71099,21.256,0.58306,BURW,M45 8GW
09-03-2020 05:00,5.03712,3.19944,17.392,1.1985,BURW,M45 8GW
09-03-2020 06:00,8.3952,5.71318,17.392,1.74917,BURW,M45 8GW
09-03-2020 07:00,29.72888,16.66646,20.29,8.51909,BURW,M45 8GW
09-03-2020 08:00,26.17326,14.45186,18.358,7.6445,BURW,M45 8GW
09-03-2020 09:00,31.85237,16.70394,21.256,9.87955,BURW,M45 8GW
09-03-2020 10:00,31.95113,16.40537,18.358,10.13868,BURW,M45 8GW
09-03-2020 11:00,25.03744,12.86903,15.459,7.93603,BURW,M45 8GW
09-03-2020 12:00,32.00052,15.06408,28.02,11.04566,BURW,M45 8GW
09-03-2020 13:00,38.61791,20.48946,28.986,11.82307,BURW,M45 8GW
09-03-2020 14:00,40.93893,19.88014,26.087,13.73419,BURW,M45 8GW
09-03-2020 15:00,55.60584,28.587,19.324,17.62123,BURW,M45 8GW
09-03-2020 16:00,68.05048,42.37265,15.459,16.74664,BURW,M45 8GW
09-03-2020 17:00,33.23511,25.93406,9.662,4.76162,BURW,M45 8GW
09-03-2020 18:00,38.17346,27.84272,8.696,6.73753,BURW,M45 8GW
09-03-2020 19:00,43.01304,28.16261,5.797,9.6852,BURW,M45 8GW
09-03-2020 20:00,41.08708,27.77633,3.865,8.68105,BURW,M45 8GW
09-03-2020 21:00,41.67969,27.77293,5.797,9.06975,BURW,M45 8GW
09-03-2020 22:00,32.39559,22.11452,4.831,6.70514,BURW,M45 8GW
09-03-2020 23:00,22.61765,15.81327,2.899,4.4377,BURW,M45 8GW
10-03-2020 00:00,15.11136,10.84,3.865,2.78571,BURW,M45 8GW
10-03-2020 01:00,5.39709,4.00704,1.932,0.90657,BURW,M45 8GW
10-03-2020 02:00,2.36945,1.83991,2.899,0.34536,BURW,M45 8GW
10-03-2020 03:00,2.96182,2.06821,6.763,0.58279,BURW,M45 8GW
10-03-2020 04:00,3.65291,2.41179,4.831,0.80944,BURW,M45 8GW
10-03-2020 05:00,9.08291,6.50138,1.932,1.68363,BURW,M45 8GW
10-03-2020 06:00,21.07827,13.58192,2.899,4.88899,BURW,M45 8GW
10-03-2020 07:00,68.22054,39.37697,6.763,18.81129,BURW,M45 8GW
10-03-2020 08:00,59.53254,33.81658,9.662,16.77151,BURW,M45 8GW
10-03-2020 09:00,57.90354,32.23723,8.696,16.73913,BURW,M45 8GW
10-03-2020 10:00,74.53909,35.07154,6.763,25.74006,BURW,M45 8GW
10-03-2020 11:00,39.98454,18.43874,6.763,14.05181,BURW,M45 8GW
10-03-2020 12:00,37.26954,21.08537,4.831,10.55504,BURW,M45 8GW
10-03-2020 13:00,22.06555,12.63305,5.797,6.15171,BURW,M45 8GW
10-03-2020 14:00,19.10373,10.76341,12.561,5.43941,BURW,M45 8GW
10-03-2020 15:00,25.81718,13.90245,18.358,7.77058,BURW,M45 8GW
10-03-2020 16:00,20.93018,12.19271,21.256,5.69843,BURW,M45 8GW
10-03-2020 17:00,19.59736,10.66132,23.189,5.82794,BURW,M45 8GW
10-03-2020 18:00,22.06555,13.32808,21.256,5.69843,BURW,M45 8GW
10-03-2020 19:00,27.24873,17.27014,22.223,6.50787,BURW,M45 8GW
10-03-2020 20:00,22.65791,15.31049,18.358,4.79186,BURW,M45 8GW
10-03-2020 21:00,23.69454,15.25494,17.392,5.50416,BURW,M45 8GW
10-03-2020 22:00,18.36327,12.70378,19.324,3.69103,BURW,M45 8GW
10-03-2020 23:00,25.27418,19.21753,18.358,3.95005,BURW,M45 8GW
11-03-2020 00:00,23.892,18.13321,16.425,3.75578,BURW,M45 8GW
11-03-2020 01:00,27.10617,20.48984,17.392,4.31506,BURW,M45 8GW
11-03-2020 02:00,19.21117,16.36615,15.459,1.85547,BURW,M45 8GW
11-03-2020 03:00,23.24091,18.47715,21.256,3.10684,BURW,M45 8GW
11-03-2020 04:00,30.54378,24.34098,17.392,4.04536,BURW,M45 8GW
11-03-2020 05:00,62.41985,41.67767,17.392,13.5277,BURW,M45 8GW
11-03-2020 06:00,75.39726,44.28399,16.425,20.29155,BURW,M45 8GW
11-03-2020 07:00,101.9442,57.13513,16.425,29.22371,BURW,M45 8GW
11-03-2020 08:00,69.08126,47.19776,18.358,14.27204,BURW,M45 8GW
11-03-2020 09:00,89.31219,44.40388,20.29,29.28844,BURW,M45 8GW
11-03-2020 10:00,70.2655,35.62904,20.29,22.58931,BURW,M45 8GW
11-03-2020 11:00,50.23194,29.58901,18.358,13.46297,BURW,M45 8GW
11-03-2020 12:00,41.74482,22.83867,9.662,12.33027,BURW,M45 8GW
11-03-2020 13:00,46.08707,26.23809,12.561,12.94517,BURW,M45 8GW
11-03-2020 14:00,50.9721,28.39389,13.527,14.72513,BURW,M45 8GW
11-03-2020 15:00,48.75163,26.91776,11.594,14.23968,BURW,M45 8GW
11-03-2020 16:00,39.32697,21.95912,8.696,11.32702,BURW,M45 8GW
11-03-2020 17:00,45.05085,25.053,7.73,13.04225,BURW,M45 8GW
11-03-2020 18:00,41.4981,22.54232,12.561,12.36263,BURW,M45 8GW
11-03-2020 19:00,40.7086,25.92111,9.662,9.64415,BURW,M45 8GW
11-03-2020 20:00,37.25453,23.4595,10.628,8.99689,BURW,M45 8GW
11-03-2020 21:00,27.04038,17.61211,8.696,6.14895,BURW,M45 8GW
11-03-2020 22:00,14.35903,9.99226,8.696,2.84794,BURW,M45 8GW
11-03-2020 23:00,6.26666,4.18252,9.662,1.35924,BURW,M45 8GW
12-03-2020 00:00,4.53963,3.00133,11.594,1.00325,BURW,M45 8GW
12-03-2020 01:00,4.5378,2.28926,13.527,1.46646,BURW,M45 8GW
12-03-2020 02:00,2.17025,1.37665,15.459,0.51758,BURW,M45 8GW
12-03-2020 03:00,1.87431,1.03111,13.527,0.54992,BURW,M45 8GW
12-03-2020 04:00,1.87431,0.7831,10.628,0.71166,BURW,M45 8GW
12-03-2020 05:00,3.40335,1.91534,13.527,0.97045,BURW,M45 8GW
12-03-2020 06:00,15.93161,9.38439,11.594,4.26999,BURW,M45 8GW
12-03-2020 07:00,41.77732,22.48285,12.561,12.58352,BURW,M45 8GW
12-03-2020 08:00,131.34948,61.66123,20.29,45.44949,BURW,M45 8GW
12-03-2020 09:00,81.48304,40.7613,28.986,26.55803,BURW,M45 8GW
12-03-2020 10:00,45.0327,20.57981,21.256,15.94776,BURW,M45 8GW
12-03-2020 11:00,23.62614,10.87889,19.324,8.31354,BURW,M45 8GW
12-03-2020 12:00,25.64842,9.97476,21.256,10.22209,BURW,M45 8GW
12-03-2020 13:00,21.11062,9.80178,24.155,7.37543,BURW,M45 8GW
12-03-2020 14:00,23.1329,11.17926,23.189,7.79596,BURW,M45 8GW
12-03-2020 15:00,null,null,null,null,BURW,M45 8GW
12-03-2020 16:00,30.64657,17.02305,22.223,8.88502,BURW,M45 8GW
12-03-2020 17:00,24.66194,11.76589,17.392,8.41058,BURW,M45 8GW
12-03-2020 18:00,25.0072,11.51596,16.425,8.79876,BURW,M45 8GW
12-03-2020 19:00,23.82343,13.5066,16.425,6.72847,BURW,M45 8GW
12-03-2020 20:00,19.23631,12.83789,11.594,4.17294,BURW,M45 8GW
12-03-2020 21:00,12.42962,7.916,9.662,2.9437,BURW,M45 8GW
12-03-2020 22:00,11.78841,6.87799,14.493,3.20249,BURW,M45 8GW
12-03-2020 23:00,8.77965,5.70444,13.527,2.0056,BURW,M45 8GW
13-03-2020 00:00,5.03104,2.84863,11.594,1.42333,BURW,M45 8GW
13-03-2020 01:00,5.59359,3.01268,14.493,1.68323,BURW,M45 8GW
13-03-2020 02:00,3.61938,2.22966,12.561,0.90635,BURW,M45 8GW
13-03-2020 03:00,3.15874,2.01718,14.493,0.74451,BURW,M45 8GW
13-03-2020 04:00,3.751,2.36128,18.358,0.90635,BURW,M45 8GW
13-03-2020 05:00,6.51489,3.58655,12.561,1.90982,BURW,M45 8GW
13-03-2020 06:00,5.97198,3.19254,13.527,1.81271,BURW,M45 8GW
13-03-2020 07:00,18.80434,9.27482,11.594,6.21499,BURW,M45 8GW
13-03-2020 08:00,42.84034,20.55516,9.662,14.53401,BURW,M45 8GW
13-03-2020 09:00,36.96706,18.15619,8.696,12.26813,BURW,M45 8GW
13-03-2020 10:00,39.23741,20.27764,7.73,12.36524,BURW,M45 8GW
13-03-2020 11:00,33.85769,15.09645,10.628,12.23576,BURW,M45 8GW
13-03-2020 12:00,26.99731,14.58908,10.628,8.09244,BURW,M45 8GW
13-03-2020 13:00,25.66472,15.48997,6.763,6.6358,BURW,M45 8GW
13-03-2020 14:00,22.45663,13.12564,7.73,6.08551,BURW,M45 8GW
13-03-2020 15:00,20.38371,13.8818,9.662,4.24044,BURW,M45 8GW
13-03-2020 16:00,23.69051,18.67759,7.73,3.26934,BURW,M45 8GW
13-03-2020 17:00,23.93728,22.39867,14.493,1.00346,BURW,M45 8GW
13-03-2020 18:00,69.59087,49.53918,17.392,13.07737,BURW,M45 8GW
13-03-2020 19:00,36.3748,31.21298,9.662,3.36645,BURW,M45 8GW
13-03-2020 20:00,36.02932,31.11566,15.459,3.2046,BURW,M45 8GW
13-03-2020 21:00,24.52955,22.7924,17.392,1.13294,BURW,M45 8GW
13-03-2020 22:00,25.41794,24.47492,21.256,0.61503,BURW,M45 8GW
13-03-2020 23:00,18.31079,17.91373,7.73,0.25896,BURW,M45 8GW
14-03-2020 00:00,14.46108,13.61732,18.358,0.55029,BURW,M45 8GW
14-03-2020 01:00,20.08388,19.09056,13.527,0.64782,BURW,M45 8GW
14-03-2020 02:00,12.64296,11.58343,17.392,0.69101,BURW,M45 8GW
14-03-2020 03:00,11.16137,10.51571,16.425,0.42109,BURW,M45 8GW
14-03-2020 04:00,10.3218,9.57681,14.493,0.48587,BURW,M45 8GW
14-03-2020 05:00,9.38345,8.5888,11.594,0.51826,BURW,M45 8GW
14-03-2020 06:00,8.44511,7.79945,6.763,0.42109,BURW,M45 8GW
14-03-2020 07:00,12.59358,11.25261,2.899,0.87456,BURW,M45 8GW
14-03-2020 08:00,17.97672,14.74845,6.763,2.10542,BURW,M45 8GW
14-03-2020 09:00,28.94054,19.95106,14.493,5.86279,BURW,M45 8GW
14-03-2020 10:00,35.06447,22.74739,12.561,8.03299,BURW,M45 8GW
14-03-2020 11:00,42.42307,25.08976,8.696,11.30449,BURW,M45 8GW
14-03-2020 12:00,38.96601,21.08638,8.696,11.66079,BURW,M45 8GW
14-03-2020 13:00,38.96601,19.19909,10.628,12.89165,BURW,M45 8GW
14-03-2020 14:00,32.29882,17.34947,13.527,9.74972,BURW,M45 8GW
14-03-2020 15:00,36.24975,21.39972,10.628,9.68493,BURW,M45 8GW
14-03-2020 16:00,35.3114,21.60369,9.662,8.93994,BURW,M45 8GW
14-03-2020 17:00,35.95343,25.67264,10.628,6.70496,BURW,M45 8GW
14-03-2020 18:00,31.31109,25.69888,6.763,3.66019,BURW,M45 8GW
14-03-2020 19:00,28.19974,18.31628,6.763,6.44583,BURW,M45 8GW
14-03-2020 20:00,22.37212,16.46191,7.73,3.85454,BURW,M45 8GW
14-03-2020 21:00,17.87794,13.4577,6.763,2.88281,BURW,M45 8GW
14-03-2020 22:00,13.28499,9.26207,11.594,2.62368,BURW,M45 8GW
14-03-2020 23:00,9.77854,6.89794,14.493,1.87868,BURW,M45 8GW
15-03-2020 00:00,9.23529,6.30502,13.527,1.91107,BURW,M45 8GW
15-03-2020 01:00,8.82934,5.51611,8.696,2.16083,BURW,M45 8GW
15-03-2020 02:00,6.58906,4.73365,4.831,1.21006,BURW,M45 8GW
15-03-2020 03:00,6.12782,4.23929,6.763,1.23167,BURW,M45 8GW
15-03-2020 04:00,7.90687,5.42195,3.865,1.62062,BURW,M45 8GW
15-03-2020 05:00,8.59872,4.92104,-0.966,2.39852,BURW,M45 8GW
15-03-2020 06:00,6.91851,4.63239,0.966,1.49097,BURW,M45 8GW
15-03-2020 07:00,10.57544,8.5378,3.865,1.32891,BURW,M45 8GW
15-03-2020 08:00,13.39226,10.31096,4.831,2.00957,BURW,M45 8GW
15-03-2020 09:00,37.16229,26.52683,3.865,6.93626,BURW,M45 8GW
15-03-2020 10:00,60.98173,40.00902,5.797,13.67805,BURW,M45 8GW
15-03-2020 11:00,48.13307,28.50221,12.561,12.80291,BURW,M45 8GW
15-03-2020 12:00,23.12759,13.23762,11.594,6.45007,BURW,M45 8GW
15-03-2020 13:00,15.36898,8.36151,14.493,4.57015,BURW,M45 8GW
15-03-2020 14:00,15.96199,8.75573,11.594,4.6998,BURW,M45 8GW
15-03-2020 15:00,18.33405,8.79197,11.594,6.22319,BURW,M45 8GW
15-03-2020 16:00,14.57829,7.91871,11.594,4.34327,BURW,M45 8GW
15-03-2020 17:00,17.88929,9.83816,7.73,5.25081,BURW,M45 8GW
15-03-2020 18:00,20.01426,12.50981,13.527,4.89428,BURW,M45 8GW
15-03-2020 19:00,20.01426,13.00679,11.594,4.57015,BURW,M45 8GW
15-03-2020 20:00,20.6567,13.79832,15.459,4.47292,BURW,M45 8GW
15-03-2020 21:00,15.31956,10.74731,16.425,2.98194,BURW,M45 8GW
15-03-2020 22:00,12.84866,8.92249,14.493,2.56058,BURW,M45 8GW
15-03-2020 23:00,11.66263,6.6928,17.392,3.24124,BURW,M45 8GW
16-03-2020 00:00,8.94465,5.66455,15.459,2.13922,BURW,M45 8GW
16-03-2020 01:00,9.1646,5.9155,9.662,2.11901,BURW,M45 8GW
16-03-2020 02:00,5.53832,3.94693,17.392,1.03788,BURW,M45 8GW
16-03-2020 03:00,2.96696,2.12153,18.358,0.55137,BURW,M45 8GW
16-03-2020 04:00,3.7087,2.86327,15.459,0.55137,BURW,M45 8GW
16-03-2020 05:00,11.91728,8.38637,14.493,2.3028,BURW,M45 8GW
16-03-2020 06:00,18.24679,12.27906,16.425,3.89205,BURW,M45 8GW
16-03-2020 07:00,61.51491,32.7206,24.155,18.77916,BURW,M45 8GW
16-03-2020 08:00,110.37081,55.5174,31.885,35.77446,BURW,M45 8GW
16-03-2020 09:00,74.91567,40.7504,24.155,22.28201,BURW,M45 8GW
16-03-2020 10:00,56.76778,29.91298,26.087,17.51424,BURW,M45 8GW
16-03-2020 11:00,50.63607,26.71541,21.256,15.60065,BURW,M45 8GW
16-03-2020 12:00,34.9112,17.50531,17.392,11.35182,BURW,M45 8GW
16-03-2020 13:00,31.35085,17.42614,20.29,9.08146,BURW,M45 8GW
16-03-2020 14:00,35.94963,18.54375,22.223,11.35182,BURW,M45 8GW
16-03-2020 15:00,42.03189,22.93515,19.324,12.45457,BURW,M45 8GW
16-03-2020 16:00,34.7134,17.80482,19.324,11.02749,BURW,M45 8GW
16-03-2020 17:00,44.30656,23.61842,16.425,13.49245,BURW,M45 8GW
16-03-2020 18:00,55.23485,29.82226,20.29,16.57366,BURW,M45 8GW
16-03-2020 19:00,50.53717,32.08693,17.392,12.03293,BURW,M45 8GW
16-03-2020 20:00,44.35601,30.38157,17.392,9.11389,BURW,M45 8GW
16-03-2020 21:00,41.933,28.70452,10.628,8.62739,BURW,M45 8GW
16-03-2020 22:00,32.73543,22.68975,15.459,6.55162,BURW,M45 8GW
16-03-2020 23:00,21.60934,12.16043,10.628,6.16242,BURW,M45 8GW
17-03-2020 00:00,15.27983,10.25699,13.527,3.27581,BURW,M45 8GW
17-03-2020 01:00,10.55587,7.43734,18.358,2.03386,BURW,M45 8GW
17-03-2020 02:00,10.29197,7.57155,13.527,1.77421,BURW,M45 8GW
17-03-2020 03:00,8.41171,5.57517,7.73,1.84994,BURW,M45 8GW
17-03-2020 04:00,9.10444,7.3627,5.797,1.13593,BURW,M45 8GW
17-03-2020 05:00,11.47951,9.53872,2.899,1.26575,BURW,M45 8GW
17-03-2020 06:00,24.98772,18.61795,2.899,4.15426,BURW,M45 8GW
17-03-2020 07:00,60.5643,35.28428,7.73,16.4872,BURW,M45 8GW
17-03-2020 08:00,118.35769,55.90408,9.662,40.73118,BURW,M45 8GW
17-03-2020 09:00,91.29178,49.14181,11.594,27.48949,BURW,M45 8GW
17-03-2020 10:00,68.2338,35.93707,13.527,21.06338,BURW,M45 8GW
17-03-2020 11:00,51.31142,28.66888,17.392,14.76708,BURW,M45 8GW
17-03-2020 12:00,30.28215,16.29851,11.594,9.11989,BURW,M45 8GW
17-03-2020 13:00,30.97488,15.84668,16.425,9.86636,BURW,M45 8GW
17-03-2020 14:00,28.00604,16.11249,20.29,7.75678,BURW,M45 8GW
17-03-2020 15:00,28.50085,16.458,18.358,7.85414,BURW,M45 8GW
17-03-2020 16:00,37.061,21.58445,24.155,10.09354,BURW,M45 8GW
17-03-2020 17:00,33.34995,19.01797,16.425,9.34708,BURW,M45 8GW
17-03-2020 18:00,35.57658,17.61184,3.865,11.7163,BURW,M45 8GW
17-03-2020 19:00,23.99811,14.19463,6.763,6.39366,BURW,M45 8GW
17-03-2020 20:00,25.53201,16.52476,7.73,5.87438,BURW,M45 8GW
17-03-2020 21:00,19.05005,11.83429,5.797,4.70599,BURW,M45 8GW
17-03-2020 22:00,18.30784,11.83854,6.763,4.21917,BURW,M45 8GW
17-03-2020 23:00,9.2034,5.6204,10.628,2.33677,BURW,M45 8GW
18-03-2020 00:00,10.93522,7.75034,8.696,2.07713,BURW,M45 8GW
18-03-2020 01:00,11.1567,8.36809,4.831,1.81868,BURW,M45 8GW
18-03-2020 02:00,4.09299,3.36264,1.932,0.47632,BURW,M45 8GW
18-03-2020 03:00,2.82218,2.17483,1.932,0.4222,BURW,M45 8GW
18-03-2020 04:00,3.26779,2.12247,1.932,0.74696,BURW,M45 8GW
18-03-2020 05:00,5.69388,4.05059,5.797,1.07172,BURW,M45 8GW
18-03-2020 06:00,13.12068,8.73858,9.662,2.85793,BURW,M45 8GW
18-03-2020 07:00,34.36132,18.82479,7.73,10.13266,BURW,M45 8GW
18-03-2020 08:00,54.46319,32.90128,5.797,14.06231,BURW,M45 8GW
18-03-2020 09:00,56.79026,34.03322,8.696,14.84175,BURW,M45 8GW
18-03-2020 10:00,54.31466,31.65722,10.628,14.7768,BURW,M45 8GW
18-03-2020 11:00,48.3237,25.91525,9.662,14.61441,BURW,M45 8GW
18-03-2020 12:00,36.09424,21.25487,8.696,9.67799,BURW,M45 8GW
18-03-2020 13:00,50.74979,28.44093,6.763,14.54946,BURW,M45 8GW
18-03-2020 14:00,42.43178,24.754,9.662,11.52915,BURW,M45 8GW
18-03-2020 15:00,41.09495,20.27999,16.425,13.57517,BURW,M45 8GW
18-03-2020 16:00,42.97641,21.86267,20.29,13.77003,BURW,M45 8GW
18-03-2020 17:00,47.482,29.30625,26.087,11.85391,BURW,M45 8GW
18-03-2020 18:00,69.56435,38.54109,20.29,20.23284,BURW,M45 8GW
18-03-2020 19:00,49.61102,32.23202,19.324,11.33429,BURW,M45 8GW
18-03-2020 20:00,35.64864,24.89258,24.155,7.01492,BURW,M45 8GW
18-03-2020 21:00,29.65768,21.49105,20.29,5.32614,BURW,M45 8GW
18-03-2020 22:00,36.68839,27.7748,23.189,5.81329,BURW,M45 8GW
18-03-2020 23:00,40.0552,31.58979,24.155,5.521,BURW,M45 8GW
19-03-2020 00:00,96.30082,50.43819,28.986,29.91083,BURW,M45 8GW
19-03-2020 01:00,49.47729,37.18606,27.054,8.01613,BURW,M45 8GW
19-03-2020 02:00,42.47516,33.04081,22.223,6.15292,BURW,M45 8GW
19-03-2020 03:00,41.17052,30.45722,24.155,6.98703,BURW,M45 8GW
19-03-2020 04:00,43.39997,28.45118,20.29,9.74935,BURW,M45 8GW
19-03-2020 05:00,60.24471,35.2304,17.392,16.31391,BURW,M45 8GW
19-03-2020 06:00,77.68396,39.21575,21.256,25.08832,BURW,M45 8GW
19-03-2020 07:00,106.86499,40.04391,23.189,43.57958,BURW,M45 8GW
19-03-2020 08:00,172.3613,49.03378,29.952,80.43211,BURW,M45 8GW
19-03-2020 09:00,162.40308,54.72197,31.885,70.22779,BURW,M45 8GW
19-03-2020 10:00,80.55748,44.13226,20.29,23.75591,BURW,M45 8GW
19-03-2020 11:00,34.38308,19.03566,17.392,10.00933,BURW,M45 8GW
19-03-2020 12:00,18.43012,11.65334,11.594,4.4197,BURW,M45 8GW
19-03-2020 13:00,37.35568,20.41372,16.425,11.04926,BURW,M45 8GW
19-03-2020 14:00,10.25547,7.21589,10.628,1.98237,BURW,M45 8GW
19-03-2020 15:00,32.20317,18.00182,18.358,9.26188,BURW,M45 8GW
19-03-2020 16:00,31.75728,17.40645,18.358,9.35937,BURW,M45 8GW
19-03-2020 17:00,25.56437,16.9439,14.493,5.62212,BURW,M45 8GW
19-03-2020 18:00,54.05179,32.22656,25.121,14.23405,BURW,M45 8GW
19-03-2020 19:00,38.94107,25.53699,25.121,8.74191,BURW,M45 8GW
19-03-2020 20:00,47.90841,29.57123,28.02,11.9592,BURW,M45 8GW
19-03-2020 21:00,45.87714,34.31674,28.986,7.53949,BURW,M45 8GW
19-03-2020 22:00,69.01388,43.2023,29.952,16.83387,BURW,M45 8GW
19-03-2020 23:00,44.14312,33.47965,25.121,6.95453,BURW,M45 8GW
20-03-2020 00:00,26.55523,24.71155,25.121,1.20242,BURW,M45 8GW
20-03-2020 01:00,47.92221,33.09656,28.02,9.66903,BURW,M45 8GW
20-03-2020 02:00,23.53146,21.60346,22.223,1.25741,BURW,M45 8GW
20-03-2020 03:00,14.52539,13.3287,19.324,0.78046,BURW,M45 8GW
20-03-2020 04:00,8.67557,6.98026,14.493,1.10565,BURW,M45 8GW
20-03-2020 05:00,22.15989,16.32603,15.459,3.80474,BURW,M45 8GW
20-03-2020 06:00,17.00412,13.91268,16.425,2.01619,BURW,M45 8GW
20-03-2020 07:00,21.96159,15.13049,11.594,4.45513,BURW,M45 8GW
20-03-2020 08:00,26.62161,19.44148,15.459,4.68276,BURW,M45 8GW
20-03-2020 09:00,18.73924,11.60897,10.628,4.65024,BURW,M45 8GW
20-03-2020 10:00,17.10327,10.02286,10.628,4.61772,BURW,M45 8GW
20-03-2020 11:00,17.59902,10.41889,10.628,4.68276,BURW,M45 8GW
20-03-2020 12:00,11.9475,7.16075,9.662,3.12184,BURW,M45 8GW
20-03-2020 13:00,15.36816,9.33485,13.527,3.93482,BURW,M45 8GW
20-03-2020 14:00,10.16281,6.42316,11.594,2.43894,BURW,M45 8GW
20-03-2020 15:00,9.56792,6.27702,10.628,2.14627,BURW,M45 8GW
20-03-2020 16:00,13.33559,8.9976,11.594,2.82917,BURW,M45 8GW
20-03-2020 17:00,15.46731,11.37862,11.594,2.66657,BURW,M45 8GW
20-03-2020 18:00,18.09477,14.85373,11.594,2.11375,BURW,M45 8GW
20-03-2020 19:00,17.00412,14.46116,11.594,1.65848,BURW,M45 8GW
20-03-2020 20:00,18.29306,16.04927,16.425,1.46336,BURW,M45 8GW
20-03-2020 21:00,18.98711,16.79318,11.594,1.43084,BURW,M45 8GW
20-03-2020 22:00,13.93049,12.38477,16.425,1.00809,BURW,M45 8GW
20-03-2020 23:00,14.52539,13.3287,9.662,0.78046,BURW,M45 8GW
21-03-2020 00:00,9.76622,8.91856,12.561,0.55283,BURW,M45 8GW
21-03-2020 01:00,9.32594,8.66067,16.425,0.43387,BURW,M45 8GW
21-03-2020 02:00,7.60626,6.87447,12.561,0.47726,BURW,M45 8GW
21-03-2020 03:00,7.58973,6.74152,14.493,0.55319,BURW,M45 8GW
21-03-2020 04:00,5.30785,4.50953,13.527,0.52065,BURW,M45 8GW
21-03-2020 05:00,6.20076,5.30265,11.594,0.58573,BURW,M45 8GW
21-03-2020 06:00,5.80391,5.15528,13.527,0.42303,BURW,M45 8GW
21-03-2020 07:00,6.39918,5.55097,16.425,0.55319,BURW,M45 8GW
21-03-2020 08:00,8.78027,7.23353,16.425,1.00876,BURW,M45 8GW
21-03-2020 09:00,9.0283,7.03251,18.358,1.30162,BURW,M45 8GW
21-03-2020 10:00,8.185,5.88984,18.358,1.49686,BURW,M45 8GW
21-03-2020 11:00,6.94485,4.59979,13.527,1.5294,BURW,M45 8GW
21-03-2020 12:00,8.03618,4.9926,12.561,1.98497,BURW,M45 8GW
21-03-2020 13:00,6.94485,4.79937,10.628,1.39924,BURW,M45 8GW
21-03-2020 14:00,6.59761,4.30245,10.628,1.49686,BURW,M45 8GW
21-03-2020 15:00,6.34958,4.40368,8.696,1.26908,BURW,M45 8GW
21-03-2020 16:00,6.39918,4.95223,11.594,0.94368,BURW,M45 8GW
21-03-2020 17:00,7.78815,5.89215,21.256,1.23654,BURW,M45 8GW
21-03-2020 18:00,8.9787,7.68143,18.358,0.84605,BURW,M45 8GW
21-03-2020 19:00,9.77239,8.62481,20.29,0.74843,BURW,M45 8GW
21-03-2020 20:00,9.8716,9.07329,11.594,0.52065,BURW,M45 8GW
21-03-2020 21:00,8.38342,7.635,17.392,0.48811,BURW,M45 8GW
21-03-2020 22:00,8.68106,7.63327,14.493,0.68335,BURW,M45 8GW
21-03-2020 23:00,10.56609,9.61809,17.392,0.61827,BURW,M45 8GW
22-03-2020 00:00,9.92121,9.0231,14.493,0.58573,BURW,M45 8GW
22-03-2020 01:00,31.90031,20.3837,27.054,7.51094,BURW,M45 8GW
22-03-2020 02:00,9.13328,7.93502,14.493,0.78149,BURW,M45 8GW
22-03-2020 03:00,7.14779,5.94953,12.561,0.78149,BURW,M45 8GW
22-03-2020 04:00,13.05464,11.80645,17.392,0.81405,BURW,M45 8GW
22-03-2020 05:00,11.0195,9.32197,16.425,1.1071,BURW,M45 8GW
22-03-2020 06:00,19.95424,15.46076,15.459,2.93057,BURW,M45 8GW
22-03-2020 07:00,48.24756,29.92417,20.29,11.9502,BURW,M45 8GW
22-03-2020 08:00,19.60677,15.26308,17.392,2.83288,BURW,M45 8GW
22-03-2020 09:00,10.42386,7.62791,12.561,1.82346,BURW,M45 8GW
22-03-2020 10:00,7.09815,4.80148,10.628,1.49785,BURW,M45 8GW
22-03-2020 11:00,6.8996,4.50308,8.696,1.56297,BURW,M45 8GW
22-03-2020 12:00,7.44561,4.99916,14.493,1.59553,BURW,M45 8GW
22-03-2020 13:00,8.58727,5.64155,13.527,1.92115,BURW,M45 8GW
22-03-2020 14:00,8.63691,6.09061,17.392,1.66066,BURW,M45 8GW
22-03-2020 15:00,10.32458,6.62995,18.358,2.40958,BURW,M45 8GW
22-03-2020 16:00,10.37422,7.67813,20.29,1.75834,BURW,M45 8GW
22-03-2020 17:00,10.92023,8.42386,16.425,1.62809,BURW,M45 8GW
22-03-2020 18:00,11.86334,9.91617,20.29,1.26991,BURW,M45 8GW
22-03-2020 19:00,15.04013,13.64216,24.155,0.91173,BURW,M45 8GW
22-03-2020 20:00,16.13216,14.73419,21.256,0.91173,BURW,M45 8GW
22-03-2020 21:00,19.16004,16.96323,25.121,1.43272,BURW,M45 8GW
22-03-2020 22:00,15.08977,13.99137,21.256,0.71636,BURW,M45 8GW
22-03-2020 23:00,13.35246,11.75478,21.256,1.04198,BURW,M45 8GW
23-03-2020 00:00,35.49074,28.95024,28.02,4.2656,BURW,M45 8GW
23-03-2020 01:00,20.52975,16.79939,24.155,2.43288,BURW,M45 8GW
23-03-2020 02:00,14.90063,13.56835,22.223,0.86889,BURW,M45 8GW
23-03-2020 03:00,9.08938,8.48986,19.324,0.391,BURW,M45 8GW
23-03-2020 04:00,20.06618,18.06777,35.749,1.30333,BURW,M45 8GW
23-03-2020 05:00,46.68863,32.69977,23.189,9.1233,BURW,M45 8GW
23-03-2020 06:00,80.21504,49.78926,26.087,19.84318,BURW,M45 8GW
23-03-2020 07:00,72.61572,50.58326,25.121,14.3692,BURW,M45 8GW
23-03-2020 08:00,73.55943,48.07971,26.087,16.61744,BURW,M45 8GW
23-03-2020 09:00,31.39065,24.94579,24.155,4.20323,BURW,M45 8GW
23-03-2020 10:00,25.57941,17.88554,26.087,5.01781,BURW,M45 8GW
23-03-2020 11:00,23.64233,16.29818,24.155,4.78973,BURW,M45 8GW
23-03-2020 12:00,28.6092,18.41732,24.155,6.64698,BURW,M45 8GW
23-03-2020 13:00,41.57275,23.28731,27.054,11.92546,BURW,M45 8GW
23-03-2020 14:00,33.67542,22.18457,21.256,7.49414,BURW,M45 8GW
23-03-2020 15:00,33.67542,21.93477,24.155,7.65706,BURW,M45 8GW
23-03-2020 16:00,41.47341,24.83666,24.155,10.85021,BURW,M45 8GW
23-03-2020 17:00,30.79463,22.60115,24.155,5.34365,BURW,M45 8GW
23-03-2020 18:00,31.14231,25.84653,25.121,3.45382,BURW,M45 8GW
23-03-2020 19:00,30.44695,29.4977,23.189,0.61908,BURW,M45 8GW
23-03-2020 20:00,46.53962,42.44289,28.986,2.67182,BURW,M45 8GW
23-03-2020 21:00,41.57275,38.92486,26.087,1.72691,BURW,M45 8GW
23-03-2020 22:00,29.70192,28.10319,26.087,1.04266,BURW,M45 8GW
23-03-2020 23:00,35.01647,33.41775,28.02,1.04266,BURW,M45 8GW
24-03-2020 00:00,51.30783,48.01045,28.986,2.15049,BURW,M45 8GW
24-03-2020 01:00,39.36249,37.6294,28.02,1.13029,BURW,M45 8GW
24-03-2020 02:00,32.20567,30.1393,26.087,1.34766,BURW,M45 8GW
24-03-2020 03:00,25.29736,23.99754,27.054,0.84772,BURW,M45 8GW
24-03-2020 04:00,36.82778,30.07873,30.918,4.40162,BURW,M45 8GW
24-03-2020 05:00,68.88435,48.73719,41.547,13.13964,BURW,M45 8GW
24-03-2020 06:00,117.78926,55.34805,40.58,40.72309,BURW,M45 8GW
24-03-2020 07:00,180.7096,72.57483,44.445,70.52366,BURW,M45 8GW
24-03-2020 08:00,145.52192,63.83343,39.614,53.27585,BURW,M45 8GW
24-03-2020 09:00,40.40619,27.65798,33.817,8.31416,BURW,M45 8GW
24-03-2020 10:00,31.85777,20.35939,32.851,7.49905,BURW,M45 8GW
24-03-2020 11:00,34.88948,22.14127,33.817,8.31416,BURW,M45 8GW
24-03-2020 12:00,28.87577,19.62707,42.513,6.03184,BURW,M45 8GW
24-03-2020 13:00,30.06857,18.27023,41.547,7.69468,BURW,M45 8GW
24-03-2020 14:00,19.92974,13.18069,38.648,4.40162,BURW,M45 8GW
24-03-2020 15:00,26.44046,17.04178,43.479,6.12966,BURW,M45 8GW
24-03-2020 16:00,17.49444,12.84509,38.648,3.03222,BURW,M45 8GW
24-03-2020 17:00,21.96745,17.21812,35.749,3.09743,BURW,M45 8GW
24-03-2020 18:00,20.82435,17.52481,35.749,2.1519,BURW,M45 8GW
24-03-2020 19:00,23.06085,17.71161,38.648,3.48869,BURW,M45 8GW
24-03-2020 20:00,21.27165,17.47218,36.716,2.47795,BURW,M45 8GW
24-03-2020 21:00,17.54414,16.04435,39.614,0.97814,BURW,M45 8GW
24-03-2020 22:00,18.09084,16.44107,43.479,1.07595,BURW,M45 8GW
24-03-2020 23:00,18.73694,17.03718,36.716,1.10856,BURW,M45 8GW
25-03-2020 00:00,19.68124,17.48155,34.783,1.4346,BURW,M45 8GW
25-03-2020 01:00,23.34063,20.47249,37.682,1.87055,BURW,M45 8GW
25-03-2020 02:00,19.69366,18.35964,33.817,0.87002,BURW,M45 8GW
25-03-2020 03:00,18.25145,16.85073,33.817,0.91353,BURW,M45 8GW
25-03-2020 04:00,14.86971,14.01927,29.952,0.55464,BURW,M45 8GW
25-03-2020 05:00,18.35091,16.80011,24.155,1.0114,BURW,M45 8GW
25-03-2020 06:00,104.33661,49.35837,32.851,35.85587,BURW,M45 8GW
25-03-2020 07:00,108.36486,54.78734,36.716,34.94235,BURW,M45 8GW
25-03-2020 08:00,129.60019,64.36669,36.716,42.54418,BURW,M45 8GW
25-03-2020 09:00,54.75434,37.1453,21.256,11.48432,BURW,M45 8GW
25-03-2020 10:00,33.91686,25.01229,25.121,5.80741,BURW,M45 8GW
25-03-2020 11:00,45.75295,31.14544,34.783,9.52677,BURW,M45 8GW
25-03-2020 12:00,35.80665,24.801,36.716,7.1777,BURW,M45 8GW
25-03-2020 13:00,39.68571,25.87862,44.445,9.00475,BURW,M45 8GW
25-03-2020 14:00,20.24071,15.9385,26.087,2.80583,BURW,M45 8GW
25-03-2020 15:00,23.02567,14.42125,31.885,5.61166,BURW,M45 8GW
25-03-2020 16:00,15.61568,12.61414,26.087,1.95756,BURW,M45 8GW
25-03-2020 17:00,33.61847,22.41271,35.749,7.3082,BURW,M45 8GW
25-03-2020 18:00,50.67636,36.96932,36.716,8.9395,BURW,M45 8GW
25-03-2020 19:00,71.66304,55.15456,38.648,10.76655,BURW,M45 8GW
25-03-2020 20:00,86.08516,58.07078,59.904,18.27051,BURW,M45 8GW
25-03-2020 21:00,213.74583,98.73676,78.262,75.00696,BURW,M45 8GW
25-03-2020 22:00,165.85443,81.06088,75.364,55.30091,BURW,M45 8GW
25-03-2020 23:00,88.91986,58.35416,54.107,19.93443,BURW,M45 8GW
26-03-2020 00:00,136.81125,59.82172,46.378,50.21127,BURW,M45 8GW
26-03-2020 01:00,117.6393,52.02939,47.344,42.78967,BURW,M45 8GW
26-03-2020 02:00,46.90975,39.23412,45.411,5.00591,BURW,M45 8GW
26-03-2020 03:00,45.33393,38.92645,41.547,4.17885,BURW,M45 8GW
26-03-2020 04:00,43.64199,32.4289,37.682,7.31299,BURW,M45 8GW
26-03-2020 05:00,52.45001,36.28114,45.411,10.54506,BURW,M45 8GW
26-03-2020 06:00,100.96875,38.39573,49.276,40.80907,BURW,M45 8GW
26-03-2020 07:00,127.04447,42.94632,46.378,54.84739,BURW,M45 8GW
26-03-2020 08:00,101.46638,42.64773,47.344,38.36052,BURW,M45 8GW
26-03-2020 09:00,100.52089,48.05966,48.31,34.21432,BURW,M45 8GW
26-03-2020 10:00,47.22491,31.35639,42.513,10.34918,BURW,M45 8GW
26-03-2020 11:00,28.86243,20.45262,39.614,5.48474,BURW,M45 8GW
26-03-2020 12:00,26.92168,19.3128,29.952,4.96238,BURW,M45 8GW
26-03-2020 13:00,34.53539,23.92301,26.087,6.92122,BURW,M45 8GW
26-03-2020 14:00,23.78663,17.72956,21.256,3.95032,BURW,M45 8GW
26-03-2020 15:00,23.08995,17.7337,21.256,3.49326,BURW,M45 8GW
26-03-2020 16:00,21.84588,17.19044,24.155,3.0362,BURW,M45 8GW
26-03-2020 17:00,23.23924,19.63503,28.986,2.3506,BURW,M45 8GW
26-03-2020 18:00,27.61836,25.06538,35.749,1.66501,BURW,M45 8GW
26-03-2020 19:00,32.34583,31.14443,42.513,0.78353,BURW,M45 8GW
26-03-2020 20:00,65.98549,57.12515,52.175,5.77856,BURW,M45 8GW
26-03-2020 21:00,44.43819,41.98533,52.175,1.59972,BURW,M45 8GW
26-03-2020 22:00,26.57334,25.422,54.107,0.75089,BURW,M45 8GW
26-03-2020 23:00,33.93824,29.03252,54.107,3.19943,BURW,M45 8GW
27-03-2020 00:00,35.63018,30.67439,49.276,3.23208,BURW,M45 8GW
27-03-2020 01:00,21.11273,19.97733,45.411,0.74049,BURW,M45 8GW
27-03-2020 02:00,23.23728,20.56575,45.411,1.74233,BURW,M45 8GW
27-03-2020 03:00,25.79338,24.09028,48.31,1.11073,BURW,M45 8GW
27-03-2020 04:00,21.26211,20.1601,51.209,0.71871,BURW,M45 8GW
27-03-2020 05:00,16.78064,14.82708,44.445,1.27408,BURW,M45 8GW
27-03-2020 06:00,51.48717,31.10007,46.378,13.29612,BURW,M45 8GW
27-03-2020 07:00,70.60813,46.06347,51.209,16.00761,BURW,M45 8GW
27-03-2020 08:00,34.90571,24.63703,43.479,6.69706,BURW,M45 8GW
27-03-2020 09:00,20.96335,15.40323,45.411,3.62621,BURW,M45 8GW
27-03-2020 10:00,20.31602,15.10654,40.58,3.39753,BURW,M45 8GW
27-03-2020 11:00,13.84278,11.08777,34.783,1.79677,BURW,M45 8GW
27-03-2020 12:00,17.17899,13.67261,35.749,2.2868,BURW,M45 8GW
27-03-2020 13:00,19.22055,14.91271,32.851,2.8095,BURW,M45 8GW
27-03-2020 14:00,19.71849,15.06001,28.02,3.03818,BURW,M45 8GW
27-03-2020 15:00,19.41973,15.21207,33.817,2.74416,BURW,M45 8GW
27-03-2020 16:00,18.97158,14.96429,35.749,2.61349,BURW,M45 8GW
27-03-2020 17:00,16.48187,14.07749,29.952,1.56809,BURW,M45 8GW
27-03-2020 18:00,17.9757,14.97023,28.986,1.96012,BURW,M45 8GW
27-03-2020 19:00,22.2082,18.802,36.716,2.22147,BURW,M45 8GW
27-03-2020 20:00,21.41149,18.00529,40.58,2.22147,BURW,M45 8GW
27-03-2020 21:00,22.15841,19.25312,34.783,1.89478,BURW,M45 8GW
27-03-2020 22:00,18.17487,15.62022,41.547,1.6661,BURW,M45 8GW
27-03-2020 23:00,20.5152,17.40955,42.513,2.02545,BURW,M45 8GW
28-03-2020 00:00,21.61067,17.50319,45.411,2.67883,BURW,M45 8GW
28-03-2020 01:00,14.34975,12.54529,39.614,1.17684,BURW,M45 8GW
28-03-2020 02:00,7.10844,6.1728,30.918,0.61021,BURW,M45 8GW
28-03-2020 03:00,5.43098,4.629,19.324,0.52304,BURW,M45 8GW
28-03-2020 04:00,4.33482,3.53284,9.662,0.52304,BURW,M45 8GW
28-03-2020 05:00,4.78325,4.13164,9.662,0.42497,BURW,M45 8GW
28-03-2020 06:00,7.77278,6.46956,7.73,0.84994,BURW,M45 8GW
28-03-2020 07:00,8.66964,6.51431,10.628,1.40567,BURW,M45 8GW
28-03-2020 08:00,11.75882,7.49829,8.696,2.77865,BURW,M45 8GW
28-03-2020 09:00,9.01842,6.06111,19.324,1.92871,BURW,M45 8GW
28-03-2020 10:00,10.91179,7.75399,16.425,2.05947,BURW,M45 8GW
28-03-2020 11:00,9.1679,6.76195,20.29,1.56912,BURW,M45 8GW
28-03-2020 12:00,9.86545,7.25901,16.425,1.69988,BURW,M45 8GW
28-03-2020 13:00,13.15394,9.14403,9.662,2.6152,BURW,M45 8GW
28-03-2020 14:00,14.94766,9.98539,18.358,3.2363,BURW,M45 8GW
28-03-2020 15:00,12.65568,9.14701,17.392,2.2883,BURW,M45 8GW
28-03-2020 16:00,13.45289,8.29013,17.392,3.36707,BURW,M45 8GW
28-03-2020 17:00,11.36022,8.50316,14.493,1.86333,BURW,M45 8GW
28-03-2020 18:00,13.80167,9.94213,20.29,2.51713,BURW,M45 8GW
28-03-2020 19:00,9.7658,7.15936,16.425,1.69988,BURW,M45 8GW
28-03-2020 20:00,12.1076,8.54881,16.425,2.32099,BURW,M45 8GW
28-03-2020 21:00,10.86196,8.0049,16.425,1.86333,BURW,M45 8GW
28-03-2020 22:00,7.77278,5.76783,14.493,1.3076,BURW,M45 8GW
28-03-2020 23:00,8.07174,5.01418,15.459,1.99409,BURW,M45 8GW
29-03-2020 00:00,8.52017,6.06409,19.324,1.60181,BURW,M45 8GW
29-03-2020 01:00,5.51749,3.64498,17.392,1.22122,BURW,M45 8GW
29-03-2020 02:00,3.52322,2.38634,13.527,0.74146,BURW,M45 8GW
29-03-2020 03:00,2.84184,1.93902,11.594,0.5888,BURW,M45 8GW
29-03-2020 04:00,2.74213,1.63868,9.662,0.71965,BURW,M45 8GW
29-03-2020 05:00,2.69227,1.7393,10.628,0.62152,BURW,M45 8GW
29-03-2020 06:00,5.18512,3.42963,12.561,1.1449,BURW,M45 8GW
29-03-2020 07:00,6.38168,4.37542,13.527,1.30845,BURW,M45 8GW
29-03-2020 08:00,6.58111,3.77234,15.459,1.83183,BURW,M45 8GW
29-03-2020 09:00,5.4344,3.42814,13.527,1.30845,BURW,M45 8GW
29-03-2020 10:00,6.43154,3.87355,11.594,1.66828,BURW,M45 8GW
29-03-2020 11:00,6.1324,4.07597,11.594,1.34116,BURW,M45 8GW
29-03-2020 12:00,9.07395,5.41252,12.561,2.38793,BURW,M45 8GW
29-03-2020 13:00,7.92724,5.51973,13.527,1.57014,BURW,M45 8GW
29-03-2020 14:00,7.67796,5.11997,9.662,1.66828,BURW,M45 8GW
29-03-2020 15:00,8.37595,5.61734,9.662,1.79912,BURW,M45 8GW
29-03-2020 16:00,9.22352,5.76271,8.696,2.25708,BURW,M45 8GW
29-03-2020 17:00,9.12381,6.66613,12.561,1.60285,BURW,M45 8GW
29-03-2020 18:00,10.46994,7.56086,13.527,1.89726,BURW,M45 8GW
29-03-2020 19:00,14.55821,10.64599,16.425,2.55148,BURW,M45 8GW
29-03-2020 20:00,16.15363,12.9436,12.561,2.09352,BURW,M45 8GW
29-03-2020 21:00,20.44132,16.27832,14.493,2.71504,BURW,M45 8GW
29-03-2020 22:00,19.74332,16.48314,18.358,2.12623,BURW,M45 8GW
29-03-2020 23:00,15.50549,12.84719,12.561,1.7337,BURW,M45 8GW
30-03-2020 00:00,10.5198,8.46338,7.73,1.34116,BURW,M45 8GW
30-03-2020 01:00,6.71828,5.31298,11.594,0.91651,BURW,M45 8GW
30-03-2020 02:00,8.84685,7.44154,7.73,0.91651,BURW,M45 8GW
30-03-2020 03:00,10.22709,8.7716,6.763,0.94925,BURW,M45 8GW
30-03-2020 04:00,14.86669,12.4576,8.696,1.57117,BURW,M45 8GW
30-03-2020 05:00,19.5063,15.29039,11.594,2.74954,BURW,M45 8GW
30-03-2020 06:00,24.34546,17.16838,14.493,4.68077,BURW,M45 8GW
30-03-2020 07:00,26.39087,17.60774,9.662,5.72821,BURW,M45 8GW
30-03-2020 08:00,33.37523,20.72751,18.358,8.24863,BURW,M45 8GW
30-03-2020 09:00,28.93517,17.84333,11.594,7.23392,BURW,M45 8GW
30-03-2020 10:00,15.6649,10.09389,11.594,3.63332,BURW,M45 8GW
30-03-2020 11:00,25.04389,15.05621,16.425,6.5138,BURW,M45 8GW
30-03-2020 12:00,13.91882,9.20102,15.459,3.07687,BURW,M45 8GW
30-03-2020 13:00,23.44747,13.30922,12.561,6.61199,BURW,M45 8GW
30-03-2020 14:00,19.65596,14.03476,18.358,3.66606,BURW,M45 8GW
30-03-2020 15:00,20.3544,14.63281,21.256,3.73152,BURW,M45 8GW
30-03-2020 16:00,14.51747,10.151,18.358,2.84774,BURW,M45 8GW
30-03-2020 17:00,17.46088,12.39176,9.662,3.306,BURW,M45 8GW
30-03-2020 18:00,11.32463,8.81516,8.696,1.63663,BURW,M45 8GW
30-03-2020 19:00,12.07295,10.01519,5.797,1.34204,BURW,M45 8GW
30-03-2020 20:00,9.42888,7.4213,9.662,1.30931,BURW,M45 8GW
30-03-2020 21:00,10.22709,8.62103,11.594,1.04745,BURW,M45 8GW
30-03-2020 22:00,17.41099,13.49622,17.392,2.55315,BURW,M45 8GW
30-03-2020 23:00,8.23156,5.6719,12.561,1.66937,BURW,M45 8GW
31-03-2020 00:00,13.37005,7.99979,12.561,3.50239,BURW,M45 8GW
31-03-2020 01:00,7.78746,5.04198,15.459,1.79055,BURW,M45 8GW
31-03-2020 02:00,6.12347,4.91814,6.763,0.7861,BURW,M45 8GW
31-03-2020 03:00,7.98713,5.72714,6.763,1.47393,BURW,M45 8GW
31-03-2020 04:00,14.07732,11.91777,5.797,1.40842,BURW,M45 8GW
31-03-2020 05:00,6.28987,5.48631,5.797,0.52406,BURW,M45 8GW
31-03-2020 06:00,19.31888,14.24645,8.696,3.30815,BURW,M45 8GW
31-03-2020 07:00,37.33985,27.64699,11.594,6.32152,BURW,M45 8GW
31-03-2020 08:00,32.34789,21.9017,6.763,6.81283,BURW,M45 8GW
31-03-2020 09:00,17.77137,11.14206,3.865,4.32353,BURW,M45 8GW
31-03-2020 10:00,12.47989,8.1608,8.696,2.81684,BURW,M45 8GW
31-03-2020 11:00,11.58134,7.96535,10.628,2.35829,BURW,M45 8GW
31-03-2020 12:00,11.18199,7.26466,8.696,2.55481,BURW,M45 8GW
31-03-2020 13:00,18.02097,11.24099,11.594,4.42179,BURW,M45 8GW
31-03-2020 14:00,12.97909,9.16221,8.696,2.4893,BURW,M45 8GW
31-03-2020 15:00,10.43319,6.86742,8.696,2.32553,BURW,M45 8GW
31-03-2020 16:00,28.45416,19.46441,8.696,5.86297,BURW,M45 8GW
31-03-2020 17:00,27.35593,19.82262,17.392,4.9131,BURW,M45 8GW
31-03-2020 18:00,18.62,13.84891,13.527,3.11163,BURW,M45 8GW
31-03-2020 19:00,20.71663,15.54375,11.594,3.37366,BURW,M45 8GW
31-03-2020 20:00,16.72306,13.20752,12.561,2.29278,BURW,M45 8GW
31-03-2020 21:00,13.02901,10.81924,10.628,1.44118,BURW,M45 8GW
31-03-2020 22:00,11.33174,9.32286,9.662,1.31016,BURW,M45 8GW
31-03-2020 23:00,12.18038,9.06661,10.628,2.03075,BURW,M45 8GW
