timestamp,NO level  (µg/m³),NOx level  (µg/m³),NO₂ level  (µg/m³),PM₁₀ level  (µg/m³),StationName,PostCodes
01-02-2020 00:00,0.52224,9.26058,8.45984,6.35,ECCL,M30 0DF
01-02-2020 01:00,0.39223,5.38481,4.7834,13.2,ECCL,M30 0DF
01-02-2020 02:00,0.43581,5.18538,4.51714,19.375,ECCL,M30 0DF
01-02-2020 03:00,0.26149,5.88341,5.48246,22.85,ECCL,M30 0DF
01-02-2020 04:00,0.29417,12.56456,12.1135,27.25,ECCL,M30 0DF
01-02-2020 05:00,0.19612,9.37356,9.07285,24.275,ECCL,M30 0DF
01-02-2020 06:00,0.2288,11.21836,10.86753,23.325,ECCL,M30 0DF
01-02-2020 07:00,0.26149,20.94093,20.53999,22.575,ECCL,M30 0DF
01-02-2020 08:00,0.39223,17.65022,17.0488,19.025,ECCL,M30 0DF
01-02-2020 09:00,0.65372,13.36231,12.35995,16.375,ECCL,M30 0DF
01-02-2020 10:00,1.07864,14.55894,12.90505,15.325,ECCL,M30 0DF
01-02-2020 11:00,0.78446,9.37356,8.17073,13.075,ECCL,M30 0DF
01-02-2020 12:00,0.75178,8.42623,7.27352,12.575,ECCL,M30 0DF
01-02-2020 13:00,1.14401,11.01892,9.2648,13.75,ECCL,M30 0DF
01-02-2020 14:00,1.1767,14.55894,12.75469,14.4,ECCL,M30 0DF
01-02-2020 15:00,0.78446,10.47047,9.26764,12.475,ECCL,M30 0DF
01-02-2020 16:00,0.84984,12.41498,11.11192,7.5,ECCL,M30 0DF
01-02-2020 17:00,0.75178,13.71133,12.55862,7.25,ECCL,M30 0DF
01-02-2020 18:00,0.39223,12.36512,11.76371,11.5,ECCL,M30 0DF
01-02-2020 19:00,0.35955,12.06597,11.51467,14.25,ECCL,M30 0DF
01-02-2020 20:00,0.32686,12.86372,12.36254,13.4,ECCL,M30 0DF
01-02-2020 21:00,0.58835,15.30683,14.40471,14.775,ECCL,M30 0DF
01-02-2020 22:00,0.52298,18.29839,17.4965,16.075,ECCL,M30 0DF
01-02-2020 23:00,0.62103,24.08207,23.12984,16.825,ECCL,M30 0DF
02-02-2020 00:00,3.00711,37.84326,33.23242,14.925,ECCL,M30 0DF
02-02-2020 01:00,1.39658,33.42025,31.27886,13.875,ECCL,M30 0DF
02-02-2020 02:00,0.69829,13.64771,12.57702,11.75,ECCL,M30 0DF
02-02-2020 03:00,0.62191,12.23301,11.27942,9.55,ECCL,M30 0DF
02-02-2020 04:00,0.62191,13.98058,13.02699,8.45,ECCL,M30 0DF
02-02-2020 05:00,0.55645,11.03467,10.18146,7.15,ECCL,M30 0DF
02-02-2020 06:00,0.39279,7.88904,7.28678,3.875,ECCL,M30 0DF
02-02-2020 07:00,0.55645,11.38419,10.53098,2.425,ECCL,M30 0DF
02-02-2020 08:00,0.68738,12.03329,10.97932,1.75,ECCL,M30 0DF
02-02-2020 09:00,0.55645,14.57975,13.72654,1.875,ECCL,M30 0DF
02-02-2020 10:00,1.08017,22.9681,21.31187,2.8,ECCL,M30 0DF
02-02-2020 11:00,1.86574,25.51456,22.6538,8.825,ECCL,M30 0DF
02-02-2020 12:00,2.58585,27.41193,23.44701,16.9,ECCL,M30 0DF
02-02-2020 13:00,5.76089,36.54924,27.716,11.525,ECCL,M30 0DF
02-02-2020 14:00,2.68405,18.0749,13.95941,10.375,ECCL,M30 0DF
02-02-2020 15:00,1.63662,21.6699,19.16046,16.05,ECCL,M30 0DF
02-02-2020 16:00,1.24383,20.62136,18.71418,24.65,ECCL,M30 0DF
02-02-2020 17:00,0.91651,24.9154,23.51011,21.55,ECCL,M30 0DF
02-02-2020 18:00,0.62191,17.67545,16.72186,21.625,ECCL,M30 0DF
02-02-2020 19:00,0.55645,19.32316,18.46995,25,ECCL,M30 0DF
02-02-2020 20:00,0.62191,23.01803,22.06444,23,ECCL,M30 0DF
02-02-2020 21:00,0.52372,19.2233,18.42028,21.525,ECCL,M30 0DF
02-02-2020 22:00,0.52372,22.06935,21.26633,22.225,ECCL,M30 0DF
02-02-2020 23:00,0.62191,23.51734,22.56375,18.95,ECCL,M30 0DF
03-02-2020 00:00,0.52372,13.93065,13.12763,16.525,ECCL,M30 0DF
03-02-2020 01:00,0.30593,14.93391,14.46482,18.525,ECCL,M30 0DF
03-02-2020 02:00,0.17482,3.00012,2.73206,10.7,ECCL,M30 0DF
03-02-2020 03:00,0.16389,2.40009,2.14879,8.45,ECCL,M30 0DF
03-02-2020 04:00,0.22945,3.40013,3.04831,12.825,ECCL,M30 0DF
03-02-2020 05:00,0.16389,3.65014,3.39884,16.975,ECCL,M30 0DF
03-02-2020 06:00,0.19667,5.60022,5.29866,16.3,ECCL,M30 0DF
03-02-2020 07:00,0.42612,9.75038,9.097,16.275,ECCL,M30 0DF
03-02-2020 08:00,0.75391,15.80061,14.64464,17.225,ECCL,M30 0DF
03-02-2020 09:00,1.57337,22.60088,20.1884,20.5,ECCL,M30 0DF
03-02-2020 10:00,1.50782,18.70073,16.38877,22.875,ECCL,M30 0DF
03-02-2020 11:00,1.70449,14.60057,11.98705,22.9,ECCL,M30 0DF
03-02-2020 12:00,1.40948,11.55045,9.38927,27.625,ECCL,M30 0DF
03-02-2020 13:00,1.47504,12.10047,9.83878,21.35,ECCL,M30 0DF
03-02-2020 14:00,1.60615,14.95058,12.48785,20.25,ECCL,M30 0DF
03-02-2020 15:00,1.3767,16.10062,13.98971,21.925,ECCL,M30 0DF
03-02-2020 16:00,1.50782,18.45072,16.13876,21.425,ECCL,M30 0DF
03-02-2020 17:00,1.21281,20.5008,18.64118,20.75,ECCL,M30 0DF
03-02-2020 18:00,1.27837,28.85112,26.89098,19.275,ECCL,M30 0DF
03-02-2020 19:00,0.62279,16.60064,15.64571,9.775,ECCL,M30 0DF
03-02-2020 20:00,0.68835,18.90073,17.84528,10.575,ECCL,M30 0DF
03-02-2020 21:00,0.36056,10.80042,10.24756,14.225,ECCL,M30 0DF
03-02-2020 22:00,0.32779,7.40029,6.89769,11.15,ECCL,M30 0DF
03-02-2020 23:00,0.19667,6.05023,5.74868,14.975,ECCL,M30 0DF
04-02-2020 00:00,0.36056,6.60026,6.0474,15.45,ECCL,M30 0DF
04-02-2020 01:00,0.17507,5.27438,5.00595,16.65,ECCL,M30 0DF
04-02-2020 02:00,0.21883,3.33822,3.00268,13.225,ECCL,M30 0DF
04-02-2020 03:00,0.19695,2.85417,2.55219,14.025,ECCL,M30 0DF
04-02-2020 04:00,0.19695,3.15461,2.85263,14.3,ECCL,M30 0DF
04-02-2020 05:00,0.16413,3.25476,3.00311,17.95,ECCL,M30 0DF
04-02-2020 06:00,0.5252,7.96164,7.15635,18.625,ECCL,M30 0DF
04-02-2020 07:00,1.4443,16.97482,14.76027,19.95,ECCL,M30 0DF
04-02-2020 08:00,2.4947,25.63749,21.81235,23.275,ECCL,M30 0DF
04-02-2020 09:00,3.93899,31.54613,25.50643,22.55,ECCL,M30 0DF
04-02-2020 10:00,2.13362,24.03515,20.76364,14.3,ECCL,M30 0DF
04-02-2020 11:00,5.12069,39.90836,32.05675,23.65,ECCL,M30 0DF
04-02-2020 12:00,6.76194,41.06004,30.69189,34.025,ECCL,M30 0DF
04-02-2020 13:00,5.12069,30.44452,22.59291,25.65,ECCL,M30 0DF
04-02-2020 14:00,5.25199,29.69342,21.64048,19.25,ECCL,M30 0DF
04-02-2020 15:00,7.71386,36.60353,24.77577,16.5,ECCL,M30 0DF
04-02-2020 16:00,7.81233,41.16019,29.18145,18.925,ECCL,M30 0DF
04-02-2020 17:00,8.73143,46.16751,32.7795,17.6,ECCL,M30 0DF
04-02-2020 18:00,17.13461,85.32477,59.05206,16.525,ECCL,M30 0DF
04-02-2020 19:00,7.71386,59.18655,47.3588,19.8,ECCL,M30 0DF
04-02-2020 20:00,12.1124,76.36167,57.78958,22.7,ECCL,M30 0DF
04-02-2020 21:00,2.06797,43.0129,39.84206,22.075,ECCL,M30 0DF
04-02-2020 22:00,2.62599,42.81261,38.78614,24.625,ECCL,M30 0DF
04-02-2020 23:00,6.00696,56.33238,47.12183,22.675,ECCL,M30 0DF
05-02-2020 00:00,8.04211,59.53706,47.206,21.375,ECCL,M30 0DF
05-02-2020 01:00,3.06798,44.86262,40.15845,24.275,ECCL,M30 0DF
05-02-2020 02:00,1.05188,32.29306,30.6802,22.025,ECCL,M30 0DF
05-02-2020 03:00,0.88752,29.98642,28.62557,21.975,ECCL,M30 0DF
05-02-2020 04:00,2.23524,37.25737,33.83004,16.575,ECCL,M30 0DF
05-02-2020 05:00,21.39918,74.71532,41.90371,15.85,ECCL,M30 0DF
05-02-2020 06:00,30.1758,94.22153,47.95262,15.325,ECCL,M30 0DF
05-02-2020 07:00,127.17882,260.45057,65.44577,17.05,ECCL,M30 0DF
05-02-2020 08:00,118.76378,249.11791,67.01599,16.275,ECCL,M30 0DF
05-02-2020 09:00,110.77607,239.28959,69.43532,49.575,ECCL,M30 0DF
05-02-2020 10:00,78.03632,190.64942,70.9954,15.025,ECCL,M30 0DF
05-02-2020 11:00,43.29142,128.52037,62.14112,17.425,ECCL,M30 0DF
05-02-2020 12:00,39.21539,119.49436,59.36494,35.45,ECCL,M30 0DF
05-02-2020 13:00,37.93341,119.69494,61.53119,32.675,ECCL,M30 0DF
05-02-2020 14:00,23.83165,93.36907,56.82773,31.725,ECCL,M30 0DF
05-02-2020 15:00,4.24039,34.64986,28.14801,29.7,ECCL,M30 0DF
05-02-2020 16:00,3.61584,40.01532,34.47111,30.25,ECCL,M30 0DF
05-02-2020 17:00,6.87009,59.27081,48.73682,26.125,ECCL,M30 0DF
05-02-2020 18:00,60.61456,172.39682,79.45579,30.85,ECCL,M30 0DF
05-02-2020 19:00,193.67733,403.96415,106.99639,36.25,ECCL,M30 0DF
05-02-2020 20:00,195.74822,404.96704,104.82396,41.85,ECCL,M30 0DF
05-02-2020 21:00,282.6269,546.4247,113.0695,45.925,ECCL,M30 0DF
05-02-2020 22:00,283.74452,541.25982,106.19095,54.45,ECCL,M30 0DF
05-02-2020 23:00,297.22173,555.35042,99.6168,48.5,ECCL,M30 0DF
06-02-2020 00:00,281.11482,519.9484,88.91168,49.05,ECCL,M30 0DF
06-02-2020 01:00,213.13013,395.36567,68.5707,44.275,ECCL,M30 0DF
06-02-2020 02:00,94.36363,196.91286,52.22398,36.325,ECCL,M30 0DF
06-02-2020 03:00,104.80946,209.65094,48.94534,32.65,ECCL,M30 0DF
06-02-2020 04:00,38.48061,105.70424,46.70147,24.825,ECCL,M30 0DF
06-02-2020 05:00,56.0915,131.11343,45.10767,24.55,ECCL,M30 0DF
06-02-2020 06:00,73.47196,154.61443,41.95899,22.25,ECCL,M30 0DF
06-02-2020 07:00,155.46956,306.91893,68.53559,23.25,ECCL,M30 0DF
06-02-2020 08:00,237.59884,449.33091,85.01778,26.225,ECCL,M30 0DF
06-02-2020 09:00,358.86707,652.95595,102.70079,28.7,ECCL,M30 0DF
06-02-2020 10:00,204.84588,391.78362,77.69098,30.9,ECCL,M30 0DF
06-02-2020 11:00,74.09739,176.40808,62.79366,28.225,ECCL,M30 0DF
06-02-2020 12:00,64.25505,163.7537,65.23067,33.425,ECCL,M30 0DF
06-02-2020 13:00,54.34687,152.00321,68.67251,35.7,ECCL,M30 0DF
06-02-2020 14:00,23.76647,87.17462,50.73321,34.325,ECCL,M30 0DF
06-02-2020 15:00,18.96051,81.14872,52.07635,35.4,ECCL,M30 0DF
06-02-2020 16:00,12.9366,70.50297,50.66714,34,ECCL,M30 0DF
06-02-2020 17:00,25.37943,102.23935,63.32478,28.65,ECCL,M30 0DF
06-02-2020 18:00,123.40787,278.04484,88.82208,28.475,ECCL,M30 0DF
06-02-2020 19:00,273.31437,544.64049,125.56429,40.875,ECCL,M30 0DF
06-02-2020 20:00,278.54826,547.553,120.45163,47.5,ECCL,M30 0DF
06-02-2020 21:00,295.79706,571.55615,118.00699,45.1,ECCL,M30 0DF
06-02-2020 22:00,191.1851,380.98722,87.84082,37.1,ECCL,M30 0DF
06-02-2020 23:00,164.58772,333.13157,80.76725,34.425,ECCL,M30 0DF
07-02-2020 00:00,209.05933,402.47958,81.92642,39.825,ECCL,M30 0DF
07-02-2020 01:00,150.09541,303.801,73.65792,36.825,ECCL,M30 0DF
07-02-2020 02:00,65.48819,154.4819,54.06809,33.325,ECCL,M30 0DF
07-02-2020 03:00,52.67624,132.60702,51.83792,31.725,ECCL,M30 0DF
07-02-2020 04:00,30.95306,95.84717,48.38648,29.325,ECCL,M30 0DF
07-02-2020 05:00,54.75296,135.4231,51.46974,31.275,ECCL,M30 0DF
07-02-2020 06:00,96.74891,204.06496,55.71871,31.225,ECCL,M30 0DF
07-02-2020 07:00,135.11883,276.78008,69.60076,30.25,ECCL,M30 0DF
07-02-2020 08:00,199.26648,392.84265,87.30497,33.075,ECCL,M30 0DF
07-02-2020 09:00,25.18438,93.23224,54.61673,31.05,ECCL,M30 0DF
07-02-2020 10:00,21.22872,79.30272,46.75247,29.425,ECCL,M30 0DF
07-02-2020 11:00,14.70188,63.00971,40.46714,30,ECCL,M30 0DF
07-02-2020 12:00,18.22901,67.63612,39.68536,54.15,ECCL,M30 0DF
07-02-2020 13:00,16.91046,68.59157,42.66257,54.525,ECCL,M30 0DF
07-02-2020 14:00,10.35065,51.84598,35.9752,36,ECCL,M30 0DF
07-02-2020 15:00,8.07614,48.17502,35.79177,33.125,ECCL,M30 0DF
07-02-2020 16:00,11.80106,61.80282,43.70811,38.85,ECCL,M30 0DF
07-02-2020 17:00,13.41629,74.3243,53.75295,36.6,ECCL,M30 0DF
07-02-2020 18:00,8.66949,66.98239,53.68935,33.125,ECCL,M30 0DF
07-02-2020 19:00,5.04347,49.78421,42.051,26.5,ECCL,M30 0DF
07-02-2020 20:00,2.53822,37.91646,34.02458,24.4,ECCL,M30 0DF
07-02-2020 21:00,1.64819,30.57454,28.04735,24.825,ECCL,M30 0DF
07-02-2020 22:00,1.35152,27.70818,25.63588,24.625,ECCL,M30 0DF
07-02-2020 23:00,1.58227,27.95962,25.53351,25.3,ECCL,M30 0DF
08-02-2020 00:00,1.08781,20.56742,18.89947,25.1,ECCL,M30 0DF
08-02-2020 01:00,0.79224,13.49604,12.28129,20.8,ECCL,M30 0DF
08-02-2020 02:00,0.35211,6.24444,5.70455,10.85,ECCL,M30 0DF
08-02-2020 03:00,0.36311,5.84157,5.28481,9.4,ECCL,M30 0DF
08-02-2020 04:00,0.26408,7.15089,6.74597,15.65,ECCL,M30 0DF
08-02-2020 05:00,0.19806,9.97096,9.66727,13.1,ECCL,M30 0DF
08-02-2020 06:00,0.39612,9.61845,9.01107,9.05,ECCL,M30 0DF
08-02-2020 07:00,0.49515,18.28009,17.52086,9.4,ECCL,M30 0DF
08-02-2020 08:00,0.9573,17.67579,16.20795,12.625,ECCL,M30 0DF
08-02-2020 09:00,3.46607,35.09978,29.78522,12.5,ECCL,M30 0DF
08-02-2020 10:00,2.70683,25.78348,21.63306,15.2,ECCL,M30 0DF
08-02-2020 11:00,3.73015,24.0713,18.35182,14.225,ECCL,M30 0DF
08-02-2020 12:00,2.87188,17.52471,13.12122,14.8,ECCL,M30 0DF
08-02-2020 13:00,2.37673,14.90608,11.2618,14.475,ECCL,M30 0DF
08-02-2020 14:00,2.01362,13.29461,10.2071,16.6,ECCL,M30 0DF
08-02-2020 15:00,1.38643,11.93493,9.80911,15.575,ECCL,M30 0DF
08-02-2020 16:00,1.48546,13.59676,11.31909,14.375,ECCL,M30 0DF
08-02-2020 17:00,1.25439,12.9421,11.01874,13.25,ECCL,M30 0DF
08-02-2020 18:00,1.32041,13.74783,11.72324,11.175,ECCL,M30 0DF
08-02-2020 19:00,1.08934,13.44568,11.77539,11.375,ECCL,M30 0DF
08-02-2020 20:00,0.9573,13.14353,11.6757,11.725,ECCL,M30 0DF
08-02-2020 21:00,0.75923,10.22275,9.05861,10.05,ECCL,M30 0DF
08-02-2020 22:00,0.79224,9.41701,8.20226,9.75,ECCL,M30 0DF
08-02-2020 23:00,0.59418,7.55376,6.64269,10.05,ECCL,M30 0DF
09-02-2020 00:00,0.39612,6.24444,5.63706,8.85,ECCL,M30 0DF
09-02-2020 01:00,0.44075,5.4464,4.77059,6.025,ECCL,M30 0DF
09-02-2020 02:00,0.57298,5.91708,5.03852,3.8,ECCL,M30 0DF
09-02-2020 03:00,0.56196,5.74898,4.88732,2.025,ECCL,M30 0DF
09-02-2020 04:00,0.39668,5.04296,4.43473,0.975,ECCL,M30 0DF
09-02-2020 05:00,0.36362,3.93351,3.37597,1.025,ECCL,M30 0DF
09-02-2020 06:00,0.26445,3.73179,3.32631,1.95,ECCL,M30 0DF
09-02-2020 07:00,0.39668,4.33695,3.72872,1.775,ECCL,M30 0DF
09-02-2020 08:00,0.33056,3.42922,2.92236,3.9,ECCL,M30 0DF
09-02-2020 09:00,0.2314,3.53008,3.17527,3.35,ECCL,M30 0DF
09-02-2020 10:00,0.36362,4.13523,3.57769,3.125,ECCL,M30 0DF
09-02-2020 11:00,0.5289,5.39597,4.585,4.25,ECCL,M30 0DF
09-02-2020 12:00,0.33056,6.40457,5.89771,5.7,ECCL,M30 0DF
09-02-2020 13:00,0.66113,11.34667,10.33295,4.75,ECCL,M30 0DF
09-02-2020 14:00,0.7603,12.15355,10.98777,12.925,ECCL,M30 0DF
09-02-2020 15:00,0.92558,9.1782,7.75899,18.25,ECCL,M30 0DF
09-02-2020 16:00,0.59502,12.10312,11.19077,18.1,ECCL,M30 0DF
09-02-2020 17:00,0.46279,8.62347,7.91387,17.525,ECCL,M30 0DF
09-02-2020 18:00,0.46279,12.00226,11.29266,12.075,ECCL,M30 0DF
09-02-2020 19:00,0.29751,7.61488,7.1587,11.675,ECCL,M30 0DF
09-02-2020 20:00,0.42973,6.25328,5.59436,10.5,ECCL,M30 0DF
09-02-2020 21:00,0.26445,5.4464,5.04092,10.425,ECCL,M30 0DF
09-02-2020 22:00,0.26445,4.68996,4.28447,12.525,ECCL,M30 0DF
09-02-2020 23:00,0.16528,4.38738,4.13395,13.75,ECCL,M30 0DF
10-02-2020 00:00,0.2314,3.53008,3.17527,11.25,ECCL,M30 0DF
10-02-2020 01:00,0.17655,2.96272,2.69202,13.225,ECCL,M30 0DF
10-02-2020 02:00,0.13241,2.62605,2.42302,13.35,ECCL,M30 0DF
10-02-2020 03:00,0.09931,2.67655,2.52428,14.075,ECCL,M30 0DF
10-02-2020 04:00,0.19862,2.07054,1.766,17.875,ECCL,M30 0DF
10-02-2020 05:00,0.23172,2.72705,2.37175,18.325,ECCL,M30 0DF
10-02-2020 06:00,0.19862,4.14108,3.83654,16.9,ECCL,M30 0DF
10-02-2020 07:00,0.23172,6.51462,6.15932,14.925,ECCL,M30 0DF
10-02-2020 08:00,0.52965,11.26171,10.4496,14.825,ECCL,M30 0DF
10-02-2020 09:00,0.92688,13.13024,11.70905,13.975,ECCL,M30 0DF
10-02-2020 10:00,1.1586,12.92824,11.15175,17.025,ECCL,M30 0DF
10-02-2020 11:00,1.48963,13.48375,11.19969,25.9,ECCL,M30 0DF
10-02-2020 12:00,1.48963,14.59477,12.31071,22,ECCL,M30 0DF
10-02-2020 13:00,2.01927,22.11941,19.02324,17.65,ECCL,M30 0DF
10-02-2020 14:00,1.82065,25.60397,22.81234,10.825,ECCL,M30 0DF
10-02-2020 15:00,3.67441,32.82561,27.19159,13.4,ECCL,M30 0DF
10-02-2020 16:00,2.81374,32.01759,27.70326,12.75,ECCL,M30 0DF
10-02-2020 17:00,1.39032,21.8164,19.68462,8.625,ECCL,M30 0DF
10-02-2020 18:00,1.2248,21.5639,19.68589,10.425,ECCL,M30 0DF
10-02-2020 19:00,1.09239,18.28134,16.60636,13.5,ECCL,M30 0DF
10-02-2020 20:00,0.79447,10.9082,9.69004,16.825,ECCL,M30 0DF
10-02-2020 21:00,0.36413,7.12063,6.56231,18.575,ECCL,M30 0DF
10-02-2020 22:00,0.29793,5.1511,4.69428,20.65,ECCL,M30 0DF
10-02-2020 23:00,0.26482,4.34308,3.93703,20.45,ECCL,M30 0DF
11-02-2020 00:00,0.08827,3.63607,3.50072,20.65,ECCL,M30 0DF
11-02-2020 01:00,0.0884,3.77606,3.64052,22.875,ECCL,M30 0DF
11-02-2020 02:00,0.1768,3.10176,2.83068,23.875,ECCL,M30 0DF
11-02-2020 03:00,0.09945,2.98376,2.83128,22.15,ECCL,M30 0DF
11-02-2020 04:00,0.09945,2.62976,2.47727,24.3,ECCL,M30 0DF
11-02-2020 05:00,0.16575,2.3769,2.12276,24.425,ECCL,M30 0DF
11-02-2020 06:00,0.19889,4.19749,3.89253,22.3,ECCL,M30 0DF
11-02-2020 07:00,0.39779,6.72611,6.11617,19.8,ECCL,M30 0DF
11-02-2020 08:00,0.86188,10.77188,9.45036,18.125,ECCL,M30 0DF
11-02-2020 09:00,1.52486,17.09341,14.75533,18.025,ECCL,M30 0DF
11-02-2020 10:00,1.19337,14.10965,12.27985,15.375,ECCL,M30 0DF
11-02-2020 11:00,1.16022,11.53047,9.75149,14.7,ECCL,M30 0DF
11-02-2020 12:00,1.16022,10.51902,8.74005,15.175,ECCL,M30 0DF
11-02-2020 13:00,1.19337,10.51902,8.68922,15.275,ECCL,M30 0DF
11-02-2020 14:00,1.22652,10.06387,8.18324,16.625,ECCL,M30 0DF
11-02-2020 15:00,1.16022,10.16502,8.38604,16.85,ECCL,M30 0DF
11-02-2020 16:00,1.06077,11.42932,9.80283,17.9,ECCL,M30 0DF
11-02-2020 17:00,1.06077,12.54191,10.91542,16.125,ECCL,M30 0DF
11-02-2020 18:00,1.32596,15.4751,13.44198,15.1,ECCL,M30 0DF
11-02-2020 19:00,0.82873,12.33962,11.06893,14.725,ECCL,M30 0DF
11-02-2020 20:00,0.46409,9.86158,9.14999,11.25,ECCL,M30 0DF
11-02-2020 21:00,0.56353,10.0133,9.14923,14.25,ECCL,M30 0DF
11-02-2020 22:00,0.29834,7.13068,6.67323,15.525,ECCL,M30 0DF
11-02-2020 23:00,0.43094,6.82725,6.16649,18.2,ECCL,M30 0DF
12-02-2020 00:00,0.1326,5.05722,4.85391,19.25,ECCL,M30 0DF
12-02-2020 01:00,0.13278,4.05148,3.84789,18.025,ECCL,M30 0DF
12-02-2020 02:00,0.17704,4.11901,3.84755,17.125,ECCL,M30 0DF
12-02-2020 03:00,0.23237,3.95019,3.5939,15.35,ECCL,M30 0DF
12-02-2020 04:00,0.13278,4.05148,3.84789,15.7,ECCL,M30 0DF
12-02-2020 05:00,0.23237,4.20341,3.84712,13.225,ECCL,M30 0DF
12-02-2020 06:00,0.26556,5.92529,5.5181,11.65,ECCL,M30 0DF
12-02-2020 07:00,0.49793,14.38276,13.61927,13.775,ECCL,M30 0DF
12-02-2020 08:00,1.22823,20.00418,18.12093,11.725,ECCL,M30 0DF
12-02-2020 09:00,2.1577,32.05734,28.74891,14.1,ECCL,M30 0DF
12-02-2020 10:00,2.1909,23.65052,20.29119,11.375,ECCL,M30 0DF
12-02-2020 11:00,2.05811,16.91493,13.7592,13.925,ECCL,M30 0DF
12-02-2020 12:00,1.75936,13.01538,10.31774,13.825,ECCL,M30 0DF
12-02-2020 13:00,1.65977,13.11667,10.57172,10.35,ECCL,M30 0DF
12-02-2020 14:00,2.1909,14.4334,11.07407,11.925,ECCL,M30 0DF
12-02-2020 15:00,null,null,null,13.575,ECCL,M30 0DF
12-02-2020 16:00,1.85894,15.14241,12.29207,14.7,ECCL,M30 0DF
12-02-2020 17:00,1.89214,25.22047,22.31923,14.95,ECCL,M30 0DF
12-02-2020 18:00,1.89214,42.89505,39.99381,14.925,ECCL,M30 0DF
12-02-2020 19:00,10.25738,79.81416,64.08641,16.725,ECCL,M30 0DF
12-02-2020 20:00,6.70547,67.45715,57.17557,19.025,ECCL,M30 0DF
12-02-2020 21:00,2.92119,51.96023,47.48113,15.925,ECCL,M30 0DF
12-02-2020 22:00,2.05811,47.25039,44.09466,16.925,ECCL,M30 0DF
12-02-2020 23:00,1.29462,30.13289,28.14783,11.975,ECCL,M30 0DF
13-02-2020 00:00,0.59752,23.65052,22.73434,10.35,ECCL,M30 0DF
13-02-2020 01:00,0.39858,21.7575,21.14635,10.55,ECCL,M30 0DF
13-02-2020 02:00,0.35429,11.41931,10.87607,6.775,ECCL,M30 0DF
13-02-2020 03:00,0.16607,8.00703,7.75239,2.775,ECCL,M30 0DF
13-02-2020 04:00,0.19929,7.14551,6.83994,3.05,ECCL,M30 0DF
13-02-2020 05:00,0.36536,9.12193,8.56172,1.175,ECCL,M30 0DF
13-02-2020 06:00,0.83037,17.02761,15.75439,2.075,ECCL,M30 0DF
13-02-2020 07:00,1.06287,29.03815,27.40844,3.225,ECCL,M30 0DF
13-02-2020 08:00,4.11863,55.08633,48.77119,4.5,ECCL,M30 0DF
13-02-2020 09:00,3.8197,43.78527,37.92848,7.15,ECCL,M30 0DF
13-02-2020 10:00,3.85292,40.69395,34.78623,8.525,ECCL,M30 0DF
13-02-2020 11:00,3.65363,31.6227,26.02055,8.85,ECCL,M30 0DF
13-02-2020 12:00,3.68684,33.29505,27.64198,11.475,ECCL,M30 0DF
13-02-2020 13:00,7.90512,49.30911,37.1881,12.4,ECCL,M30 0DF
13-02-2020 14:00,8.13762,47.68743,35.20992,12.3,ECCL,M30 0DF
13-02-2020 15:00,7.87191,41.45412,29.38403,11.55,ECCL,M30 0DF
13-02-2020 16:00,7.67262,49.20776,37.44324,12.225,ECCL,M30 0DF
13-02-2020 17:00,7.70583,54.02211,42.20667,12.35,ECCL,M30 0DF
13-02-2020 18:00,13.38556,77.5871,57.06286,12.5,ECCL,M30 0DF
13-02-2020 19:00,15.51131,77.08033,53.29666,11.775,ECCL,M30 0DF
13-02-2020 20:00,50.61933,154.0593,76.44407,13.05,ECCL,M30 0DF
13-02-2020 21:00,55.76763,164.49884,78.98967,14.275,ECCL,M30 0DF
13-02-2020 22:00,53.60867,154.56607,72.36726,15.5,ECCL,M30 0DF
13-02-2020 23:00,83.1034,201.69605,74.27262,17.4,ECCL,M30 0DF
14-02-2020 00:00,137.34314,287.29018,76.7003,18.9,ECCL,M30 0DF
14-02-2020 01:00,98.4175,212.64938,61.74464,22.4,ECCL,M30 0DF
14-02-2020 02:00,124.42879,253.75933,62.97118,26.65,ECCL,M30 0DF
14-02-2020 03:00,69.12711,157.76285,51.76943,22.75,ECCL,M30 0DF
14-02-2020 04:00,29.17962,89.09975,44.3583,20.3,ECCL,M30 0DF
14-02-2020 05:00,9.47174,53.24686,38.72373,18.4,ECCL,M30 0DF
14-02-2020 06:00,3.12401,33.92586,29.13577,13.425,ECCL,M30 0DF
14-02-2020 07:00,8.54119,58.26728,45.17098,10.55,ECCL,M30 0DF
14-02-2020 08:00,19.67464,88.4405,58.27315,10.425,ECCL,M30 0DF
14-02-2020 09:00,11.36609,63.64268,46.21491,10.325,ECCL,M30 0DF
14-02-2020 10:00,6.11509,40.51833,31.14199,13.2,ECCL,M30 0DF
14-02-2020 11:00,5.3507,39.5041,31.2998,12.6,ECCL,M30 0DF
14-02-2020 12:00,4.08781,31.54243,25.27455,17.175,ECCL,M30 0DF
14-02-2020 13:00,3.02431,24.89925,20.26204,18.95,ECCL,M30 0DF
14-02-2020 14:00,2.45933,22.36368,18.59276,15.15,ECCL,M30 0DF
14-02-2020 15:00,2.65874,27.43481,23.35814,10.225,ECCL,M30 0DF
14-02-2020 16:00,2.89137,34.38226,29.94888,11.425,ECCL,M30 0DF
14-02-2020 17:00,3.8884,42.34393,36.3818,10,ECCL,M30 0DF
14-02-2020 18:00,2.89137,38.99699,34.56361,13.9,ECCL,M30 0DF
14-02-2020 19:00,2.16022,32.86092,29.54863,19.05,ECCL,M30 0DF
14-02-2020 20:00,1.06349,20.74092,19.11025,17.1,ECCL,M30 0DF
14-02-2020 21:00,0.79762,19.47314,18.25014,18.625,ECCL,M30 0DF
14-02-2020 22:00,0.69792,18.35749,17.28737,35.125,ECCL,M30 0DF
14-02-2020 23:00,0.69792,20.1831,19.11297,45.4,ECCL,M30 0DF
15-02-2020 00:00,0.93056,23.93573,22.5089,30.475,ECCL,M30 0DF
15-02-2020 01:00,1.5075,26.25218,23.94072,19.525,ECCL,M30 0DF
15-02-2020 02:00,1.28581,24.49302,22.52147,28.675,ECCL,M30 0DF
15-02-2020 03:00,1.09737,19.13094,17.44833,20.875,ECCL,M30 0DF
15-02-2020 04:00,0.63182,15.12207,14.15329,20.325,ECCL,M30 0DF
15-02-2020 05:00,0.76483,17.65933,16.4866,17.85,ECCL,M30 0DF
15-02-2020 06:00,0.59856,16.74592,15.82813,15,ECCL,M30 0DF
15-02-2020 07:00,0.56531,17.71007,16.84328,14.4,ECCL,M30 0DF
15-02-2020 08:00,0.59856,13.39673,12.47895,6.625,ECCL,M30 0DF
15-02-2020 09:00,0.99761,15.8325,14.30286,4.1,ECCL,M30 0DF
15-02-2020 10:00,1.29689,18.522,16.53346,2.675,ECCL,M30 0DF
15-02-2020 11:00,1.59617,12.17885,9.73142,1.625,ECCL,M30 0DF
15-02-2020 12:00,1.99522,15.17281,12.11353,1.65,ECCL,M30 0DF
15-02-2020 13:00,2.12823,15.98474,12.7215,2.4,ECCL,M30 0DF
15-02-2020 14:00,1.72919,13.49822,10.84684,2.175,ECCL,M30 0DF
15-02-2020 15:00,1.09737,9.94606,8.26345,2.5,ECCL,M30 0DF
15-02-2020 16:00,1.19713,10.60575,8.77017,2.45,ECCL,M30 0DF
15-02-2020 17:00,1.16388,10.85947,9.07489,1.9,ECCL,M30 0DF
15-02-2020 18:00,1.23038,11.06245,9.17589,1.6,ECCL,M30 0DF
15-02-2020 19:00,0.66507,7.71327,6.69351,1.65,ECCL,M30 0DF
15-02-2020 20:00,0.56531,15.42654,14.55974,2.8,ECCL,M30 0DF
15-02-2020 21:00,0.46555,13.85344,13.1396,3.375,ECCL,M30 0DF
15-02-2020 22:00,0.39904,9.9968,9.38495,5.725,ECCL,M30 0DF
15-02-2020 23:00,0.36579,6.24166,5.68079,6.05,ECCL,M30 0DF
16-02-2020 00:00,0.36579,6.64762,6.08675,5.525,ECCL,M30 0DF
16-02-2020 01:00,0.35491,4.26544,3.72125,3.45,ECCL,M30 0DF
16-02-2020 02:00,0.22182,3.92692,3.5868,1.75,ECCL,M30 0DF
16-02-2020 03:00,0.23291,4.01155,3.65442,2.225,ECCL,M30 0DF
16-02-2020 04:00,0.366,4.77324,4.21204,1.175,ECCL,M30 0DF
16-02-2020 05:00,0.09982,4.6209,4.46785,1.35,ECCL,M30 0DF
16-02-2020 06:00,0.29946,4.06233,3.60317,1.4,ECCL,M30 0DF
16-02-2020 07:00,0.26618,2.5051,2.09696,2.7,ECCL,M30 0DF
16-02-2020 08:00,0.23291,5.43336,5.07624,9.175,ECCL,M30 0DF
16-02-2020 09:00,0.366,6.04271,5.48152,11.125,ECCL,M30 0DF
16-02-2020 10:00,0.76528,17.62034,16.44693,13.775,ECCL,M30 0DF
16-02-2020 11:00,1.16455,18.58515,16.79952,12.425,ECCL,M30 0DF
16-02-2020 12:00,1.19783,17.26489,15.42825,12.4,ECCL,M30 0DF
16-02-2020 13:00,1.09801,16.24931,14.56572,14.025,ECCL,M30 0DF
16-02-2020 14:00,1.76347,16.80788,14.10393,14.725,ECCL,M30 0DF
16-02-2020 15:00,1.16455,12.84711,11.06149,10.9,ECCL,M30 0DF
16-02-2020 16:00,1.69692,16.30009,13.69818,12.375,ECCL,M30 0DF
16-02-2020 17:00,0.8651,11.12062,9.79416,14.6,ECCL,M30 0DF
16-02-2020 18:00,0.83182,9.54647,8.27102,10.225,ECCL,M30 0DF
16-02-2020 19:00,0.63219,14.01503,13.04569,5.85,ECCL,M30 0DF
16-02-2020 20:00,0.4991,14.67516,13.90989,10.35,ECCL,M30 0DF
16-02-2020 21:00,0.39928,14.77672,14.1645,13.95,ECCL,M30 0DF
16-02-2020 22:00,0.53237,12.03465,11.21836,14.1,ECCL,M30 0DF
16-02-2020 23:00,0.26618,7.61686,7.20872,18.075,ECCL,M30 0DF
17-02-2020 00:00,0.09982,6.8044,6.65134,23.7,ECCL,M30 0DF
17-02-2020 01:00,0.22195,6.43631,6.09599,15.025,ECCL,M30 0DF
17-02-2020 02:00,0.08878,5.2168,5.08067,14.075,ECCL,M30 0DF
17-02-2020 03:00,0.13317,5.13211,4.92792,12.05,ECCL,M30 0DF
17-02-2020 04:00,0.13317,3.35366,3.14947,10.4,ECCL,M30 0DF
17-02-2020 05:00,0.23305,6.60569,6.24836,12.225,ECCL,M30 0DF
17-02-2020 06:00,0.33292,6.14837,5.6379,15.325,ECCL,M30 0DF
17-02-2020 07:00,0.59926,10.92479,10.00594,14.75,ECCL,M30 0DF
17-02-2020 08:00,1.09865,18.14024,16.45567,11.025,ECCL,M30 0DF
17-02-2020 09:00,2.49693,27.18495,23.35638,12.075,ECCL,M30 0DF
17-02-2020 10:00,3.69545,26.57519,20.90891,11.25,ECCL,M30 0DF
17-02-2020 11:00,3.42912,27.69308,22.43518,13.2,ECCL,M30 0DF
17-02-2020 12:00,2.46364,23.67885,19.90133,17.675,ECCL,M30 0DF
17-02-2020 13:00,1.46487,11.68699,9.44089,17.225,ECCL,M30 0DF
17-02-2020 14:00,1.46487,9.65447,7.40837,17.95,ECCL,M30 0DF
17-02-2020 15:00,2.03084,12.85569,9.74178,17.525,ECCL,M30 0DF
17-02-2020 16:00,1.36499,12.70325,10.6103,14.9,ECCL,M30 0DF
17-02-2020 17:00,1.59804,16.31097,13.86069,11.3,ECCL,M30 0DF
17-02-2020 18:00,1.19853,19.00406,17.16634,14,ECCL,M30 0DF
17-02-2020 19:00,0.96548,21.34146,19.86108,14.95,ECCL,M30 0DF
17-02-2020 20:00,0.89889,20.22357,18.84528,15.85,ECCL,M30 0DF
17-02-2020 21:00,0.8656,14.98983,13.66259,14.5,ECCL,M30 0DF
17-02-2020 22:00,0.4328,10.06097,9.39735,12.9,ECCL,M30 0DF
17-02-2020 23:00,0.53268,6.55488,5.73811,15.15,ECCL,M30 0DF
18-02-2020 00:00,0.29963,5.23374,4.77431,15.65,ECCL,M30 0DF
18-02-2020 01:00,0.31091,4.74571,4.26899,11.725,ECCL,M30 0DF
18-02-2020 02:00,0.22208,7.11856,6.77805,10.975,ECCL,M30 0DF
18-02-2020 03:00,0.23318,13.42358,13.06604,12.825,ECCL,M30 0DF
18-02-2020 04:00,0.36643,14.08459,13.52274,12.125,ECCL,M30 0DF
18-02-2020 05:00,0.13325,12.55918,12.35487,11.525,ECCL,M30 0DF
18-02-2020 06:00,0.29981,12.15241,11.69271,11.25,ECCL,M30 0DF
18-02-2020 07:00,0.76617,16.67778,15.503,11.05,ECCL,M30 0DF
18-02-2020 08:00,1.36578,25.93191,23.83774,12.35,ECCL,M30 0DF
18-02-2020 09:00,2.2652,33.81318,30.33992,14.275,ECCL,M30 0DF
18-02-2020 10:00,3.53105,37.06738,31.65318,11.575,ECCL,M30 0DF
18-02-2020 11:00,3.83086,32.69455,26.82065,10.7,ECCL,M30 0DF
18-02-2020 12:00,2.19858,24.20312,20.83201,13,ECCL,M30 0DF
18-02-2020 13:00,2.2652,25.93191,22.45865,19.3,ECCL,M30 0DF
18-02-2020 14:00,1.49903,19.11843,16.81995,11.45,ECCL,M30 0DF
18-02-2020 15:00,1.63228,24.71159,22.2088,11.375,ECCL,M30 0DF
18-02-2020 16:00,1.63228,22.72856,20.22577,9.575,ECCL,M30 0DF
18-02-2020 17:00,1.26585,19.16928,17.22834,11.8,ECCL,M30 0DF
18-02-2020 18:00,1.03267,17.08455,15.50116,14,ECCL,M30 0DF
18-02-2020 19:00,0.76617,14.38967,13.21489,6.85,ECCL,M30 0DF
18-02-2020 20:00,2.39845,35.84706,32.16949,8.8,ECCL,M30 0DF
18-02-2020 21:00,0.96604,23.08449,21.60324,17.1,ECCL,M30 0DF
18-02-2020 22:00,0.29981,7.62703,7.16734,19.125,ECCL,M30 0DF
18-02-2020 23:00,0.53299,6.76264,5.9454,16.4,ECCL,M30 0DF
19-02-2020 00:00,0.29981,5.28808,4.82838,17.25,ECCL,M30 0DF
19-02-2020 01:00,0.17777,3.86694,3.59437,17.65,ECCL,M30 0DF
19-02-2020 02:00,0.39997,4.47751,3.86422,20.4,ECCL,M30 0DF
19-02-2020 03:00,0.26665,3.25637,2.84751,19.725,ECCL,M30 0DF
19-02-2020 04:00,0.19999,3.15461,2.84797,20.825,ECCL,M30 0DF
19-02-2020 05:00,0.19999,5.74953,5.44289,22.7,ECCL,M30 0DF
19-02-2020 06:00,0.26665,11.85522,11.44637,22.025,ECCL,M30 0DF
19-02-2020 07:00,0.49997,18.36796,17.60136,20.05,ECCL,M30 0DF
19-02-2020 08:00,3.49977,44.46981,39.10356,17.725,ECCL,M30 0DF
19-02-2020 09:00,7.09954,52.76337,41.87756,15.325,ECCL,M30 0DF
19-02-2020 10:00,6.59957,45.99623,35.87702,16.3,ECCL,M30 0DF
19-02-2020 11:00,5.36632,36.88857,28.66033,23.575,ECCL,M30 0DF
19-02-2020 12:00,4.39972,32.61458,25.86845,17.75,ECCL,M30 0DF
19-02-2020 13:00,4.76636,37.49914,30.19082,15.85,ECCL,M30 0DF
19-02-2020 14:00,2.99981,27.47562,22.87598,11.8,ECCL,M30 0DF
19-02-2020 15:00,3.49977,32.10577,26.73953,9.925,ECCL,M30 0DF
19-02-2020 16:00,3.0998,31.03728,26.28432,7.525,ECCL,M30 0DF
19-02-2020 17:00,2.73316,32.91987,28.72909,6.225,ECCL,M30 0DF
19-02-2020 18:00,1.33325,26.25448,24.2102,5.25,ECCL,M30 0DF
19-02-2020 19:00,1.33325,27.22122,25.17694,8.025,ECCL,M30 0DF
19-02-2020 20:00,0.73329,18.57149,17.44713,7.075,ECCL,M30 0DF
19-02-2020 21:00,0.69996,16.23097,15.15772,4.75,ECCL,M30 0DF
19-02-2020 22:00,0.36664,12.56755,12.00538,3.375,ECCL,M30 0DF
19-02-2020 23:00,0.29998,7.9374,7.47744,8.1,ECCL,M30 0DF
20-02-2020 00:00,0.26665,5.39336,4.98451,6.2,ECCL,M30 0DF
20-02-2020 01:00,0.22234,3.86952,3.5286,2.55,ECCL,M30 0DF
20-02-2020 02:00,0.26681,3.25854,2.84945,2.275,ECCL,M30 0DF
20-02-2020 03:00,0.23346,3.36037,3.00241,0.75,ECCL,M30 0DF
20-02-2020 04:00,0.30016,2.85122,2.39099,2.4,ECCL,M30 0DF
20-02-2020 05:00,0.43356,5.34604,4.68126,1.575,ECCL,M30 0DF
20-02-2020 06:00,0.70036,10.08111,9.00723,1.725,ECCL,M30 0DF
20-02-2020 07:00,1.10057,17.41282,15.72531,2.725,ECCL,M30 0DF
20-02-2020 08:00,1.43407,22.30063,20.10175,2.95,ECCL,M30 0DF
20-02-2020 09:00,1.56748,21.58782,19.18439,2.8,ECCL,M30 0DF
20-02-2020 10:00,3.56851,25.96649,20.49485,4.4,ECCL,M30 0DF
20-02-2020 11:00,3.66856,29.78509,24.16004,6.45,ECCL,M30 0DF
20-02-2020 12:00,4.20217,28.05399,21.61075,3.875,ECCL,M30 0DF
20-02-2020 13:00,4.06877,31.46527,25.22658,8.35,ECCL,M30 0DF
20-02-2020 14:00,4.20217,27.95216,21.50892,9.925,ECCL,M30 0DF
20-02-2020 15:00,4.53568,23.67533,16.72072,12.3,ECCL,M30 0DF
20-02-2020 16:00,2.46794,15.88538,12.10125,11.225,ECCL,M30 0DF
20-02-2020 17:00,1.70088,13.69605,11.08807,14.2,ECCL,M30 0DF
20-02-2020 18:00,1.33402,16.13996,14.09448,16.5,ECCL,M30 0DF
20-02-2020 19:00,0.76706,15.12166,13.94551,15.2,ECCL,M30 0DF
20-02-2020 20:00,0.76706,14.40886,13.23271,16.65,ECCL,M30 0DF
20-02-2020 21:00,0.53361,11.0994,10.28121,16.1,ECCL,M30 0DF
20-02-2020 22:00,0.73371,11.65946,10.53445,19.5,ECCL,M30 0DF
20-02-2020 23:00,0.40021,9.97928,9.36564,16.425,ECCL,M30 0DF
21-02-2020 00:00,0.43356,12.62684,11.96206,16.975,ECCL,M30 0DF
21-02-2020 01:00,0.40044,9.98592,9.37192,16.775,ECCL,M30 0DF
21-02-2020 02:00,0.35595,10.39351,9.84773,19.75,ECCL,M30 0DF
21-02-2020 03:00,0.20022,6.62332,6.31632,15.475,ECCL,M30 0DF
21-02-2020 04:00,0.26696,9.17074,8.76141,14.875,ECCL,M30 0DF
21-02-2020 05:00,0.30033,12.78809,12.32759,16.175,ECCL,M30 0DF
21-02-2020 06:00,0.36707,8.8141,8.25127,16.625,ECCL,M30 0DF
21-02-2020 07:00,0.83425,17.98485,16.70568,18.175,ECCL,M30 0DF
21-02-2020 08:00,1.20132,22.97781,21.13581,16.45,ECCL,M30 0DF
21-02-2020 09:00,1.6685,29.39733,26.839,14.65,ECCL,M30 0DF
21-02-2020 10:00,1.73524,23.2835,20.62284,15.6,ECCL,M30 0DF
21-02-2020 11:00,1.63513,19.36046,16.8533,15.775,ECCL,M30 0DF
21-02-2020 12:00,1.93546,24.09868,21.13102,12.875,ECCL,M30 0DF
21-02-2020 13:00,1.6685,20.88892,18.33059,12.525,ECCL,M30 0DF
21-02-2020 14:00,1.76861,24.55722,21.84539,13.75,ECCL,M30 0DF
21-02-2020 15:00,1.76861,22.62117,19.90934,11,ECCL,M30 0DF
21-02-2020 16:00,1.83535,25.47429,22.66013,11.275,ECCL,M30 0DF
21-02-2020 17:00,1.30143,19.20761,17.21212,9.075,ECCL,M30 0DF
21-02-2020 18:00,1.10121,17.16967,15.48117,6,ECCL,M30 0DF
21-02-2020 19:00,0.83425,15.08078,13.80161,4.825,ECCL,M30 0DF
21-02-2020 20:00,0.63403,12.3805,11.40834,5.95,ECCL,M30 0DF
21-02-2020 21:00,0.56729,10.75015,9.88032,5.45,ECCL,M30 0DF
21-02-2020 22:00,0.40044,6.87806,6.26406,2.45,ECCL,M30 0DF
21-02-2020 23:00,0.43381,6.77616,6.111,5.175,ECCL,M30 0DF
22-02-2020 00:00,0.30033,4.63632,4.17582,2.075,ECCL,M30 0DF
22-02-2020 01:00,0.2226,3.87467,3.53336,1.375,ECCL,M30 0DF
22-02-2020 02:00,0.26712,2.923,2.51343,0.85,ECCL,M30 0DF
22-02-2020 03:00,0.26712,4.33351,3.92394,1.175,ECCL,M30 0DF
22-02-2020 04:00,0.16695,5.20021,4.94423,1.425,ECCL,M30 0DF
22-02-2020 05:00,0.30051,5.65906,5.19829,1.5,ECCL,M30 0DF
22-02-2020 06:00,0.13356,2.34519,2.14041,5.275,ECCL,M30 0DF
22-02-2020 07:00,0.23373,3.41583,3.05745,10.5,ECCL,M30 0DF
22-02-2020 08:00,0.43406,4.99628,4.33073,8,ECCL,M30 0DF
22-02-2020 09:00,0.53423,7.13755,6.31841,10.25,ECCL,M30 0DF
22-02-2020 10:00,0.76796,7.39246,6.21494,10.3,ECCL,M30 0DF
22-02-2020 11:00,0.96829,8.20818,6.72349,10.65,ECCL,M30 0DF
22-02-2020 12:00,1.06846,8.81997,7.18169,11.275,ECCL,M30 0DF
22-02-2020 13:00,1.06846,10.04355,8.40527,10.375,ECCL,M30 0DF
22-02-2020 14:00,1.03507,9.07488,7.4878,10,ECCL,M30 0DF
22-02-2020 15:00,1.13524,9.58471,7.84403,10.825,ECCL,M30 0DF
22-02-2020 16:00,0.83473,12.08285,10.80294,12.7,ECCL,M30 0DF
22-02-2020 17:00,0.86812,12.64365,11.31255,17.025,ECCL,M30 0DF
22-02-2020 18:00,1.63608,21.56559,19.05697,14.775,ECCL,M30 0DF
22-02-2020 19:00,0.70118,13.20446,12.12934,7.5,ECCL,M30 0DF
22-02-2020 20:00,0.73457,23.5539,22.42758,9.625,ECCL,M30 0DF
22-02-2020 21:00,0.6344,24.47159,23.49886,10.75,ECCL,M30 0DF
22-02-2020 22:00,0.46745,16.8752,16.15845,10.075,ECCL,M30 0DF
22-02-2020 23:00,0.6344,9.63569,8.66296,7.45,ECCL,M30 0DF
23-02-2020 00:00,0.30051,18.50664,18.04587,4.85,ECCL,M30 0DF
23-02-2020 01:00,0.35636,7.4824,6.93599,2.775,ECCL,M30 0DF
23-02-2020 02:00,0.35636,6.80218,6.25577,2.625,ECCL,M30 0DF
23-02-2020 03:00,0.33409,6.58111,6.06885,2.525,ECCL,M30 0DF
23-02-2020 04:00,0.53454,7.04026,6.22064,2.525,ECCL,M30 0DF
23-02-2020 05:00,0.53454,9.89718,9.07756,2.5,ECCL,M30 0DF
23-02-2020 06:00,0.40091,13.92747,13.31276,2.6,ECCL,M30 0DF
23-02-2020 07:00,1.30294,24.89599,22.89817,2.925,ECCL,M30 0DF
23-02-2020 08:00,2.40543,35.81349,32.12522,4.575,ECCL,M30 0DF
23-02-2020 09:00,1.00226,18.67199,17.13521,3.175,ECCL,M30 0DF
23-02-2020 10:00,0.96885,11.01954,9.53398,1.15,ECCL,M30 0DF
23-02-2020 11:00,2.43884,18.0598,14.32029,2.1,ECCL,M30 0DF
23-02-2020 12:00,3.00679,17.03947,12.42912,4.825,ECCL,M30 0DF
23-02-2020 13:00,3.27406,16.37626,11.3561,6.325,ECCL,M30 0DF
23-02-2020 14:00,2.17157,11.8358,8.5061,11.375,ECCL,M30 0DF
23-02-2020 15:00,2.77293,17.95776,13.706,14.85,ECCL,M30 0DF
23-02-2020 16:00,2.23839,16.73337,13.30122,17.15,ECCL,M30 0DF
23-02-2020 17:00,1.40317,16.98845,14.83696,18.55,ECCL,M30 0DF
23-02-2020 18:00,4.30973,33.51776,26.90959,20.225,ECCL,M30 0DF
23-02-2020 19:00,0.7684,18.87606,17.69786,21.575,ECCL,M30 0DF
23-02-2020 20:00,0.63477,21.22281,20.24952,22.425,ECCL,M30 0DF
23-02-2020 21:00,2.47225,42.08851,38.29778,23.275,ECCL,M30 0DF
23-02-2020 22:00,1.10249,34.18097,32.49051,16.6,ECCL,M30 0DF
23-02-2020 23:00,1.33635,32.95658,30.90753,15.75,ECCL,M30 0DF
24-02-2020 00:00,0.86863,21.83501,20.50313,13.025,ECCL,M30 0DF
24-02-2020 01:00,0.98056,23.82346,22.31996,13.45,ECCL,M30 0DF
24-02-2020 02:00,0.66856,13.47727,12.45216,12.4,ECCL,M30 0DF
24-02-2020 03:00,0.60171,8.4233,7.50069,4.2,ECCL,M30 0DF
24-02-2020 04:00,0.50142,6.99389,6.22505,3.05,ECCL,M30 0DF
24-02-2020 05:00,0.53485,8.5254,7.7053,3.4,ECCL,M30 0DF
24-02-2020 06:00,0.56828,14.75353,13.88218,3.35,ECCL,M30 0DF
24-02-2020 07:00,1.33713,25.88249,23.83225,2.25,ECCL,M30 0DF
24-02-2020 08:00,4.24538,50.13136,43.62188,3.575,ECCL,M30 0DF
24-02-2020 09:00,2.6074,33.79528,29.79732,2.95,ECCL,M30 0DF
24-02-2020 10:00,1.97226,24.09573,21.07163,3.325,ECCL,M30 0DF
24-02-2020 11:00,2.1394,26.64824,23.36787,7.475,ECCL,M30 0DF
24-02-2020 12:00,3.27596,33.08058,28.0575,4.55,ECCL,M30 0DF
24-02-2020 13:00,3.04196,26.59719,21.93291,3.825,ECCL,M30 0DF
24-02-2020 14:00,2.07255,20.16486,16.987,6.05,ECCL,M30 0DF
24-02-2020 15:00,1.13656,13.17097,11.42827,7.825,ECCL,M30 0DF
24-02-2020 16:00,1.23684,11.28211,9.38564,10.925,ECCL,M30 0DF
24-02-2020 17:00,1.47084,11.84366,9.58841,15.625,ECCL,M30 0DF
24-02-2020 18:00,1.0697,12.14996,10.50978,11.975,ECCL,M30 0DF
24-02-2020 19:00,0.66856,11.23106,10.20594,12.175,ECCL,M30 0DF
24-02-2020 20:00,0.56828,9.8527,8.98135,12.525,ECCL,M30 0DF
24-02-2020 21:00,0.40114,7.45334,6.83827,13.225,ECCL,M30 0DF
24-02-2020 22:00,0.33428,6.58549,6.07293,12.4,ECCL,M30 0DF
24-02-2020 23:00,0.30085,4.79873,4.33742,11.25,ECCL,M30 0DF
25-02-2020 00:00,0.30085,4.84978,4.38847,11.8,ECCL,M30 0DF
25-02-2020 01:00,0.26758,5.99388,5.58359,12.75,ECCL,M30 0DF
25-02-2020 02:00,0.22298,4.90408,4.56218,14.45,ECCL,M30 0DF
25-02-2020 03:00,0.23413,5.26167,4.90267,9.975,ECCL,M30 0DF
25-02-2020 04:00,0.33448,3.72914,3.21629,3.925,ECCL,M30 0DF
25-02-2020 05:00,0.30103,11.59611,11.13454,7.75,ECCL,M30 0DF
25-02-2020 06:00,1.07032,18.18596,16.54483,6.625,ECCL,M30 0DF
25-02-2020 07:00,0.7693,17.16428,15.98471,2.675,ECCL,M30 0DF
25-02-2020 08:00,5.4854,46.43551,38.02468,5.05,ECCL,M30 0DF
25-02-2020 09:00,2.77615,30.344,26.08729,7.525,ECCL,M30 0DF
25-02-2020 10:00,2.50857,26.20618,22.35976,9.175,ECCL,M30 0DF
25-02-2020 11:00,3.67923,27.33003,21.68862,51.4,ECCL,M30 0DF
25-02-2020 12:00,3.512,23.70305,18.31807,27.825,ECCL,M30 0DF
25-02-2020 13:00,3.07718,17.98163,13.26335,8.975,ECCL,M30 0DF
25-02-2020 14:00,5.15093,30.344,22.44602,27.15,ECCL,M30 0DF
25-02-2020 15:00,2.57546,18.49247,14.54348,7.2,ECCL,M30 0DF
25-02-2020 16:00,2.77615,23.19221,18.93551,9.325,ECCL,M30 0DF
25-02-2020 17:00,2.30788,32.48953,28.95083,9.225,ECCL,M30 0DF
25-02-2020 18:00,5.18437,59.15547,51.2062,12.75,ECCL,M30 0DF
25-02-2020 19:00,8.19466,63.70196,51.13699,15.8,ECCL,M30 0DF
25-02-2020 20:00,1.50514,20.28041,17.97256,7.525,ECCL,M30 0DF
25-02-2020 21:00,1.20411,19.82066,17.97438,10.1,ECCL,M30 0DF
25-02-2020 22:00,1.00343,13.2308,11.69223,8.45,ECCL,M30 0DF
25-02-2020 23:00,0.7024,16.09151,15.01452,8.125,ECCL,M30 0DF
26-02-2020 00:00,0.46827,10.47226,9.75426,9.325,ECCL,M30 0DF
26-02-2020 01:00,0.75859,9.20125,8.0381,7.55,ECCL,M30 0DF
26-02-2020 02:00,0.4016,6.20233,5.58654,11.125,ECCL,M30 0DF
26-02-2020 03:00,0.4016,4.85622,4.24043,13.825,ECCL,M30 0DF
26-02-2020 04:00,0.4016,6.38976,5.77398,10.15,ECCL,M30 0DF
26-02-2020 05:00,0.36814,5.98081,5.41635,8.675,ECCL,M30 0DF
26-02-2020 06:00,0.87014,15.69325,14.35905,12.125,ECCL,M30 0DF
26-02-2020 07:00,4.1499,42.68358,36.32048,12.05,ECCL,M30 0DF
26-02-2020 08:00,6.72686,52.08931,41.77493,8.35,ECCL,M30 0DF
26-02-2020 09:00,11.78038,65.0733,47.01031,10.575,ECCL,M30 0DF
26-02-2020 10:00,7.095,43.14365,32.2648,5.55,ECCL,M30 0DF
26-02-2020 11:00,8.26634,43.65483,30.97995,7.35,ECCL,M30 0DF
26-02-2020 12:00,null,null,null,7.875,ECCL,M30 0DF
26-02-2020 13:00,6.49259,28.98394,19.02877,13.275,ECCL,M30 0DF
26-02-2020 14:00,3.58097,19.57822,14.08748,16.05,ECCL,M30 0DF
26-02-2020 15:00,5.02005,25.15009,17.45279,15.85,ECCL,M30 0DF
26-02-2020 16:00,2.47656,18.81145,15.01411,18.1,ECCL,M30 0DF
26-02-2020 17:00,2.64389,23.00313,18.94922,16.35,ECCL,M30 0DF
26-02-2020 18:00,1.27175,22.74754,20.79756,14.75,ECCL,M30 0DF
26-02-2020 19:00,1.23828,36.03824,34.13957,16.575,ECCL,M30 0DF
26-02-2020 20:00,2.10842,52.24266,49.0098,15.725,ECCL,M30 0DF
26-02-2020 21:00,1.37215,34.19798,32.09406,17.6,ECCL,M30 0DF
26-02-2020 22:00,0.97054,20.49834,19.0102,16.025,ECCL,M30 0DF
26-02-2020 23:00,0.73627,15.2843,14.15537,12.4,ECCL,M30 0DF
27-02-2020 00:00,0.66934,11.55268,10.52638,11.525,ECCL,M30 0DF
27-02-2020 01:00,0.53574,9.47694,8.65548,10.6,ECCL,M30 0DF
27-02-2020 02:00,0.66968,9.9542,8.92737,8.45,ECCL,M30 0DF
27-02-2020 03:00,0.63619,10.63599,9.66051,8.275,ECCL,M30 0DF
27-02-2020 04:00,0.60271,9.05082,8.12668,6.25,ECCL,M30 0DF
27-02-2020 05:00,0.40181,9.10196,8.48586,5.275,ECCL,M30 0DF
27-02-2020 06:00,2.31038,25.87409,22.33156,4.725,ECCL,M30 0DF
27-02-2020 07:00,2.51129,41.62354,37.77296,5.725,ECCL,M30 0DF
27-02-2020 08:00,29.06394,110.96202,66.39793,11.5,ECCL,M30 0DF
27-02-2020 09:00,52.67003,153.55712,72.79754,12.95,ECCL,M30 0DF
27-02-2020 10:00,17.71293,71.79294,44.63349,11.925,ECCL,M30 0DF
27-02-2020 11:00,7.66779,35.9476,24.19049,8.275,ECCL,M30 0DF
27-02-2020 12:00,4.58728,24.64686,17.61313,9.1,ECCL,M30 0DF
27-02-2020 13:00,5.15651,25.87409,17.96756,10.05,ECCL,M30 0DF
27-02-2020 14:00,5.05605,23.31736,15.56486,14.1,ECCL,M30 0DF
27-02-2020 15:00,4.68773,25.87409,18.68634,14.525,ECCL,M30 0DF
27-02-2020 16:00,5.75921,32.57272,23.74205,22.15,ECCL,M30 0DF
27-02-2020 17:00,4.85515,31.4989,24.05443,15.775,ECCL,M30 0DF
27-02-2020 18:00,3.64974,36.51008,30.9139,18.375,ECCL,M30 0DF
27-02-2020 19:00,1.17193,28.17515,26.37821,17.35,ECCL,M30 0DF
27-02-2020 20:00,1.67419,44.02687,41.45981,16.85,ECCL,M30 0DF
27-02-2020 21:00,1.4398,42.33943,40.13176,15.875,ECCL,M30 0DF
27-02-2020 22:00,1.13845,34.61811,32.87251,9.55,ECCL,M30 0DF
27-02-2020 23:00,32.71368,106.41105,56.25077,13.4,ECCL,M30 0DF
28-02-2020 00:00,6.73025,60.18539,49.86583,17.1,ECCL,M30 0DF
28-02-2020 01:00,7.23614,50.74187,39.64662,13.675,ECCL,M30 0DF
28-02-2020 02:00,1.11669,26.80317,25.09094,12.8,ECCL,M30 0DF
28-02-2020 03:00,1.54103,22.76223,20.39935,8.95,ECCL,M30 0DF
28-02-2020 04:00,1.20602,19.1305,17.2813,10.875,ECCL,M30 0DF
28-02-2020 05:00,0.60301,12.42971,11.50511,7.425,ECCL,M30 0DF
28-02-2020 06:00,1.40703,26.1382,23.98079,7.95,ECCL,M30 0DF
28-02-2020 07:00,3.21606,43.88763,38.9564,9.4,ECCL,M30 0DF
28-02-2020 08:00,2.24454,28.64461,25.20302,9.675,ECCL,M30 0DF
28-02-2020 09:00,4.15408,41.58583,35.21633,6.95,ECCL,M30 0DF
28-02-2020 10:00,4.55609,40.40935,33.42345,4.55,ECCL,M30 0DF
28-02-2020 11:00,3.08206,31.25331,26.52755,2.475,ECCL,M30 0DF
28-02-2020 12:00,3.68507,38.46561,32.81525,2.825,ECCL,M30 0DF
28-02-2020 13:00,3.65157,38.77252,33.17353,3.925,ECCL,M30 0DF
28-02-2020 14:00,4.05358,42.81346,36.59806,4.45,ECCL,M30 0DF
28-02-2020 15:00,3.38356,34.62928,29.44122,4.125,ECCL,M30 0DF
28-02-2020 16:00,3.58457,36.31727,30.82101,4.275,ECCL,M30 0DF
28-02-2020 17:00,2.84756,30.79295,26.42676,3.35,ECCL,M30 0DF
28-02-2020 18:00,2.88106,37.23799,32.82043,3.675,ECCL,M30 0DF
28-02-2020 19:00,2.01004,29.66763,26.58561,4.075,ECCL,M30 0DF
28-02-2020 20:00,0.93802,19.43741,17.99914,4.65,ECCL,M30 0DF
28-02-2020 21:00,0.67001,12.94122,11.91388,4.15,ECCL,M30 0DF
28-02-2020 22:00,0.56951,11.40669,10.53345,3.225,ECCL,M30 0DF
28-02-2020 23:00,0.67001,12.12281,11.09547,2.85,ECCL,M30 0DF
29-02-2020 00:00,0.56951,8.03072,7.15748,2.25,ECCL,M30 0DF
29-02-2020 01:00,0.53628,7.02702,6.20473,2.4,ECCL,M30 0DF
29-02-2020 02:00,0.35752,6.34478,5.79659,2.775,ECCL,M30 0DF
29-02-2020 03:00,0.40221,5.73077,5.11406,1.675,ECCL,M30 0DF
29-02-2020 04:00,0.46924,4.65625,3.93675,1.9,ECCL,M30 0DF
29-02-2020 05:00,0.40221,4.50275,3.88604,2,ECCL,M30 0DF
29-02-2020 06:00,0.46924,5.21909,4.4996,4.925,ECCL,M30 0DF
29-02-2020 07:00,0.7709,15.09444,13.91241,5.225,ECCL,M30 0DF
29-02-2020 08:00,0.97201,13.15007,11.65968,9.475,ECCL,M30 0DF
29-02-2020 09:00,1.40773,19.39252,17.23402,9.85,ECCL,M30 0DF
29-02-2020 10:00,2.14512,26.0443,22.75517,8.325,ECCL,M30 0DF
29-02-2020 11:00,3.11713,21.33689,16.55736,8.9,ECCL,M30 0DF
29-02-2020 12:00,2.94954,16.62947,12.10691,9.9,ECCL,M30 0DF
29-02-2020 13:00,2.64788,14.12225,10.06223,9.125,ECCL,M30 0DF
29-02-2020 14:00,2.01105,10.38702,7.30346,8.025,ECCL,M30 0DF
29-02-2020 15:00,1.57532,9.0055,6.59004,6.8,ECCL,M30 0DF
29-02-2020 16:00,1.60884,9.77301,7.30616,7.375,ECCL,M30 0DF
29-02-2020 17:00,1.13959,9.159,7.41165,8.225,ECCL,M30 0DF
29-02-2020 18:00,0.80442,7.98214,6.74872,11.1,ECCL,M30 0DF
29-02-2020 19:00,0.63683,6.65179,5.67533,6.05,ECCL,M30 0DF
29-02-2020 20:00,0.50276,6.34478,5.57389,3.425,ECCL,M30 0DF
29-02-2020 21:00,0.50276,9.41484,8.64395,13.1,ECCL,M30 0DF
29-02-2020 22:00,0.33517,8.74966,8.23573,20.4,ECCL,M30 0DF
29-02-2020 23:00,0.97201,9.72184,8.23145,20.725,ECCL,M30 0DF
01-03-2020 00:00,0.26814,9.72184,9.3107,19.15,ECCL,M30 0DF
01-03-2020 01:00,0.31299,8.39419,7.91429,17.125,ECCL,M30 0DF
01-03-2020 02:00,0.3577,8.80366,8.2552,13.75,ECCL,M30 0DF
01-03-2020 03:00,0.33534,8.80366,8.28948,11.75,ECCL,M30 0DF
01-03-2020 04:00,0.26827,8.49656,8.08521,13.425,ECCL,M30 0DF
01-03-2020 05:00,0.23474,6.39801,6.03808,12.9,ECCL,M30 0DF
01-03-2020 06:00,0.16767,8.65011,8.39302,10.6,ECCL,M30 0DF
01-03-2020 07:00,0.20121,8.29182,7.98331,10.475,ECCL,M30 0DF
01-03-2020 08:00,0.57008,10.85103,9.97691,10.725,ECCL,M30 0DF
01-03-2020 09:00,1.1737,13.56379,11.76414,13.5,ECCL,M30 0DF
01-03-2020 10:00,1.2743,11.15813,9.20423,13.7,ECCL,M30 0DF
01-03-2020 11:00,1.94499,12.69366,9.71138,11.25,ECCL,M30 0DF
01-03-2020 12:00,1.67672,10.54392,7.973,9.5,ECCL,M30 0DF
01-03-2020 13:00,1.57611,9.36669,6.95002,7.6,ECCL,M30 0DF
01-03-2020 14:00,1.47551,10.49274,8.23033,7.85,ECCL,M30 0DF
01-03-2020 15:00,1.20723,9.41788,7.56681,8.725,ECCL,M30 0DF
01-03-2020 16:00,1.74378,15.09931,12.42555,10.7,ECCL,M30 0DF
01-03-2020 17:00,0.9725,12.89839,11.40726,11.975,ECCL,M30 0DF
01-03-2020 18:00,0.67069,15.20168,14.17331,13.175,ECCL,M30 0DF
01-03-2020 19:00,0.73775,18.32391,17.1927,13.75,ECCL,M30 0DF
01-03-2020 20:00,0.53655,21.95798,21.13528,11.55,ECCL,M30 0DF
01-03-2020 21:00,0.63715,18.47746,17.50051,11.85,ECCL,M30 0DF
01-03-2020 22:00,0.50302,12.18182,11.41054,11.425,ECCL,M30 0DF
01-03-2020 23:00,0.57008,10.49274,9.61862,10.75,ECCL,M30 0DF
02-03-2020 00:00,0.63715,10.03208,9.05513,8.8,ECCL,M30 0DF
02-03-2020 01:00,0.44735,8.26037,7.57444,7.9,ECCL,M30 0DF
02-03-2020 02:00,0.53682,8.73824,7.91513,9.15,ECCL,M30 0DF
02-03-2020 03:00,0.80523,11.26413,10.02947,8.25,ECCL,M30 0DF
02-03-2020 04:00,1.07364,20.78745,19.14123,8.7,ECCL,M30 0DF
02-03-2020 05:00,17.14463,68.30161,42.01355,9.825,ECCL,M30 0DF
02-03-2020 06:00,9.93113,64.00076,48.77323,10.15,ECCL,M30 0DF
02-03-2020 07:00,32.813,105.67805,55.36548,11.25,ECCL,M30 0DF
02-03-2020 08:00,75.99331,181.30134,64.7799,13.75,ECCL,M30 0DF
02-03-2020 09:00,90.48739,204.70002,65.95462,20.45,ECCL,M30 0DF
02-03-2020 10:00,39.92584,122.06224,60.84347,24.9,ECCL,M30 0DF
02-03-2020 11:00,10.09889,53.40223,37.91748,17.825,ECCL,M30 0DF
02-03-2020 12:00,5.20043,27.64833,19.67445,15.625,ECCL,M30 0DF
02-03-2020 13:00,2.61699,15.41138,11.39872,10.4,ECCL,M30 0DF
02-03-2020 14:00,2.75119,17.0498,12.83137,9.725,ECCL,M30 0DF
02-03-2020 15:00,2.85185,18.84182,14.46905,14.025,ECCL,M30 0DF
02-03-2020 16:00,3.0196,20.94105,16.31106,12.1,ECCL,M30 0DF
02-03-2020 17:00,1.77821,18.38102,15.65447,12,ECCL,M30 0DF
02-03-2020 18:00,1.4427,23.85948,21.64738,13.15,ECCL,M30 0DF
02-03-2020 19:00,1.5098,36.96684,34.65184,12.05,ECCL,M30 0DF
02-03-2020 20:00,1.61045,34.97001,32.50069,17.325,ECCL,M30 0DF
02-03-2020 21:00,1.04009,30.72036,29.12559,14.5,ECCL,M30 0DF
02-03-2020 22:00,0.63747,17.101,16.12356,13.525,ECCL,M30 0DF
02-03-2020 23:00,0.60392,14.59217,13.66617,11.65,ECCL,M30 0DF
03-03-2020 00:00,0.67102,12.74895,11.72006,10.175,ECCL,M30 0DF
03-03-2020 01:00,0.6266,11.47263,10.51186,8.85,ECCL,M30 0DF
03-03-2020 02:00,0.35806,7.85329,7.30428,8.175,ECCL,M30 0DF
03-03-2020 03:00,0.53709,8.60448,7.78095,8.8,ECCL,M30 0DF
03-03-2020 04:00,0.7385,14.03349,12.90115,9.45,ECCL,M30 0DF
03-03-2020 05:00,0.46995,10.96046,10.23988,9.65,ECCL,M30 0DF
03-03-2020 06:00,1.81267,33.39356,30.61417,9.525,ECCL,M30 0DF
03-03-2020 07:00,2.31619,37.74701,34.19557,7.675,ECCL,M30 0DF
03-03-2020 08:00,4.12886,46.65879,40.32796,7.925,ECCL,M30 0DF
03-03-2020 09:00,4.90092,47.42705,39.9124,8.45,ECCL,M30 0DF
03-03-2020 10:00,5.77369,46.19784,37.34497,10.275,ECCL,M30 0DF
03-03-2020 11:00,7.48566,53.77797,42.30013,7.975,ECCL,M30 0DF
03-03-2020 12:00,5.84083,35.08372,26.12792,5.75,ECCL,M30 0DF
03-03-2020 13:00,6.54575,35.80076,25.76408,6.625,ECCL,M30 0DF
03-03-2020 14:00,6.17651,38.10553,28.63503,13.825,ECCL,M30 0DF
03-03-2020 15:00,7.58636,41.79316,30.16091,24.425,ECCL,M30 0DF
03-03-2020 16:00,4.63238,31.39609,24.29321,25.425,ECCL,M30 0DF
03-03-2020 17:00,3.32323,26.0183,20.92275,21.125,ECCL,M30 0DF
03-03-2020 18:00,1.44342,20.38441,18.17119,19.1,ECCL,M30 0DF
03-03-2020 19:00,0.90634,23.81596,22.42626,19.425,ECCL,M30 0DF
03-03-2020 20:00,1.04061,29.44984,27.85427,17.45,ECCL,M30 0DF
03-03-2020 21:00,1.17488,39.33474,37.53329,19.35,ECCL,M30 0DF
03-03-2020 22:00,1.54413,56.79978,54.43215,19.55,ECCL,M30 0DF
03-03-2020 23:00,7.7542,70.3211,58.43149,19.65,ECCL,M30 0DF
04-03-2020 00:00,1.6784,51.7805,49.20699,17.9,ECCL,M30 0DF
04-03-2020 01:00,2.01509,45.35883,42.26908,15.525,ECCL,M30 0DF
04-03-2020 02:00,1.65685,38.80093,36.26046,14.65,ECCL,M30 0DF
04-03-2020 03:00,6.75054,52.77063,42.41994,19.125,ECCL,M30 0DF
04-03-2020 04:00,1.84716,35.60737,32.77509,17.15,ECCL,M30 0DF
04-03-2020 05:00,2.98905,39.14249,34.55935,13.8,ECCL,M30 0DF
04-03-2020 06:00,20.92332,78.79731,46.71533,11.65,ECCL,M30 0DF
04-03-2020 07:00,121.84562,260.93283,74.1055,13.475,ECCL,M30 0DF
04-03-2020 08:00,186.56351,376.46465,90.4046,17.825,ECCL,M30 0DF
04-03-2020 09:00,99.91475,227.06741,73.86693,22.35,ECCL,M30 0DF
04-03-2020 10:00,74.28956,184.49227,70.58321,22.225,ECCL,M30 0DF
04-03-2020 11:00,33.45045,113.12384,61.83386,21.2,ECCL,M30 0DF
04-03-2020 12:00,21.25917,85.86755,53.27061,25.7,ECCL,M30 0DF
04-03-2020 13:00,8.96714,46.67383,32.92441,20.85,ECCL,M30 0DF
04-03-2020 14:00,4.29885,29.04946,22.45798,15.7,ECCL,M30 0DF
04-03-2020 15:00,3.79508,23.3113,17.49226,11.75,ECCL,M30 0DF
04-03-2020 16:00,3.42565,27.20505,21.95247,12.725,ECCL,M30 0DF
04-03-2020 17:00,2.88829,31.96978,27.54113,13.95,ECCL,M30 0DF
04-03-2020 18:00,2.55244,41.19183,37.27814,18.725,ECCL,M30 0DF
04-03-2020 19:00,2.78754,44.57325,40.29909,21.925,ECCL,M30 0DF
04-03-2020 20:00,3.69433,56.66439,50.99983,17.625,ECCL,M30 0DF
04-03-2020 21:00,16.18787,88.42923,63.60818,20.525,ECCL,M30 0DF
04-03-2020 22:00,17.32975,96.98525,70.41333,21.275,ECCL,M30 0DF
04-03-2020 23:00,59.51225,168.66108,77.41024,23.925,ECCL,M30 0DF
05-03-2020 00:00,57.56433,165.4846,77.22052,27.2,ECCL,M30 0DF
05-03-2020 01:00,67.42725,170.0821,66.69509,28.475,ECCL,M30 0DF
05-03-2020 02:00,36.11054,111.99862,56.62989,29.35,ECCL,M30 0DF
05-03-2020 03:00,44.82456,121.41156,52.68152,27.925,ECCL,M30 0DF
05-03-2020 04:00,12.70141,69.18768,49.71245,21.975,ECCL,M30 0DF
05-03-2020 05:00,4.60342,51.25013,44.19165,22,ECCL,M30 0DF
05-03-2020 06:00,7.76197,56.47764,44.57612,23.85,ECCL,M30 0DF
05-03-2020 07:00,39.07869,119.6178,59.69799,23.65,ECCL,M30 0DF
05-03-2020 08:00,69.28654,177.94045,71.70257,27.05,ECCL,M30 0DF
05-03-2020 09:00,48.95756,139.86161,64.79439,27.3,ECCL,M30 0DF
05-03-2020 10:00,25.83965,95.47899,55.85876,24.325,ECCL,M30 0DF
05-03-2020 11:00,12.76862,57.91265,38.33438,20.975,ECCL,M30 0DF
05-03-2020 12:00,11.59256,49.91763,32.14262,31.125,ECCL,M30 0DF
05-03-2020 13:00,8.93803,40.4876,26.78281,46.1,ECCL,M30 0DF
05-03-2020 14:00,8.3332,36.38759,23.6102,28.65,ECCL,M30 0DF
05-03-2020 15:00,7.82918,38.8476,26.84303,22.6,ECCL,M30 0DF
05-03-2020 16:00,8.266,38.9501,26.27574,21.825,ECCL,M30 0DF
05-03-2020 17:00,9.61006,46.58637,31.85114,19.3,ECCL,M30 0DF
05-03-2020 18:00,22.14347,90.81523,56.86239,25.625,ECCL,M30 0DF
05-03-2020 19:00,15.85997,87.58647,63.2682,43.55,ECCL,M30 0DF
05-03-2020 20:00,8.73642,79.1302,65.73454,60.65,ECCL,M30 0DF
05-03-2020 21:00,10.78612,82.00021,65.46172,57.275,ECCL,M30 0DF
05-03-2020 22:00,5.04024,67.54767,59.81941,27.125,ECCL,M30 0DF
05-03-2020 23:00,23.31953,110.39278,74.63667,40.2,ECCL,M30 0DF
06-03-2020 00:00,14.81831,92.66024,69.93914,25.6,ECCL,M30 0DF
06-03-2020 01:00,42.00065,135.00215,70.60205,22.975,ECCL,M30 0DF
06-03-2020 02:00,34.96319,117.77656,64.16708,20.85,ECCL,M30 0DF
06-03-2020 03:00,28.94549,105.66054,61.27808,22.325,ECCL,M30 0DF
06-03-2020 04:00,19.90212,87.46089,56.94472,23.925,ECCL,M30 0DF
06-03-2020 05:00,19.09528,81.56522,52.2862,22.725,ECCL,M30 0DF
06-03-2020 06:00,69.35487,162.92538,56.58273,23.8,ECCL,M30 0DF
06-03-2020 07:00,68.71611,165.84757,60.48434,23.7,ECCL,M30 0DF
06-03-2020 08:00,154.40955,313.39296,76.63496,22.35,ECCL,M30 0DF
06-03-2020 09:00,72.54862,177.07497,65.83531,21.125,ECCL,M30 0DF
06-03-2020 10:00,77.2552,189.94289,71.48657,37.925,ECCL,M30 0DF
06-03-2020 11:00,35.83727,112.83787,57.88816,45.975,ECCL,M30 0DF
06-03-2020 12:00,22.05371,82.59056,48.77535,52.3,ECCL,M30 0DF
06-03-2020 13:00,11.32942,53.57364,36.20211,49.525,ECCL,M30 0DF
06-03-2020 14:00,24.87765,87.40962,49.26442,37.5,ECCL,M30 0DF
06-03-2020 15:00,24.94489,95.56101,57.31271,47.45,ECCL,M30 0DF
06-03-2020 16:00,9.98468,63.67317,48.36354,34.975,ECCL,M30 0DF
06-03-2020 17:00,2.95842,31.78532,27.24913,17.8,ECCL,M30 0DF
06-03-2020 18:00,2.28606,29.27325,25.76802,13.525,ECCL,M30 0DF
06-03-2020 19:00,1.31112,35.93791,33.92756,16.55,ECCL,M30 0DF
06-03-2020 20:00,1.41198,42.03864,39.87365,15.475,ECCL,M30 0DF
06-03-2020 21:00,1.58007,48.29317,45.87044,17.6,ECCL,M30 0DF
06-03-2020 22:00,1.51283,52.2407,49.92106,19.325,ECCL,M30 0DF
06-03-2020 23:00,1.71454,49.31851,46.68958,14.625,ECCL,M30 0DF
07-03-2020 00:00,1.34474,42.44878,40.38688,12.275,ECCL,M30 0DF
07-03-2020 01:00,2.33205,48.27454,44.69878,19.2,ECCL,M30 0DF
07-03-2020 02:00,0.80725,22.63296,21.3952,13.675,ECCL,M30 0DF
07-03-2020 03:00,1.1436,25.69286,23.93936,15.425,ECCL,M30 0DF
07-03-2020 04:00,1.24451,21.17994,19.27173,11.225,ECCL,M30 0DF
07-03-2020 05:00,0.67271,14.05158,13.02011,10.775,ECCL,M30 0DF
07-03-2020 06:00,1.10997,17.48755,15.78563,14.375,ECCL,M30 0DF
07-03-2020 07:00,1.21087,18.82091,16.96427,14.075,ECCL,M30 0DF
07-03-2020 08:00,1.51359,21.02609,18.70529,6.525,ECCL,M30 0DF
07-03-2020 09:00,3.4308,28.51343,23.25295,5.575,ECCL,M30 0DF
07-03-2020 10:00,3.36353,22.92357,17.76623,8.075,ECCL,M30 0DF
07-03-2020 11:00,2.32084,16.97472,13.41616,13.225,ECCL,M30 0DF
07-03-2020 12:00,2.55628,16.20548,12.2859,14.625,ECCL,M30 0DF
07-03-2020 13:00,1.54722,13.6926,11.32023,16.2,ECCL,M30 0DF
07-03-2020 14:00,1.44632,15.94906,13.7314,17.625,ECCL,M30 0DF
07-03-2020 15:00,1.27814,15.12853,13.16874,14.45,ECCL,M30 0DF
07-03-2020 16:00,1.10997,14.76955,13.06763,12.825,ECCL,M30 0DF
07-03-2020 17:00,1.04269,14.20543,12.60666,15.725,ECCL,M30 0DF
07-03-2020 18:00,1.1436,14.25671,12.50322,18.35,ECCL,M30 0DF
07-03-2020 19:00,0.84088,11.23101,9.94167,14.5,ECCL,M30 0DF
07-03-2020 20:00,0.53817,7.94889,7.12371,20.675,ECCL,M30 0DF
07-03-2020 21:00,0.33635,5.58986,5.07413,14.725,ECCL,M30 0DF
07-03-2020 22:00,0.53817,6.61553,5.79035,10.95,ECCL,M30 0DF
07-03-2020 23:00,0.33635,4.71805,4.20232,10.3,ECCL,M30 0DF
08-03-2020 00:00,0.47089,5.74371,5.02169,7.025,ECCL,M30 0DF
08-03-2020 01:00,0.31409,5.40356,4.92197,5.075,ECCL,M30 0DF
08-03-2020 02:00,0.31409,5.19836,4.71677,3.25,ECCL,M30 0DF
08-03-2020 03:00,0.47113,5.18127,4.45888,2.275,ECCL,M30 0DF
08-03-2020 04:00,0.26922,3.64228,3.22948,1.7,ECCL,M30 0DF
08-03-2020 05:00,0.20191,3.33448,3.02488,2.225,ECCL,M30 0DF
08-03-2020 06:00,0.30287,3.89878,3.43438,4.475,ECCL,M30 0DF
08-03-2020 07:00,0.40383,9.13134,8.51215,3.825,ECCL,M30 0DF
08-03-2020 08:00,0.97591,17.54448,16.04811,5.7,ECCL,M30 0DF
08-03-2020 09:00,0.97591,10.20863,8.71225,8.7,ECCL,M30 0DF
08-03-2020 10:00,1.11052,12.20932,10.50654,12.375,ECCL,M30 0DF
08-03-2020 11:00,2.01913,14.9282,11.83225,11.025,ECCL,M30 0DF
08-03-2020 12:00,2.3893,15.4925,11.82895,9.825,ECCL,M30 0DF
08-03-2020 13:00,1.78356,13.59441,10.85965,9.95,ECCL,M30 0DF
08-03-2020 14:00,1.48069,9.74693,7.47657,8.6,ECCL,M30 0DF
08-03-2020 15:00,1.11052,10.20863,8.50586,10.825,ECCL,M30 0DF
08-03-2020 16:00,1.548,13.79961,11.42604,10.15,ECCL,M30 0DF
08-03-2020 17:00,0.80765,9.49044,8.25206,11.725,ECCL,M30 0DF
08-03-2020 18:00,0.60574,11.18333,10.25454,11.575,ECCL,M30 0DF
08-03-2020 19:00,1.48069,20.41726,18.1469,6.775,ECCL,M30 0DF
08-03-2020 20:00,0.8413,28.57391,27.28393,7.025,ECCL,M30 0DF
08-03-2020 21:00,0.94226,25.75243,24.30765,6.9,ECCL,M30 0DF
08-03-2020 22:00,0.8413,17.90358,16.6136,10.2,ECCL,M30 0DF
08-03-2020 23:00,0.80765,18.16008,16.9217,7.95,ECCL,M30 0DF
09-03-2020 00:00,0.53843,13.64571,12.82012,8.3,ECCL,M30 0DF
09-03-2020 01:00,0.35914,10.53692,9.98625,9.4,ECCL,M30 0DF
09-03-2020 02:00,0.44892,7.11584,6.42751,9.5,ECCL,M30 0DF
09-03-2020 03:00,0.26935,4.51582,4.10282,11.825,ECCL,M30 0DF
09-03-2020 04:00,0.16834,2.25791,1.99979,20.1,ECCL,M30 0DF
09-03-2020 05:00,0.23568,4.05398,3.6926,19.35,ECCL,M30 0DF
09-03-2020 06:00,0.33669,7.18426,6.66801,20.675,ECCL,M30 0DF
09-03-2020 07:00,0.47137,12.26456,11.54181,22.775,ECCL,M30 0DF
09-03-2020 08:00,0.9764,14.36853,12.8714,20.825,ECCL,M30 0DF
09-03-2020 09:00,1.5151,17.1396,14.81647,21.15,ECCL,M30 0DF
09-03-2020 10:00,1.64978,15.18958,12.65996,19.6,ECCL,M30 0DF
09-03-2020 11:00,2.18848,15.08695,11.73133,20.4,ECCL,M30 0DF
09-03-2020 12:00,1.64978,14.00931,11.47969,23.975,ECCL,M30 0DF
09-03-2020 13:00,1.71712,15.80538,13.1725,22.2,ECCL,M30 0DF
09-03-2020 14:00,2.25582,20.06462,16.60575,22.35,ECCL,M30 0DF
09-03-2020 15:00,1.78445,21.03963,18.3035,20.275,ECCL,M30 0DF
09-03-2020 16:00,2.89553,32.6884,28.24865,17.9,ECCL,M30 0DF
09-03-2020 17:00,1.9528,27.04362,24.04937,18.525,ECCL,M30 0DF
09-03-2020 18:00,1.81812,23.34885,20.5611,9.85,ECCL,M30 0DF
09-03-2020 19:00,1.58244,21.39884,18.97247,5.6,ECCL,M30 0DF
09-03-2020 20:00,1.24575,18.21724,16.30711,4.4,ECCL,M30 0DF
09-03-2020 21:00,0.74072,13.08562,11.94987,2.975,ECCL,M30 0DF
09-03-2020 22:00,0.5387,9.69875,8.87276,3.2,ECCL,M30 0DF
09-03-2020 23:00,0.50503,12.00798,11.23361,3.725,ECCL,M30 0DF
10-03-2020 00:00,0.57237,20.52647,19.64884,3.925,ECCL,M30 0DF
10-03-2020 01:00,0.35932,13.55183,13.00088,4.75,ECCL,M30 0DF
10-03-2020 02:00,0.40423,13.68871,13.0689,4.75,ECCL,M30 0DF
10-03-2020 03:00,0.30317,10.31787,9.85301,4.675,ECCL,M30 0DF
10-03-2020 04:00,0.2358,7.90523,7.54368,2.5,ECCL,M30 0DF
10-03-2020 05:00,0.37054,14.73248,14.16432,3.825,ECCL,M30 0DF
10-03-2020 06:00,0.74109,21.50839,20.37207,3.825,ECCL,M30 0DF
10-03-2020 07:00,1.11163,25.05034,23.34587,2.8,ECCL,M30 0DF
10-03-2020 08:00,2.22326,35.26555,31.85659,4.125,ECCL,M30 0DF
10-03-2020 09:00,2.22326,33.67423,30.26528,4.175,ECCL,M30 0DF
10-03-2020 10:00,2.42538,29.77295,26.05409,2.85,ECCL,M30 0DF
10-03-2020 11:00,1.8864,23.20237,20.30992,2.75,ECCL,M30 0DF
10-03-2020 12:00,1.51586,15.2458,12.92152,2.875,ECCL,M30 0DF
10-03-2020 13:00,1.14532,11.60118,9.84506,2.55,ECCL,M30 0DF
10-03-2020 14:00,0.97689,11.75518,10.25731,6.7,ECCL,M30 0DF
10-03-2020 15:00,0.97689,12.7305,11.23263,15.475,ECCL,M30 0DF
10-03-2020 16:00,1.11163,12.47384,10.76936,19.7,ECCL,M30 0DF
10-03-2020 17:00,1.07795,11.96051,10.30769,18.975,ECCL,M30 0DF
10-03-2020 18:00,1.179,16.27246,14.46468,17.775,ECCL,M30 0DF
10-03-2020 19:00,1.01057,16.06713,14.5176,14.925,ECCL,M30 0DF
10-03-2020 20:00,0.60634,13.60316,12.67344,17.825,ECCL,M30 0DF
10-03-2020 21:00,0.77477,13.24383,12.05586,15.575,ECCL,M30 0DF
10-03-2020 22:00,0.43792,12.37118,11.69971,16.975,ECCL,M30 0DF
10-03-2020 23:00,0.9432,16.52912,15.0829,13.975,ECCL,M30 0DF
11-03-2020 00:00,0.60634,17.7611,16.83139,11.025,ECCL,M30 0DF
11-03-2020 01:00,0.53924,15.47322,14.64639,12.35,ECCL,M30 0DF
11-03-2020 02:00,0.53924,13.48772,12.66089,13.475,ECCL,M30 0DF
11-03-2020 03:00,0.94367,17.71547,16.26852,12.475,ECCL,M30 0DF
11-03-2020 04:00,0.60665,19.66674,18.73656,11.225,ECCL,M30 0DF
11-03-2020 05:00,0.87627,24.59626,23.25267,11.3,ECCL,M30 0DF
11-03-2020 06:00,0.90997,21.00182,19.60655,13.475,ECCL,M30 0DF
11-03-2020 07:00,12.36886,71.9402,52.97489,14.55,ECCL,M30 0DF
11-03-2020 08:00,11.22297,62.80005,45.59174,15.875,ECCL,M30 0DF
11-03-2020 09:00,3.77469,27.11237,21.32459,13.025,ECCL,M30 0DF
11-03-2020 10:00,2.5614,20.28293,16.3555,11.625,ECCL,M30 0DF
11-03-2020 11:00,null,null,null,9.025,ECCL,M30 0DF
11-03-2020 12:00,1.61773,19.76943,17.28896,7.075,ECCL,M30 0DF
11-03-2020 13:00,1.98845,20.69372,17.6448,8.1,ECCL,M30 0DF
11-03-2020 14:00,1.61773,18.38301,15.90253,23.85,ECCL,M30 0DF
11-03-2020 15:00,1.58402,19.76943,17.34063,13.275,ECCL,M30 0DF
11-03-2020 16:00,1.3144,17.04793,15.03254,10.8,ECCL,M30 0DF
11-03-2020 17:00,0.87627,14.12102,12.77743,7.55,ECCL,M30 0DF
11-03-2020 18:00,1.38181,16.99658,14.87784,7,ECCL,M30 0DF
11-03-2020 19:00,0.67405,13.76158,12.72805,5.15,ECCL,M30 0DF
11-03-2020 20:00,0.60665,9.85904,8.92886,7.35,ECCL,M30 0DF
11-03-2020 21:00,0.47184,9.34555,8.62208,6.15,ECCL,M30 0DF
11-03-2020 22:00,0.43813,12.4265,11.75471,2.8,ECCL,M30 0DF
11-03-2020 23:00,0.33703,5.69976,5.18299,6.025,ECCL,M30 0DF
12-03-2020 00:00,0.16851,4.67278,4.41439,12.975,ECCL,M30 0DF
12-03-2020 01:00,0.26984,4.72828,4.31454,8.725,ECCL,M30 0DF
12-03-2020 02:00,0.13492,3.15219,2.94532,9.7,ECCL,M30 0DF
12-03-2020 03:00,0.13492,3.03227,2.8254,10.625,ECCL,M30 0DF
12-03-2020 04:00,0.13492,3.18645,2.97958,13.35,ECCL,M30 0DF
12-03-2020 05:00,0.26984,3.59761,3.18387,13.525,ECCL,M30 0DF
12-03-2020 06:00,0.53967,13.82509,12.99761,11.225,ECCL,M30 0DF
12-03-2020 07:00,1.72019,26.10835,23.47075,12.325,ECCL,M30 0DF
12-03-2020 08:00,4.55345,39.3167,32.33484,14.075,ECCL,M30 0DF
12-03-2020 09:00,5.43041,33.66332,25.33681,15.7,ECCL,M30 0DF
12-03-2020 10:00,3.37293,19.83823,14.66648,13.2,ECCL,M30 0DF
12-03-2020 11:00,2.49597,13.6709,9.84381,17.075,ECCL,M30 0DF
12-03-2020 12:00,1.82138,10.27888,7.48613,19.15,ECCL,M30 0DF
12-03-2020 13:00,1.78765,9.81633,7.0753,33.275,ECCL,M30 0DF
12-03-2020 14:00,1.72019,9.97051,7.33292,18.55,ECCL,M30 0DF
12-03-2020 15:00,1.3829,10.84421,8.7238,18.175,ECCL,M30 0DF
12-03-2020 16:00,2.02375,12.12907,9.02603,20.075,ECCL,M30 0DF
12-03-2020 17:00,1.24798,13.7223,11.80875,16.925,ECCL,M30 0DF
12-03-2020 18:00,1.11307,11.61513,9.90845,10.775,ECCL,M30 0DF
12-03-2020 19:00,0.67459,13.51672,12.48237,11.025,ECCL,M30 0DF
12-03-2020 20:00,0.43848,11.20397,10.53165,9.475,ECCL,M30 0DF
12-03-2020 21:00,0.47221,10.58724,9.8632,9.725,ECCL,M30 0DF
12-03-2020 22:00,0.30356,7.60637,7.14091,12.85,ECCL,M30 0DF
12-03-2020 23:00,0.33729,6.16733,5.65015,14.8,ECCL,M30 0DF
13-03-2020 00:00,0.16865,5.80756,5.54898,13.325,ECCL,M30 0DF
13-03-2020 01:00,0.13502,3.63506,3.42803,13.3,ECCL,M30 0DF
13-03-2020 02:00,0.13502,3.01779,2.81076,13.1,ECCL,M30 0DF
13-03-2020 03:00,0.10127,3.85797,3.70269,13.9,ECCL,M30 0DF
13-03-2020 04:00,0.06751,4.9382,4.83468,15.7,ECCL,M30 0DF
13-03-2020 05:00,0.16878,4.32093,4.06213,13.225,ECCL,M30 0DF
13-03-2020 06:00,0.43883,6.68714,6.01429,13.025,ECCL,M30 0DF
13-03-2020 07:00,2.90301,27.52017,23.06896,15.6,ECCL,M30 0DF
13-03-2020 08:00,9.11409,52.57125,38.59651,10.975,ECCL,M30 0DF
13-03-2020 09:00,13.23231,60.33862,40.04937,13.275,ECCL,M30 0DF
13-03-2020 10:00,6.54864,35.13323,25.09212,10.1,ECCL,M30 0DF
13-03-2020 11:00,5.40094,24.58812,16.30679,12.5,ECCL,M30 0DF
13-03-2020 12:00,3.9832,18.9812,12.87372,10,ECCL,M30 0DF
13-03-2020 13:00,4.05071,22.53053,16.31954,11.775,ECCL,M30 0DF
13-03-2020 14:00,2.90301,15.53475,11.08354,9.225,ECCL,M30 0DF
13-03-2020 15:00,4.52329,21.91326,14.97765,10.3,ECCL,M30 0DF
13-03-2020 16:00,2.63296,29.16624,25.12909,12,ECCL,M30 0DF
13-03-2020 17:00,3.24057,39.76279,34.79399,14.4,ECCL,M30 0DF
13-03-2020 18:00,2.49794,32.14974,28.31962,12.125,ECCL,M30 0DF
13-03-2020 19:00,3.37559,43.26068,38.08485,10.45,ECCL,M30 0DF
13-03-2020 20:00,2.49794,38.21961,34.38949,9.55,ECCL,M30 0DF
13-03-2020 21:00,2.19413,41.87181,38.50752,13.15,ECCL,M30 0DF
13-03-2020 22:00,1.62028,27.98313,25.49873,12.25,ECCL,M30 0DF
13-03-2020 23:00,1.31648,24.53668,22.5181,12.825,ECCL,M30 0DF
14-03-2020 00:00,1.1477,21.4503,19.69052,13.95,ECCL,M30 0DF
14-03-2020 01:00,0.99095,20.86849,19.34905,16.825,ECCL,M30 0DF
14-03-2020 02:00,0.76574,17.16159,15.98748,18.1,ECCL,M30 0DF
14-03-2020 03:00,0.60809,16.11474,15.18235,14,ECCL,M30 0DF
14-03-2020 04:00,0.5743,13.33456,12.45397,8.425,ECCL,M30 0DF
14-03-2020 05:00,0.50674,14.00386,13.22687,5.7,ECCL,M30 0DF
14-03-2020 06:00,0.74322,16.47513,15.33555,3.775,ECCL,M30 0DF
14-03-2020 07:00,1.01348,19.40976,17.85579,4.55,ECCL,M30 0DF
14-03-2020 08:00,1.41887,20.69688,18.52132,6.025,ECCL,M30 0DF
14-03-2020 09:00,2.22965,19.56421,16.14547,8.575,ECCL,M30 0DF
14-03-2020 10:00,2.36478,18.32858,14.70264,7.175,ECCL,M30 0DF
14-03-2020 11:00,2.36478,16.16622,12.54028,7.525,ECCL,M30 0DF
14-03-2020 12:00,2.39856,15.23949,11.56175,9.575,ECCL,M30 0DF
14-03-2020 13:00,1.45265,9.88508,7.65771,9.35,ECCL,M30 0DF
14-03-2020 14:00,1.45265,10.24547,8.01811,6.15,ECCL,M30 0DF
14-03-2020 15:00,1.38508,11.06923,8.94546,6.575,ECCL,M30 0DF
14-03-2020 16:00,1.31752,12.5108,10.49063,5.925,ECCL,M30 0DF
14-03-2020 17:00,2.16208,26.30872,22.99357,7.075,ECCL,M30 0DF
14-03-2020 18:00,1.85804,21.72657,18.87762,4.4,ECCL,M30 0DF
14-03-2020 19:00,0.91213,10.19399,8.79541,2.7,ECCL,M30 0DF
14-03-2020 20:00,0.94591,11.73853,10.28815,3.025,ECCL,M30 0DF
14-03-2020 21:00,0.64187,9.67914,8.69495,6.475,ECCL,M30 0DF
14-03-2020 22:00,0.74322,10.09102,8.95144,10.05,ECCL,M30 0DF
14-03-2020 23:00,0.64187,7.61975,6.63556,11.325,ECCL,M30 0DF
15-03-2020 00:00,0.54052,6.84748,6.01869,8.375,ECCL,M30 0DF
15-03-2020 01:00,0.63111,6.66454,5.69686,5.1,ECCL,M30 0DF
15-03-2020 02:00,0.40571,3.91628,3.2942,3.55,ECCL,M30 0DF
15-03-2020 03:00,0.16905,2.88568,2.62648,2.625,ECCL,M30 0DF
15-03-2020 04:00,0.23666,2.78262,2.41974,2.2,ECCL,M30 0DF
15-03-2020 05:00,0.40571,5.56524,4.94316,1.775,ECCL,M30 0DF
15-03-2020 06:00,0.20286,4.17393,3.86289,1.45,ECCL,M30 0DF
15-03-2020 07:00,0.60857,10.97588,10.04276,3.2,ECCL,M30 0DF
15-03-2020 08:00,0.67618,11.49118,10.45438,3.725,ECCL,M30 0DF
15-03-2020 09:00,1.1157,13.19167,11.48095,4.525,ECCL,M30 0DF
15-03-2020 10:00,1.18332,14.47992,12.66552,4.475,ECCL,M30 0DF
15-03-2020 11:00,1.41999,12.67637,10.49909,7.725,ECCL,M30 0DF
15-03-2020 12:00,1.25094,12.57331,10.65523,8.35,ECCL,M30 0DF
15-03-2020 13:00,1.01428,8.29633,6.74113,10.625,ECCL,M30 0DF
15-03-2020 14:00,1.4876,11.07894,8.79798,11.725,ECCL,M30 0DF
15-03-2020 15:00,1.55522,10.56364,8.17901,12.8,ECCL,M30 0DF
15-03-2020 16:00,1.01428,8.81163,7.25643,12.65,ECCL,M30 0DF
15-03-2020 17:00,0.87904,8.81163,7.46379,13.85,ECCL,M30 0DF
15-03-2020 18:00,0.77761,10.20294,9.01061,11.5,ECCL,M30 0DF
15-03-2020 19:00,1.14951,17.72631,15.96375,13.025,ECCL,M30 0DF
15-03-2020 20:00,0.47333,11.74883,11.02307,13.425,ECCL,M30 0DF
15-03-2020 21:00,0.64237,12.77943,11.79447,15.375,ECCL,M30 0DF
15-03-2020 22:00,0.60857,13.14014,12.20702,15.25,ECCL,M30 0DF
15-03-2020 23:00,0.54095,10.25446,9.42502,16,ECCL,M30 0DF
16-03-2020 00:00,1.14951,11.43965,9.67709,15.45,ECCL,M30 0DF
16-03-2020 01:00,0.9474,9.90243,8.44977,17.625,ECCL,M30 0DF
16-03-2020 02:00,0.22557,5.22628,4.88041,15.275,ECCL,M30 0DF
16-03-2020 03:00,0.37219,4.69334,4.12265,17.9,ECCL,M30 0DF
16-03-2020 04:00,0.40603,6.13745,5.51488,19.225,ECCL,M30 0DF
16-03-2020 05:00,0.40603,5.57012,4.94755,15.825,ECCL,M30 0DF
16-03-2020 06:00,0.50754,8.04573,7.26751,14.975,ECCL,M30 0DF
16-03-2020 07:00,1.08275,26.50964,24.84945,15.85,ECCL,M30 0DF
16-03-2020 08:00,6.09045,51.36887,42.03032,19.8,ECCL,M30 0DF
16-03-2020 09:00,11.23349,63.07643,45.85199,20.575,ECCL,M30 0DF
16-03-2020 10:00,5.78592,38.4235,29.55188,22.975,ECCL,M30 0DF
16-03-2020 11:00,3.95879,23.82773,17.75767,16.325,ECCL,M30 0DF
16-03-2020 12:00,3.75578,21.71315,15.95437,14.65,ECCL,M30 0DF
16-03-2020 13:00,3.78961,20.11432,14.30366,18.525,ECCL,M30 0DF
16-03-2020 14:00,2.40234,14.9568,11.27326,15.55,ECCL,M30 0DF
16-03-2020 15:00,2.7407,19.03124,14.82889,17.3,ECCL,M30 0DF
16-03-2020 16:00,2.36851,17.84501,14.21335,16.875,ECCL,M30 0DF
16-03-2020 17:00,2.47001,23.8793,20.092,15.375,ECCL,M30 0DF
16-03-2020 18:00,1.59028,19.03124,16.59284,11.8,ECCL,M30 0DF
16-03-2020 19:00,1.25193,16.91666,14.99706,9.55,ECCL,M30 0DF
16-03-2020 20:00,0.98124,14.69892,13.19438,8.2,ECCL,M30 0DF
16-03-2020 21:00,0.74439,10.52133,9.37996,8.925,ECCL,M30 0DF
16-03-2020 22:00,0.87973,11.60441,10.25551,9.1,ECCL,M30 0DF
16-03-2020 23:00,0.74439,10.46976,9.32838,8.7,ECCL,M30 0DF
17-03-2020 00:00,0.60904,6.91107,5.97722,9.125,ECCL,M30 0DF
17-03-2020 01:00,0.40635,6.12562,5.50256,9.05,ECCL,M30 0DF
17-03-2020 02:00,0.40635,4.0608,3.43774,5.25,ECCL,M30 0DF
17-03-2020 03:00,0.2709,4.49097,4.0756,3.15,ECCL,M30 0DF
17-03-2020 04:00,0.30476,4.85232,4.38502,2.675,ECCL,M30 0DF
17-03-2020 05:00,0.57566,7.8463,6.96363,1.575,ECCL,M30 0DF
17-03-2020 06:00,0.94815,15.58935,14.13554,1.85,ECCL,M30 0DF
17-03-2020 07:00,1.18519,17.60255,15.78529,2.4,ECCL,M30 0DF
17-03-2020 08:00,4.02963,35.30833,29.12965,7.375,ECCL,M30 0DF
17-03-2020 09:00,4.40212,31.69491,24.94509,7.35,ECCL,M30 0DF
17-03-2020 10:00,3.38625,26.89421,21.70204,9.625,ECCL,M30 0DF
17-03-2020 11:00,3.58942,25.50046,19.99676,8.825,ECCL,M30 0DF
17-03-2020 12:00,2.84445,19.15116,14.78973,12.375,ECCL,M30 0DF
17-03-2020 13:00,2.30265,15.27963,11.74895,11.75,ECCL,M30 0DF
17-03-2020 14:00,1.96402,14.66019,11.64873,20.6,ECCL,M30 0DF
17-03-2020 15:00,1.55767,16.87986,14.49146,18.425,ECCL,M30 0DF
17-03-2020 16:00,2.03175,14.76343,11.64812,23.175,ECCL,M30 0DF
17-03-2020 17:00,1.42222,13.36968,11.18897,13.425,ECCL,M30 0DF
17-03-2020 18:00,1.11746,11.71782,10.00441,15.45,ECCL,M30 0DF
17-03-2020 19:00,0.91429,9.70463,8.30274,9.7,ECCL,M30 0DF
17-03-2020 20:00,0.5418,7.17523,6.34448,6.4,ECCL,M30 0DF
17-03-2020 21:00,0.47407,6.40093,5.67402,5.275,ECCL,M30 0DF
17-03-2020 22:00,0.37249,5.26528,4.69414,5.5,ECCL,M30 0DF
17-03-2020 23:00,0.50794,5.67824,4.89942,7.525,ECCL,M30 0DF
18-03-2020 00:00,0.40635,5.98796,5.3649,6.425,ECCL,M30 0DF
18-03-2020 01:00,0.40667,4.40879,3.78525,3.875,ECCL,M30 0DF
18-03-2020 02:00,0.49704,4.9599,4.19778,2.425,ECCL,M30 0DF
18-03-2020 03:00,0.37278,3.87492,3.30333,1.3,ECCL,M30 0DF
18-03-2020 04:00,0.50834,4.49491,3.71547,1.4,ECCL,M30 0DF
18-03-2020 05:00,0.47445,7.28484,6.55737,5.1,ECCL,M30 0DF
18-03-2020 06:00,0.9489,12.03808,10.58313,6.975,ECCL,M30 0DF
18-03-2020 07:00,4.43947,33.84095,27.03385,6.7,ECCL,M30 0DF
18-03-2020 08:00,14.13175,73.26177,51.59339,7.85,ECCL,M30 0DF
18-03-2020 09:00,7.52338,48.35897,36.82329,7.75,ECCL,M30 0DF
18-03-2020 10:00,3.76169,30.68935,24.9215,15.4,ECCL,M30 0DF
18-03-2020 11:00,3.1178,24.02449,19.24394,6.1,ECCL,M30 0DF
18-03-2020 12:00,6.10004,32.03265,22.67939,6.175,ECCL,M30 0DF
18-03-2020 13:00,3.62613,26.34944,20.78945,8.65,ECCL,M30 0DF
18-03-2020 14:00,2.84668,23.45617,19.09131,8.175,ECCL,M30 0DF
18-03-2020 15:00,2.30446,19.01293,15.47948,52.5,ECCL,M30 0DF
18-03-2020 16:00,2.03335,20.5629,17.44514,13.85,ECCL,M30 0DF
18-03-2020 17:00,1.89779,23.86949,20.95959,18.375,ECCL,M30 0DF
18-03-2020 18:00,3.99891,36.47589,30.34431,19.425,ECCL,M30 0DF
18-03-2020 19:00,1.66057,30.89601,28.34984,17.55,ECCL,M30 0DF
18-03-2020 20:00,2.88057,36.32089,31.90408,18.625,ECCL,M30 0DF
18-03-2020 21:00,3.1178,36.88921,32.10866,19.875,ECCL,M30 0DF
18-03-2020 22:00,2.60946,32.54931,28.54819,19.525,ECCL,M30 0DF
18-03-2020 23:00,11.25118,65.35694,48.10538,19.125,ECCL,M30 0DF
19-03-2020 00:00,5.86281,59.00208,50.01256,19.7,ECCL,M30 0DF
19-03-2020 01:00,5.47174,52.46919,44.07931,19,ECCL,M30 0DF
19-03-2020 02:00,3.6629,49.2976,43.68123,17.075,ECCL,M30 0DF
19-03-2020 03:00,7.05447,51.96932,41.15261,15.475,ECCL,M30 0DF
19-03-2020 04:00,4.88387,47.26364,39.77515,17.85,ECCL,M30 0DF
19-03-2020 05:00,24.5889,82.11669,44.41423,19.875,ECCL,M30 0DF
19-03-2020 06:00,21.26516,78.96233,46.35621,19.375,ECCL,M30 0DF
19-03-2020 07:00,44.76876,126.79479,58.15031,23.2,ECCL,M30 0DF
19-03-2020 08:00,54.84173,141.58407,57.49459,29.95,ECCL,M30 0DF
19-03-2020 09:00,47.21069,127.57045,55.18173,29.45,ECCL,M30 0DF
19-03-2020 10:00,13.29497,57.03697,36.65164,18.35,ECCL,M30 0DF
19-03-2020 11:00,12.04008,54.86512,36.40392,17.1,ECCL,M30 0DF
19-03-2020 12:00,6.85098,35.93898,25.4343,12.775,ECCL,M30 0DF
19-03-2020 13:00,7.80062,35.62872,23.66794,11.8,ECCL,M30 0DF
19-03-2020 14:00,7.19013,27.8721,16.84738,13.8,ECCL,M30 0DF
19-03-2020 15:00,4.81603,24.71775,17.33326,33.275,ECCL,M30 0DF
19-03-2020 16:00,6.51182,31.6987,21.71405,27.8,ECCL,M30 0DF
19-03-2020 17:00,5.86742,35.16332,26.16673,15.525,ECCL,M30 0DF
19-03-2020 18:00,10.10689,51.19366,35.69664,16.525,ECCL,M30 0DF
19-03-2020 19:00,7.3258,44.6781,33.44537,22.55,ECCL,M30 0DF
19-03-2020 20:00,4.13772,36.55951,30.2151,23.35,ECCL,M30 0DF
19-03-2020 21:00,6.07092,44.10928,34.80067,23.675,ECCL,M30 0DF
19-03-2020 22:00,3.83248,39.35189,33.47551,20.55,ECCL,M30 0DF
19-03-2020 23:00,7.22405,54.50314,43.42642,22.2,ECCL,M30 0DF
20-03-2020 00:00,6.37616,57.55408,47.77744,22.825,ECCL,M30 0DF
20-03-2020 01:00,2.53436,41.61179,37.72582,24.5,ECCL,M30 0DF
20-03-2020 02:00,1.62923,30.50151,28.00339,21.45,ECCL,M30 0DF
20-03-2020 03:00,1.59529,24.68759,22.24151,19.8,ECCL,M30 0DF
20-03-2020 04:00,1.62923,16.19962,13.70149,17.175,ECCL,M30 0DF
20-03-2020 05:00,2.0026,19.61551,16.5449,14.45,ECCL,M30 0DF
20-03-2020 06:00,2.78327,28.207,23.93937,13.55,ECCL,M30 0DF
20-03-2020 07:00,8.48559,46.47685,33.46579,14.35,ECCL,M30 0DF
20-03-2020 08:00,17.34455,68.11085,41.51624,18.425,ECCL,M30 0DF
20-03-2020 09:00,15.1383,56.8798,33.66807,16.7,ECCL,M30 0DF
20-03-2020 10:00,6.99213,31.31236,20.59124,14.05,ECCL,M30 0DF
20-03-2020 11:00,5.80415,24.48057,15.581,12.725,ECCL,M30 0DF
20-03-2020 12:00,3.90337,19.61551,13.63042,12.975,ECCL,M30 0DF
20-03-2020 13:00,3.73366,17.59703,11.87216,11.675,ECCL,M30 0DF
20-03-2020 14:00,3.69972,17.95932,12.2865,11.525,ECCL,M30 0DF
20-03-2020 15:00,3.59789,18.32161,12.80492,11.425,ECCL,M30 0DF
20-03-2020 16:00,3.46212,20.4436,15.13509,10.975,ECCL,M30 0DF
20-03-2020 17:00,3.73366,23.8595,18.13463,11.525,ECCL,M30 0DF
20-03-2020 18:00,1.96866,17.23474,14.21617,9.05,ECCL,M30 0DF
20-03-2020 19:00,1.93471,21.53048,18.56396,10,ECCL,M30 0DF
20-03-2020 20:00,1.22193,20.18483,18.31123,10.575,ECCL,M30 0DF
20-03-2020 21:00,1.45952,20.85765,18.61975,13.075,ECCL,M30 0DF
20-03-2020 22:00,0.74673,16.30313,15.15815,13.85,ECCL,M30 0DF
20-03-2020 23:00,0.95039,15.47503,14.01779,12.425,ECCL,M30 0DF
21-03-2020 00:00,0.47519,12.52494,11.79632,13.55,ECCL,M30 0DF
21-03-2020 01:00,0.49821,11.05092,10.287,14.8,ECCL,M30 0DF
21-03-2020 02:00,0.54351,11.18905,10.35569,14.65,ECCL,M30 0DF
21-03-2020 03:00,0.61144,10.67104,9.73351,14.85,ECCL,M30 0DF
21-03-2020 04:00,0.33969,6.42334,5.90249,11.025,ECCL,M30 0DF
21-03-2020 05:00,0.20381,5.43912,5.12661,10.175,ECCL,M30 0DF
21-03-2020 06:00,0.23778,6.99316,6.62856,13.5,ECCL,M30 0DF
21-03-2020 07:00,0.71335,11.70706,10.61328,16.475,ECCL,M30 0DF
21-03-2020 08:00,1.12098,13.5719,11.8531,19.95,ECCL,M30 0DF
21-03-2020 09:00,1.9702,15.85115,12.83022,20.45,ECCL,M30 0DF
21-03-2020 10:00,1.59654,12.74309,10.29509,16.875,ECCL,M30 0DF
21-03-2020 11:00,1.90227,11.13725,8.22048,14,ECCL,M30 0DF
21-03-2020 12:00,2.10608,11.81067,8.58139,11.425,ECCL,M30 0DF
21-03-2020 13:00,1.80036,10.51564,7.75513,14.55,ECCL,M30 0DF
21-03-2020 14:00,1.73242,9.84222,7.18588,13.55,ECCL,M30 0DF
21-03-2020 15:00,1.49464,10.20483,7.91309,14.95,ECCL,M30 0DF
21-03-2020 16:00,1.29082,9.68682,7.70758,11.075,ECCL,M30 0DF
21-03-2020 17:00,1.15495,9.99762,8.22673,14.825,ECCL,M30 0DF
21-03-2020 18:00,1.01907,12.38048,10.81792,15,ECCL,M30 0DF
21-03-2020 19:00,0.81526,14.40072,13.15068,16.1,ECCL,M30 0DF
21-03-2020 20:00,0.78129,14.91873,13.72078,14.875,ECCL,M30 0DF
21-03-2020 21:00,0.71335,17.50879,16.41501,17.85,ECCL,M30 0DF
21-03-2020 22:00,0.47557,14.55613,13.82694,17.425,ECCL,M30 0DF
21-03-2020 23:00,0.64541,12.48408,11.49446,14.95,ECCL,M30 0DF
22-03-2020 00:00,0.61144,14.86693,13.9294,18.4,ECCL,M30 0DF
22-03-2020 01:00,0.58926,16.31432,15.41081,17.975,ECCL,M30 0DF
22-03-2020 02:00,0.4986,11.68271,10.9182,16.3,ECCL,M30 0DF
22-03-2020 03:00,0.47594,11.66543,10.93567,15.275,ECCL,M30 0DF
22-03-2020 04:00,0.95188,16.17606,14.71654,15.7,ECCL,M30 0DF
22-03-2020 05:00,0.84989,15.6576,14.35445,15.675,ECCL,M30 0DF
22-03-2020 06:00,0.74791,15.81314,14.66637,15.65,ECCL,M30 0DF
22-03-2020 07:00,1.35983,19.80531,17.72027,17.15,ECCL,M30 0DF
22-03-2020 08:00,2.14173,23.79748,20.51354,17.225,ECCL,M30 0DF
22-03-2020 09:00,1.93775,14.8799,11.90873,18.5,ECCL,M30 0DF
22-03-2020 10:00,1.83577,11.97651,9.16171,17.5,ECCL,M30 0DF
22-03-2020 11:00,1.86976,11.04327,8.17635,15.75,ECCL,M30 0DF
22-03-2020 12:00,2.54967,13.94667,10.03723,20.1,ECCL,M30 0DF
22-03-2020 13:00,2.61767,14.82806,10.81436,17.225,ECCL,M30 0DF
22-03-2020 14:00,2.58367,14.77621,10.81464,16.825,ECCL,M30 0DF
22-03-2020 15:00,2.41369,14.8799,11.17896,15.625,ECCL,M30 0DF
22-03-2020 16:00,2.31171,16.85007,13.3055,18.15,ECCL,M30 0DF
22-03-2020 17:00,1.5638,14.41329,12.01549,17.35,ECCL,M30 0DF
22-03-2020 18:00,1.15585,15.13914,13.36686,17.85,ECCL,M30 0DF
22-03-2020 19:00,0.98587,16.79822,15.28657,20.975,ECCL,M30 0DF
22-03-2020 20:00,1.18985,22.65686,20.83245,23.525,ECCL,M30 0DF
22-03-2020 21:00,4.01149,37.17384,31.02298,28.575,ECCL,M30 0DF
22-03-2020 22:00,0.98587,20.42746,18.91581,24.75,ECCL,M30 0DF
22-03-2020 23:00,0.71391,16.53899,15.44434,21.675,ECCL,M30 0DF
23-03-2020 00:00,0.64592,12.54682,11.55643,19.325,ECCL,M30 0DF
23-03-2020 01:00,0.54436,10.10156,9.26689,19.575,ECCL,M30 0DF
23-03-2020 02:00,0.45363,11.55452,10.85896,19.9,ECCL,M30 0DF
23-03-2020 03:00,0.40827,12.86911,12.2431,19.65,ECCL,M30 0DF
23-03-2020 04:00,0.51033,13.90694,13.12444,21,ECCL,M30 0DF
23-03-2020 05:00,3.8105,42.3954,36.55272,20.975,ECCL,M30 0DF
23-03-2020 06:00,24.76823,88.21564,50.23822,22.8,ECCL,M30 0DF
23-03-2020 07:00,32.18509,108.81659,59.46681,28.75,ECCL,M30 0DF
23-03-2020 08:00,16.50081,73.47844,48.17755,39.6,ECCL,M30 0DF
23-03-2020 09:00,8.30144,50.28292,37.55422,32.2,ECCL,M30 0DF
23-03-2020 10:00,6.63435,38.76299,28.59047,26.75,ECCL,M30 0DF
23-03-2020 11:00,5.13737,29.63008,21.75289,22.65,ECCL,M30 0DF
23-03-2020 12:00,4.83117,27.55442,20.14673,25.85,ECCL,M30 0DF
23-03-2020 13:00,4.21876,26.36091,19.89223,25.375,ECCL,M30 0DF
23-03-2020 14:00,3.33419,22.7285,17.61616,22.575,ECCL,M30 0DF
23-03-2020 15:00,3.47027,25.58254,20.26152,23.45,ECCL,M30 0DF
23-03-2020 16:00,3.02798,25.32308,20.68024,24.2,ECCL,M30 0DF
23-03-2020 17:00,2.72178,26.46469,22.29135,23.725,ECCL,M30 0DF
23-03-2020 18:00,2.34754,33.57384,29.97433,28.375,ECCL,M30 0DF
23-03-2020 19:00,2.1434,42.23973,38.95322,40.775,ECCL,M30 0DF
23-03-2020 20:00,1.531,39.59326,37.24575,34.2,ECCL,M30 0DF
23-03-2020 21:00,4.01463,45.35322,39.19754,26.85,ECCL,M30 0DF
23-03-2020 22:00,2.44961,48.98563,45.22962,31.95,ECCL,M30 0DF
23-03-2020 23:00,1.39491,35.23437,33.09553,26.75,ECCL,M30 0DF
24-03-2020 00:00,0.9186,30.56413,29.15562,28.425,ECCL,M30 0DF
24-03-2020 01:00,0.90797,28.73834,27.34613,29.025,ECCL,M30 0DF
24-03-2020 02:00,1.13496,30.81581,29.07555,29.7,ECCL,M30 0DF
24-03-2020 03:00,0.81718,24.92964,23.67666,23.925,ECCL,M30 0DF
24-03-2020 04:00,0.88527,25.18933,23.83193,25.2,ECCL,M30 0DF
24-03-2020 05:00,0.85122,25.91644,24.61125,23.225,ECCL,M30 0DF
24-03-2020 06:00,0.78313,24.25446,23.05369,28.5,ECCL,M30 0DF
24-03-2020 07:00,3.43894,45.28885,40.01588,35.7,ECCL,M30 0DF
24-03-2020 08:00,7.49077,55.31264,43.82696,47.1,ECCL,M30 0DF
24-03-2020 09:00,8.54628,50.48252,37.37841,41.325,ECCL,M30 0DF
24-03-2020 10:00,6.67359,39.0045,28.77181,39.45,ECCL,M30 0DF
24-03-2020 11:00,4.42636,27.73423,20.94723,46.3,ECCL,M30 0DF
24-03-2020 12:00,3.74538,24.04672,18.30388,46.5,ECCL,M30 0DF
24-03-2020 13:00,2.99631,20.87858,16.2843,44.775,ECCL,M30 0DF
24-03-2020 14:00,1.5322,14.6981,12.34876,40.475,ECCL,M30 0DF
24-03-2020 15:00,1.05552,13.91905,12.30061,45.35,ECCL,M30 0DF
24-03-2020 16:00,1.25981,16.41201,14.48033,45.625,ECCL,M30 0DF
24-03-2020 17:00,0.95337,17.60656,16.14475,41.25,ECCL,M30 0DF
24-03-2020 18:00,0.78313,19.06079,17.86001,44.025,ECCL,M30 0DF
24-03-2020 19:00,0.44264,18.43755,17.75885,41.725,ECCL,M30 0DF
24-03-2020 20:00,0.51073,17.81431,17.03119,39.075,ECCL,M30 0DF
24-03-2020 21:00,0.85122,22.48861,21.18342,43.575,ECCL,M30 0DF
24-03-2020 22:00,0.54478,18.85304,18.01772,44.85,ECCL,M30 0DF
24-03-2020 23:00,0.88527,23.89091,22.53351,48.525,ECCL,M30 0DF
25-03-2020 00:00,1.29386,24.92964,22.94575,38.475,ECCL,M30 0DF
25-03-2020 01:00,1.36302,21.41656,19.32663,35.425,ECCL,M30 0DF
25-03-2020 02:00,1.45389,32.09019,29.86092,37.625,ECCL,M30 0DF
25-03-2020 03:00,1.56748,22.30026,19.89683,33.425,ECCL,M30 0DF
25-03-2020 04:00,1.02227,17.82981,16.26236,33.375,ECCL,M30 0DF
25-03-2020 05:00,0.95412,18.34963,16.88667,31.725,ECCL,M30 0DF
25-03-2020 06:00,1.60155,29.78566,27.32998,27.85,ECCL,M30 0DF
25-03-2020 07:00,18.53711,89.40895,60.98578,37.525,ECCL,M30 0DF
25-03-2020 08:00,12.36943,73.13861,54.17241,37.5,ECCL,M30 0DF
25-03-2020 09:00,7.18995,47.04367,36.01924,32.975,ECCL,M30 0DF
25-03-2020 10:00,6.91734,43.24898,32.64254,35.9,ECCL,M30 0DF
25-03-2020 11:00,6.88327,41.4816,30.9274,43.625,ECCL,M30 0DF
25-03-2020 12:00,4.15722,27.49845,21.12414,46.475,ECCL,M30 0DF
25-03-2020 13:00,2.21491,16.79017,13.39402,37.2,ECCL,M30 0DF
25-03-2020 14:00,1.80601,15.43864,12.66947,36.725,ECCL,M30 0DF
25-03-2020 15:00,1.3971,14.50296,12.36078,33.825,ECCL,M30 0DF
25-03-2020 16:00,1.12449,15.49062,13.76642,36.425,ECCL,M30 0DF
25-03-2020 17:00,null,null,null,33.925,ECCL,M30 0DF
25-03-2020 18:00,0.99955,26.12959,24.59697,33.85,ECCL,M30 0DF
25-03-2020 19:00,0.71559,31.65701,30.55979,35.675,ECCL,M30 0DF
25-03-2020 20:00,1.15857,47.5115,45.73506,44.675,ECCL,M30 0DF
25-03-2020 21:00,10.08637,86.9658,71.50025,42.325,ECCL,M30 0DF
25-03-2020 22:00,12.91464,102.04057,82.2384,50.975,ECCL,M30 0DF
25-03-2020 23:00,26.17004,121.01398,80.88715,61.075,ECCL,M30 0DF
26-03-2020 00:00,26.61302,116.28362,75.47756,58,ECCL,M30 0DF
26-03-2020 01:00,17.09658,94.13446,67.92007,56.1,ECCL,M30 0DF
26-03-2020 02:00,7.41155,72.6299,61.26569,52.875,ECCL,M30 0DF
26-03-2020 03:00,11.15142,72.10963,55.01102,49.425,ECCL,M30 0DF
26-03-2020 04:00,6.61583,57.90622,47.76209,44.15,ECCL,M30 0DF
26-03-2020 05:00,11.21963,63.00488,45.80169,44.175,ECCL,M30 0DF
26-03-2020 06:00,11.08322,62.58866,45.59463,49.4,ECCL,M30 0DF
26-03-2020 07:00,33.69299,104.52254,52.86069,53.925,ECCL,M30 0DF
26-03-2020 08:00,43.34391,124.34488,57.88515,59.175,ECCL,M30 0DF
26-03-2020 09:00,36.62578,113.93946,57.78072,60.575,ECCL,M30 0DF
26-03-2020 10:00,14.66395,64.98191,42.4975,52.525,ECCL,M30 0DF
26-03-2020 11:00,6.85455,40.68523,30.17508,44.35,ECCL,M30 0DF
26-03-2020 12:00,7.19557,40.42509,29.39205,42.225,ECCL,M30 0DF
26-03-2020 13:00,3.61484,26.27371,20.73104,18.65,ECCL,M30 0DF
26-03-2020 14:00,4.33098,28.87507,22.23432,25.625,ECCL,M30 0DF
26-03-2020 15:00,6.58173,39.02036,28.92852,31.925,ECCL,M30 0DF
26-03-2020 16:00,5.55866,41.51767,32.9945,30.5,ECCL,M30 0DF
26-03-2020 17:00,3.0351,34.38995,29.7362,39.05,ECCL,M30 0DF
26-03-2020 18:00,2.59177,41.25753,37.28354,46.4,ECCL,M30 0DF
26-03-2020 19:00,1.43229,41.46564,39.26949,50.375,ECCL,M30 0DF
26-03-2020 20:00,1.36409,52.59945,50.50787,59.425,ECCL,M30 0DF
26-03-2020 21:00,1.26178,43.13051,41.1958,49.75,ECCL,M30 0DF
26-03-2020 22:00,1.26178,38.65617,36.72147,56.225,ECCL,M30 0DF
26-03-2020 23:00,1.4664,34.33792,32.08948,58.85,ECCL,M30 0DF
27-03-2020 00:00,2.04613,30.95615,27.81879,53.125,ECCL,M30 0DF
27-03-2020 01:00,1.00111,26.66104,25.12602,48.4,ECCL,M30 0DF
27-03-2020 02:00,4.414,42.90761,36.13958,48.25,ECCL,M30 0DF
27-03-2020 03:00,1.058,28.4315,26.80927,47.325,ECCL,M30 0DF
27-03-2020 04:00,0.78496,26.50483,25.30123,50.975,ECCL,M30 0DF
27-03-2020 05:00,1.60406,30.09782,27.6383,49.525,ECCL,M30 0DF
27-03-2020 06:00,1.5358,28.32736,25.9725,49.225,ECCL,M30 0DF
27-03-2020 07:00,3.68592,43.16798,37.51632,49.025,ECCL,M30 0DF
27-03-2020 08:00,8.08854,57.74823,45.34598,54.975,ECCL,M30 0DF
27-03-2020 09:00,7.57661,44.626,33.0087,53.175,ECCL,M30 0DF
27-03-2020 10:00,3.44702,26.45275,21.16741,45.15,ECCL,M30 0DF
27-03-2020 11:00,6.79164,35.87785,25.46414,44.175,ECCL,M30 0DF
27-03-2020 12:00,5.563,35.56541,27.03559,42.525,ECCL,M30 0DF
27-03-2020 13:00,4.98281,33.74288,26.10267,36.95,ECCL,M30 0DF
27-03-2020 14:00,5.76778,36.13821,27.29441,35.875,ECCL,M30 0DF
27-03-2020 15:00,3.0716,27.39005,22.68034,38.3,ECCL,M30 0DF
27-03-2020 16:00,4.19785,35.25298,28.81637,36.85,ECCL,M30 0DF
27-03-2020 17:00,3.5494,33.63874,28.1964,34.425,ECCL,M30 0DF
27-03-2020 18:00,2.62792,32.49314,28.46372,27.85,ECCL,M30 0DF
27-03-2020 19:00,1.46754,25.46338,23.21318,34.525,ECCL,M30 0DF
27-03-2020 20:00,0.95561,22.85976,21.39452,37.075,ECCL,M30 0DF
27-03-2020 21:00,0.92148,26.9214,25.50849,39.75,ECCL,M30 0DF
27-03-2020 22:00,1.33103,29.42088,27.38,39.225,ECCL,M30 0DF
27-03-2020 23:00,2.15012,29.52502,26.22822,41.225,ECCL,M30 0DF
28-03-2020 00:00,0.81909,21.29759,20.04167,44.65,ECCL,M30 0DF
28-03-2020 01:00,0.40987,18.06742,17.43896,41.9,ECCL,M30 0DF
28-03-2020 02:00,0.27324,11.46586,11.04689,35.775,ECCL,M30 0DF
28-03-2020 03:00,0.18216,8.19983,7.92052,23.3,ECCL,M30 0DF
28-03-2020 04:00,0.34155,9.32904,8.80533,11.075,ECCL,M30 0DF
28-03-2020 05:00,0.10247,5.99352,5.83641,7.85,ECCL,M30 0DF
28-03-2020 06:00,0.23909,7.29646,6.92986,7.3,ECCL,M30 0DF
28-03-2020 07:00,0.51233,10.9968,10.21124,8.5,ECCL,M30 0DF
28-03-2020 08:00,1.46869,14.07174,11.81978,9.925,ECCL,M30 0DF
28-03-2020 09:00,2.01517,16.15644,13.06655,10.575,ECCL,M30 0DF
28-03-2020 10:00,1.537,13.23786,10.88116,13.85,ECCL,M30 0DF
28-03-2020 11:00,1.46869,11.15316,8.9012,13.325,ECCL,M30 0DF
28-03-2020 12:00,1.74193,13.28997,10.61905,16.625,ECCL,M30 0DF
28-03-2020 13:00,1.8444,13.60268,10.77464,10.95,ECCL,M30 0DF
28-03-2020 14:00,2.1518,16.78185,13.48248,12.175,ECCL,M30 0DF
28-03-2020 15:00,1.19544,11.15316,9.32017,19.8,ECCL,M30 0DF
28-03-2020 16:00,1.2296,12.29974,10.41438,13.75,ECCL,M30 0DF
28-03-2020 17:00,1.19544,12.29974,10.46676,13.275,ECCL,M30 0DF
28-03-2020 18:00,0.88804,10.37139,9.00975,15.475,ECCL,M30 0DF
28-03-2020 19:00,1.09298,13.28997,11.6141,16.925,ECCL,M30 0DF
28-03-2020 20:00,0.68311,9.01634,7.96892,16.4,ECCL,M30 0DF
28-03-2020 21:00,0.47818,9.06845,8.33526,17.1,ECCL,M30 0DF
28-03-2020 22:00,0.88804,10.37139,9.00975,14.675,ECCL,M30 0DF
28-03-2020 23:00,0.54649,6.8274,5.98946,13.55,ECCL,M30 0DF
29-03-2020 00:00,0.88804,8.65151,7.28987,35.725,ECCL,M30 0DF
29-03-2020 01:00,0.18231,4.45122,4.17169,18.525,ECCL,M30 0DF
29-03-2020 02:00,0.13673,3.47752,3.26787,13.65,ECCL,M30 0DF
29-03-2020 03:00,0.10255,3.28625,3.12902,12.15,ECCL,M30 0DF
29-03-2020 04:00,0.03418,2.97328,2.92086,10.65,ECCL,M30 0DF
29-03-2020 05:00,0.10255,3.4949,3.33767,10.75,ECCL,M30 0DF
29-03-2020 06:00,0.63807,5.21628,4.23792,12.125,ECCL,M30 0DF
29-03-2020 07:00,0.30764,5.7379,5.2662,11.25,ECCL,M30 0DF
29-03-2020 08:00,0.54691,7.92874,7.09015,13.175,ECCL,M30 0DF
29-03-2020 09:00,0.68364,7.19846,6.15022,13.3,ECCL,M30 0DF
29-03-2020 10:00,0.82037,7.40711,6.14923,12.175,ECCL,M30 0DF
29-03-2020 11:00,1.3331,8.86767,6.8236,10.8,ECCL,M30 0DF
29-03-2020 12:00,1.67492,11.4758,8.90762,10.825,ECCL,M30 0DF
29-03-2020 13:00,1.81165,11.0585,8.28067,11.35,ECCL,M30 0DF
29-03-2020 14:00,1.12801,8.86767,7.13808,11.25,ECCL,M30 0DF
29-03-2020 15:00,1.46983,9.91092,7.65721,12.25,ECCL,M30 0DF
29-03-2020 16:00,0.88874,6.88548,5.52277,8.55,ECCL,M30 0DF
29-03-2020 17:00,0.78619,7.9809,6.77543,10.675,ECCL,M30 0DF
29-03-2020 18:00,0.64946,8.45036,7.45454,11.95,ECCL,M30 0DF
29-03-2020 19:00,0.75201,10.84985,9.69679,12.35,ECCL,M30 0DF
29-03-2020 20:00,0.44437,11.78878,11.10743,12.225,ECCL,M30 0DF
29-03-2020 21:00,0.71783,15.85748,14.75683,12.075,ECCL,M30 0DF
29-03-2020 22:00,1.98256,29.21114,26.17125,12.925,ECCL,M30 0DF
29-03-2020 23:00,1.9142,36.8269,33.89183,15.5,ECCL,M30 0DF
30-03-2020 00:00,0.5811,26.13353,25.24253,16.125,ECCL,M30 0DF
30-03-2020 01:00,0.36489,15.45355,14.89406,12,ECCL,M30 0DF
30-03-2020 02:00,0.59295,25.05981,24.15063,14.725,ECCL,M30 0DF
30-03-2020 03:00,1.5736,35.55361,33.14078,15.175,ECCL,M30 0DF
30-03-2020 04:00,1.23152,36.12789,34.2396,13.425,ECCL,M30 0DF
30-03-2020 05:00,13.6493,70.3763,49.44767,18.35,ECCL,M30 0DF
30-03-2020 06:00,17.61752,81.75764,54.74448,24.6,ECCL,M30 0DF
30-03-2020 07:00,35.98763,122.11437,66.93411,28.4,ECCL,M30 0DF
30-03-2020 08:00,34.65349,113.34344,60.20883,23.1,ECCL,M30 0DF
30-03-2020 09:00,5.23394,30.69827,22.673,11.475,ECCL,M30 0DF
30-03-2020 10:00,2.90775,17.59408,13.1356,11.05,ECCL,M30 0DF
30-03-2020 11:00,3.72876,18.74265,13.0253,12.625,ECCL,M30 0DF
30-03-2020 12:00,2.56566,17.28083,13.34688,14.275,ECCL,M30 0DF
30-03-2020 13:00,2.08674,15.71459,12.51497,13.2,ECCL,M30 0DF
30-03-2020 14:00,4.78923,32.78659,25.44321,17.175,ECCL,M30 0DF
30-03-2020 15:00,3.31825,26.46943,21.38151,14.7,ECCL,M30 0DF
30-03-2020 16:00,2.63408,22.81487,18.77601,13.325,ECCL,M30 0DF
30-03-2020 17:00,1.91569,18.11616,15.1788,8.425,ECCL,M30 0DF
30-03-2020 18:00,2.18936,16.23667,12.8797,7.2,ECCL,M30 0DF
30-03-2020 19:00,1.33414,15.97563,13.92997,8,ECCL,M30 0DF
30-03-2020 20:00,1.1631,16.08005,14.29665,8.825,ECCL,M30 0DF
30-03-2020 21:00,0.99206,15.55797,14.03684,9.15,ECCL,M30 0DF
30-03-2020 22:00,3.93401,21.77071,15.73865,14,ECCL,M30 0DF
30-03-2020 23:00,0.71838,10.07613,8.97463,10.75,ECCL,M30 0DF
31-03-2020 00:00,0.23946,6.16054,5.79337,10.425,ECCL,M30 0DF
31-03-2020 01:00,0.18259,6.96709,6.68712,11.425,ECCL,M30 0DF
31-03-2020 02:00,0.22824,6.75807,6.40812,10.75,ECCL,M30 0DF
31-03-2020 03:00,0.30812,6.47939,6.00695,9.65,ECCL,M30 0DF
31-03-2020 04:00,0.82165,9.77134,8.51149,3.475,ECCL,M30 0DF
31-03-2020 05:00,0.95859,14.52637,13.05655,3.75,ECCL,M30 0DF
31-03-2020 06:00,1.26671,21.42379,19.48152,5.125,ECCL,M30 0DF
31-03-2020 07:00,4.10825,38.2493,31.95007,4.475,ECCL,M30 0DF
31-03-2020 08:00,6.0939,37.67451,28.33066,5.075,ECCL,M30 0DF
31-03-2020 09:00,2.53342,22.31209,18.42757,9.325,ECCL,M30 0DF
31-03-2020 10:00,2.63613,22.62561,18.5836,12.025,ECCL,M30 0DF
31-03-2020 11:00,2.77307,22.57336,18.32138,29.825,ECCL,M30 0DF
31-03-2020 12:00,2.77307,18.07959,13.82761,23.3,ECCL,M30 0DF
31-03-2020 13:00,2.2253,19.22916,15.81707,11.2,ECCL,M30 0DF
31-03-2020 14:00,2.73883,21.73731,17.53782,26.6,ECCL,M30 0DF
31-03-2020 15:00,2.56766,15.25792,11.3209,11.775,ECCL,M30 0DF
31-03-2020 16:00,1.71177,18.60212,15.97744,16.425,ECCL,M30 0DF
31-03-2020 17:00,1.71177,24.40222,21.77754,15.6,ECCL,M30 0DF
31-03-2020 18:00,5.37496,39.55563,31.31414,16.425,ECCL,M30 0DF
31-03-2020 19:00,1.50636,31.50864,29.19893,15.4,ECCL,M30 0DF
31-03-2020 20:00,0.99283,23.61842,22.09611,12.025,ECCL,M30 0DF
31-03-2020 21:00,1.23248,20.7445,18.85473,10.925,ECCL,M30 0DF
31-03-2020 22:00,1.71177,21.31928,18.6946,8.8,ECCL,M30 0DF
31-03-2020 23:00,0.89012,16.72101,15.35617,9,ECCL,M30 0DF
